Sample_ID,Cancer_Type,Sample_Type,SetID,X1433EPSILON,X4EBP1,X4EBP1_pS65,X4EBP1_pT37T46,X53BP1,ACC_pS79,ACC1,AKT,AKT_pS473,AKT_pT308,AMPKALPHA,AMPKALPHA_pT172,AR,ASNS,ATM,BAK,BAX,BCL2,BCLXL,BECLIN,BETACATENIN,BID,BIM,CJUN_pS73,CKIT,CMET_pY1235,CMYC,CRAF,CRAF_pS338,CASPASE7CLEAVEDD198,CAVEOLIN1,CD31,CD49B,CDK1,CHK1,CHK1_pS345,CHK2,CHK2_pT68,CIAP,CLAUDIN7,COLLAGENVI,CYCLINB1,CYCLIND1,CYCLINE1,DJ1,DVL3,ECADHERIN,EEF2,EEF2K,EGFR,EGFR_pY1068,EGFR_pY1173,EIF4E,ERALPHA,ERALPHA_pS118,ERK2,FIBRONECTIN,FOXO3A,GAB2,GATA3,GSK3ALPHABETA,GSK3ALPHABETA_pS21S9,HER2,HER2_pY1248,HER3,HER3_pY1289,HSP70,IGFBP2,INPP4B,IRS1,JNK_pT183Y185,JNK2,KU80,LCK,LKB1,MAPK_pT202Y204,MEK1,MEK1_pS217S221,MIG6,MRE11,MTOR,MTOR_pS2448,NCADHERIN,NFKBP65_pS536,NF2,NOTCH1,PCADHERIN,P27,P27_pT157,P38MAPK,P38_pT180Y182,P53,P70S6K1,P70S6K_pT389,P90RSK_pT359S363,PAI1,PAXILLIN,PCNA,PDK1_pS241,PEA15,PI3KP110ALPHA,PKCALPHA,PKCALPHA_pS657,PKCDELTA_pS664,PR,PRAS40_pT246,PTEN,RAD50,RAD51,RB_pS807S811,S6,S6_pS235S236,S6_pS240S244,SHC_pY317,SMAD1,SMAD3,SMAD4,SRC,SRC_pY416,SRC_pY527,STAT3_pY705,STAT5ALPHA,STATHMIN,SYK,TUBERIN,VEGFR2,XRCC1,YAP,YAP_pS127,YB1,YB1_pS102,X4EBP1_pT70,ARAF_pS299,ANNEXINVII,ARID1A,BRAF,BAD_pS112,BAP1C4,BRCA2,CD20,CYCLINE2,ETS1,EIF4G,FASN,FOXO3A_pS318S321,FOXM1,G6PD,GAPDH,GSK3_pS9,HEREGULIN,MYH11,MYOSINIIA_pS1943,NRAS,NDRG1_pT346,P21,P27_pT198,P90RSK,PDCD4,PDK1,PEA15_pS116,PI3KP85,PKCPANBETAII_pS660,PRDX1,RAB11,RAB25,RAPTOR,RBM15,RICTOR,RICTOR_pT1135,SCD1,SF2,TAZ,TIGAR,TRANSGLUTAMINASE,TFRC,TSC1,TUBERIN_pT1462,EPPK1,XBP1,ACETYLATUBULINLYS40,P62LCKLIGAND,X1433BETA,X1433ZETA,ACVRL1,DIRAS3,ANNEXIN1,PREX1,ENY2,GCN5L2,ADAR1,JAB1,CMET,CASPASE8,ERCC1,MSH2,MSH6,PARPCLEAVED,RB,SETD2,SMAC,SNAIL,AXL,MYOSINIIA,SLC1A5,GATA6,BRD4,CDK1_pY15,ARAF,BRAF_pS445,BCL2A1,CABL,CASPASE3,CD26,CHK1_pS296,COG3,DUSP4,ERCC5,IGF1R_pY1135Y1136,IRF1,JAK2,P16INK4A,SHP2_pY542,PDL1,PARP1
TCGA-13-1512-01A-21-1558-20,OV,Primary,35,0.16397,0.27235,-0.87263,-2.5378,0.072995,-1.5578,-0.55246,0.39496,-1.5627,-0.47158,-0.28828,-0.29812,-0.7369,1.2627,0.10745,0.074048,0.26396,-0.81345,-0.13867,0.040295,-0.068096,-0.012687,0.30711,-0.20864,-0.3761,0.011182,-1.1362,-0.14373,-0.30592,0.68064,-1.6821,0.050406,-0.2874,0.32501,0.0057434,-0.090058,0.10739,0.18003,0.36608,2.0362,0.23661,0.82233,-0.065024,0.78607,0.20131,0.42152,0.099684,0.11766,0.61911,0.18177,0.45546,-0.13717,-0.20837,-1.1257,-0.49296,0.21632,0.17029,0.31504,1.5393,0.012045,0.051401,-2.2896,-0.066947,0.1111,-0.11819,0.11511,-0.12921,1.8153,-0.31152,-0.27342,-0.60811,0.57031,-0.21144,0.35841,0.087061,-1.6595,-0.36708,-1.3072,0.064718,0.29838,0.29853,-0.18064,0.59105,-1.6117,-0.83084,0.5847,0.47448,-0.5393,0.064352,-0.51108,-2.0055,0.86881,0.30665,-0.70479,-0.68204,-0.65744,0.00055562,0.46533,0.017982,0.74261,-0.15414,-0.30852,0.36043,0.11515,-0.095425,-0.70083,0.35186,0.2674,0.5312,-2.088,-0.11543,-1.4552,-0.867,0.19417,0.21186,-0.2018,-0.094689,-0.12463,0.0068177,-1.803,-0.4026,-0.7075,-0.008666,0.89724,0.39642,-0.82953,0.85424,0.31131,-1.128,-0.18222,-0.4716,-0.54362,0.099602,-0.0038214,0.59827,0.1506,-0.55401,0.2937,-0.48352,-0.22585,0.046566,0.011627,0.3276,0.51459,-0.63344,0.22748,0.010898,-1.6776,-2.0902,-0.079978,-2.0429,-0.33571,-0.02157,-1.3441,-0.012857,-0.041275,0.086537,-0.71286,0.026462,-0.21673,-0.5756,-0.83094,0.84189,-0.13441,0.84683,0.29092,0.45159,0.12389,-0.52351,0.11952,-0.66512,-0.045874,-0.14243,0.32769,1.8478,0.9261,-0.63913,3.1208,-0.096689,0.79043,0.036632,0.20025,1.192,0.16392,-0.023487,1.0873,-0.34618,0.73554,0.29942,0.22807,0.31596,-0.31986,-0.30057,-0.0018892,0.72708,0.95868,0.0099028,-0.12543,0.061731,-0.79334,0.12284,-0.27945,-0.13265,1.1728,0.57497,0.41362,-0.4588,0.2248,-0.56384,0.54885,-0.10791,-0.25333,0.30007,-0.1404,0.51635,-0.044859,-0.70796,-0.084543,0.28735,-0.35444,0.49585,-0.75604,0.10172,-0.073005
TCGA-24-1545-01A-21-1558-20,OV,Primary,35,0.060238,-0.50619,-0.4114,-0.22299,-0.030248,-0.66972,-0.79808,0.077653,-0.46707,-0.013987,-0.17106,-0.82248,0.60384,0.52057,0.78696,-0.23816,-0.32362,-0.52122,-0.15915,-0.12488,-0.43819,0.02496,0.20433,0.17046,-0.37612,-0.063973,0.16935,-0.19226,-0.012315,-0.20223,-0.80161,0.14609,-0.30921,-0.11417,0.43271,-0.026499,-0.062853,0.23529,0.034182,-0.18158,0.3615,-0.39693,0.0050813,0.012083,0.060169,0.51228,-1.5899,-0.51382,0.30895,0.3658,0.18086,-0.22967,-0.11133,1.0187,-0.55082,-0.16385,1.0082,-0.065691,1.3287,-0.42528,-0.24628,-0.10098,0.035279,0.33022,0.37787,0.071429,0.87127,0.88839,-0.36528,0.043757,0.63731,-0.073412,-0.43848,0.29387,-0.0033689,0.90468,0.073761,0.046687,0.069038,0.33409,-0.047882,0.29924,0.44213,-0.21541,-0.44094,-0.048614,0.14001,0.30174,0.15985,-0.085469,0.6129,0.63428,-0.25097,0.18839,0.47974,1.0701,0.32097,-0.25709,-0.14411,0.28918,0.22778,-0.48709,0.1427,0.29105,-0.18336,0.15624,0.3218,0.20957,-0.18522,-0.34237,0.051158,0.92243,0.65495,0.14278,0.11199,-0.32226,-0.13382,-0.051212,0.19191,0.24548,0.1232,0.22674,0.13791,0.54355,-0.10317,-0.30186,0.25589,0.39938,0.70028,-0.042726,0.28497,-0.22643,0.39451,-0.21957,-0.05619,-0.39293,0.57768,0.0098336,-0.44288,-0.26749,-0.54141,0.078048,-0.2194,-1.2327,0.17022,0.042133,0.057569,-0.81928,-0.49233,-0.10322,-0.21003,0.31546,-0.028559,0.23671,0.41438,0.23481,-0.2002,1.0936,0.064517,0.41213,0.017501,0.13813,0.34643,-0.064344,-1.1212,-0.12741,0.079391,0.17023,-0.076019,-0.091987,-0.19287,0.071918,-0.096682,-0.019474,-0.99525,0.005272,-0.060385,1.5733,0.076237,-0.79047,-0.014991,0.12233,0.64636,0.10736,0.018665,0.2053,0.18392,0.24038,0.19603,-0.34563,0.10395,-0.038358,-0.15895,-0.14429,-0.40212,-0.32276,-0.22535,-0.17931,0.030238,-0.40576,-0.19325,0.21405,0.56622,0.46557,0.091164,0.21818,-0.49104,-0.019787,-0.030222,0.61575,-0.23706,-0.13028,-0.17008,-0.072157,-0.04592,-0.27292,0.088998,-0.045951,0.52743,-0.28963,-0.13268,-0.13944,0.017287,-0.32944
TCGA-24-1556-01A-21-1558-20,OV,Primary,35,0.02995,0.85408,-0.30948,0.477,-0.35315,-0.43006,-0.34595,0.043553,-0.80147,-0.94595,-0.067245,0.4593,0.84618,1.4592,-0.37955,-0.23179,-0.2442,-0.52129,-0.12273,0.12104,-0.34609,-0.2066,0.49835,0.00054473,-0.27924,0.040758,0.81225,0.02075,-0.16476,-0.20207,-0.80058,0.21371,-0.066154,0.0050908,0.45333,0.019787,0.77876,0.37557,0.10482,0.31926,0.23433,0.68877,-0.12624,0.28568,-0.54677,0.41521,-0.0098049,-0.43393,0.11359,0.054774,0.16913,-0.11632,-0.19964,1.1932,-0.36528,0.70536,0.081602,-0.16274,1.9859,-0.013194,-0.13632,-1.5452,-0.26788,-0.22221,0.24777,0.021792,-0.73752,0.081022,-0.16409,-0.21633,0.0351,-0.14528,-0.24339,0.12116,-0.043271,0.15664,-0.11235,-0.8483,-0.074638,0.16712,-0.055816,0.053077,0.011518,-0.50064,0.43903,-0.21508,0.16965,0.26437,0.19652,0.045213,-0.74556,0.12969,-0.0016153,-0.16745,0.10303,-0.023271,0.05053,0.37233,-0.29392,-0.04491,0.31737,-0.51746,0.20099,0.15718,-0.00494,-0.31026,0.50007,-0.22847,0.039605,-0.80778,0.30571,0.60406,0.74915,0.14046,0.55447,-0.28972,-0.14959,-0.62184,-0.0093082,-0.84363,0.28268,0.64042,0.15227,1.2892,0.048763,0.0015233,0.23924,0.053639,-0.21097,-0.22915,-0.10769,0.22594,0.1492,-0.13819,0.31829,-0.48894,0.066611,0.39609,-0.065281,-0.22922,0.20623,0.24955,-0.10042,-0.51923,-0.12496,1.1299,0.11039,-1.0698,-1.3706,0.078063,-0.82627,0.16084,0.030725,-0.3929,0.2072,0.15833,-0.20751,0.65432,0.026504,-0.14809,-0.36277,-0.4248,0.27771,-0.17357,-0.80988,0.35995,0.87787,0.096473,-0.21577,0.19556,-0.22574,0.30346,-0.066049,-0.55782,-0.4837,0.24872,-0.40137,0.9732,-0.081305,0.84629,0.57998,0.049375,0.13983,0.11144,0.082131,0.55933,-0.06521,0.40646,0.26781,0.61633,0.22147,-0.10911,-0.044082,-0.11932,0.97556,1.4144,0.27228,-0.24808,0.022299,-0.036058,-0.056817,0.40277,0.38635,1.0784,0.67996,0.7489,-0.083982,0.074024,-0.23243,-0.015821,-0.16277,-0.064629,-0.063003,0.069882,-0.17138,0.01453,-0.072631,-0.031744,0.34396,-0.045196,1.6989,-0.36661,0.14917,0.84667
TCGA-24-1567-01A-21-1558-20,OV,Primary,35,0.22287,-0.38461,-0.044028,-0.46229,-0.1032,-0.79367,-0.93223,-0.14302,-0.65078,-0.66888,-0.22046,0.10373,0.81604,-0.35301,1.0346,-0.14322,-0.2752,-0.44678,-0.147,0.12389,1.1321,-0.0067837,0.72073,0.076899,0.25046,0.013257,-0.10893,0.33352,0.035158,-0.90352,-1.6251,0.093924,0.015207,-0.26743,0.44139,0.061925,0.16639,0.38029,0.103,0.16765,0.34721,-0.53951,0.30556,0.64287,0.22067,0.56894,0.30024,0.03044,0.28175,-0.0036979,0.23962,0.053083,0.0056896,1.1657,-0.24405,-0.68913,0.17826,0.30565,0.092867,-0.38571,0.18827,-0.61089,-0.31973,0.021733,0.025591,0.079904,1.033,0.87229,-0.80441,0.88443,-0.037543,-0.34078,0.33122,0.10701,-0.088627,-0.069666,0.50066,-0.69166,-0.050126,0.3187,0.41168,0.25577,0.8143,0.42611,-0.72939,-0.0072066,0.40521,-0.30765,0.19605,-0.11744,-0.55989,0.68486,-0.085784,1.9312,0.01056,-0.5291,-0.46283,0.20777,-0.89187,-0.47606,0.22293,-0.53953,0.015331,0.1236,0.010493,-0.17011,-0.84929,0.20085,0.1051,-0.37424,-0.40775,0.47971,0.55843,0.19195,0.12127,0.19907,-0.017036,0.057805,-0.044499,-0.023113,-0.011119,-0.72758,0.073234,0.79751,-0.080113,-0.99052,0.49092,0.39569,0.23633,-0.32623,-0.21592,-0.1543,0.048927,-0.030431,0.061199,-0.691,0.070469,0.41147,-0.33404,-0.19745,-0.31445,-0.022034,0.1777,0.31497,-0.24247,0.4515,-0.059459,-1.1986,-0.52655,-0.11219,-0.74609,-0.15789,0.043484,-1.0952,0.012364,0.038093,-0.15553,0.65225,-0.34739,0.19319,-0.48187,-1.1561,0.19054,0.033245,-0.21079,0.51622,0.80061,-0.10875,-0.012931,0.083185,-0.048224,0.075761,0.56668,-0.72014,-1.1582,0.19584,-0.24317,-0.66135,-0.055678,0.79168,0.173,0.17793,-0.07078,-0.0099035,0.072834,-0.36553,-0.22626,0.54634,0.4838,0.093285,0.071121,0.17922,0.16709,-0.08295,0.63843,1.2203,0.71318,0.086027,0.15707,-0.85517,0.77698,-0.11121,-0.24695,0.78082,-0.11537,0.22223,-0.26449,-0.1517,-0.24077,0.044321,-0.12557,-0.18711,-0.2862,0.023941,-0.28622,-0.1447,-0.6098,-0.07766,-0.49679,-0.54519,0.94076,-0.3585,-0.29534,0.023727
TCGA-36-1578-01A-21-1558-20,OV,Primary,35,0.098732,-0.42677,-0.49747,-0.11599,-0.51834,-0.65358,-0.72476,-0.52004,-0.72793,-0.5331,-0.29797,0.0084475,1.3054,0.40788,0.081841,-0.38248,-0.31042,-0.39196,-0.10936,0.075152,0.39505,-0.3208,0.35853,-0.038308,-0.52362,-0.035363,0.90335,0.19483,-0.061696,-1.1219,-0.60064,0.17123,-0.29624,-0.28554,0.064253,-0.11268,-0.11759,0.21091,0.024303,1.5576,0.26286,-0.98571,-0.12852,0.13307,-0.035146,0.46533,0.85249,-0.52568,1.1725,-0.32293,0.33761,-0.15696,0.19652,3.377,-0.19859,0.98652,-0.33197,-0.17648,1.3949,-0.33907,-0.38634,-0.12216,-0.12365,0.045087,0.14355,-0.02771,0.27154,0.42216,0.019919,-0.38421,-0.004559,-0.45659,-0.034166,0.34778,0.068882,0.41399,0.49975,-0.30876,-0.087842,0.15838,0.44836,0.44884,-0.1166,2.3017,-0.43954,-0.43173,-0.015008,0.15113,0.089469,-0.29412,0.24284,0.92904,-0.25239,-0.15296,0.45436,-0.23904,-0.048364,-0.30975,0.04161,0.31739,0.60833,-0.80296,0.025218,0.13361,-0.12592,0.087822,0.20646,-0.53239,-0.15925,0.93998,-0.91986,-0.57421,-0.34359,0.20761,0.61745,-0.2437,-0.10277,-0.74953,0.38149,-0.32599,-0.094274,0.34342,-0.089019,-0.084781,0.022726,-0.094567,-0.043642,0.071154,0.17816,-0.34023,0.1532,-0.14734,0.35162,0.085147,0.34241,-0.23255,0.64175,0.043272,-0.22288,-0.14899,-0.44813,-0.32042,0.23273,-1.3704,0.30948,-0.2144,0.31891,-1.7867,-0.44995,0.017361,-0.65481,0.14979,0.11204,0.23638,-0.37682,-0.072541,0.46547,0.90822,0.19419,-0.0058298,-0.35666,-0.046696,0.62961,-0.011778,0.39179,0.48832,-0.022954,-0.087687,0.0087591,0.18828,-0.56802,0.053401,-0.11339,-0.32451,-1.9122,-0.11454,0.48522,2.9719,-0.035859,0.31545,0.37293,0.041431,-0.18171,0.27955,0.21592,0.92989,-0.24167,-0.018217,-0.24008,-0.083514,0.45346,-0.046751,0.0094164,-0.12543,-0.065748,0.048078,-0.16232,-0.24082,0.006799,-0.053245,-0.092698,-0.15097,0.094922,0.52792,0.3774,0.11862,-0.089157,0.05223,0.091777,0.19212,-0.074827,-0.021107,0.17717,0.078777,-0.085555,0.13486,-1.175,0.13067,0.49469,-0.063186,0.036865,0.18757,0.22505,-0.79402
TCGA-25-1626-01A-21-1558-20,OV,Primary,35,0.0012025,-0.67704,-0.27359,0.47391,0.17397,-0.30339,-0.43148,-0.048367,0.99729,0.21313,-0.30595,-0.10175,-0.28381,-0.17279,-0.086341,-0.29078,-0.23982,-0.58281,-0.22032,-0.16936,0.041583,-0.08674,0.12088,0.60103,-0.23957,-0.19115,0.12663,-0.24192,-0.08021,-0.72468,0.88832,-0.11351,-0.30912,-0.21559,0.074231,-0.29526,0.093376,0.13194,-0.096751,0.30152,0.55367,-0.10868,-0.0080785,0.062696,-0.4431,0.52543,-0.65255,-1.2366,-0.10594,-0.081326,0.40575,-0.13427,-0.06146,0.68981,-0.48025,0.13878,1.3288,-0.32045,0.22488,-0.28226,-0.16876,0.1583,-0.15853,0.10124,0.85151,-0.027242,0.34601,2.5931,-0.28349,-0.044546,0.77875,-0.19218,-0.48317,-0.27678,-0.22027,2.1908,0.31403,1.0448,-0.14617,0.039631,-0.060918,0.35912,-0.040707,0.53575,-0.29486,-0.34949,0.17275,-0.30716,0.029379,-0.092656,0.56402,0.23156,-0.38618,1.7149,0.52925,0.80047,0.48301,-0.21346,-0.32741,-0.025156,0.18482,-0.59327,-0.067969,-0.16301,-0.20192,0.1497,0.58561,-0.41818,-0.10321,0.12022,-0.30297,1.4814,1.4623,0.33885,-0.025009,-0.13698,-0.15324,-0.29029,0.015774,0.7713,0.12793,-0.016123,-0.14055,0.24186,-0.20136,0.17075,-0.031619,0.098716,0.015865,0.069547,0.40535,-0.13274,0.25088,-0.029662,0.078835,-0.32283,0.51282,0.133,-0.33844,-0.13171,-0.43547,-0.3152,0.22364,-0.82099,0.10968,0.078058,0.072096,-0.6924,0.48219,0.0099277,-0.087124,0.39837,-0.04117,0.59311,0.3016,-0.0026691,-0.25682,0.51454,-0.14446,-0.064584,-0.010323,0.49931,-0.088381,0.029574,-0.016425,0.078555,0.13188,0.15008,0.34959,-0.36724,-0.25619,0.15899,0.050753,-0.41227,-0.7787,0.61044,0.26749,0.68743,0.00579,0.011156,-0.024477,0.063855,-0.096553,0.10948,0.12381,0.25023,-0.3293,-0.43113,-0.24685,-0.38954,-0.14778,0.0052801,0.01559,-0.3243,-0.30583,-0.29259,-0.47009,-0.079737,-0.0091336,-0.49816,-0.19041,0.55914,0.29425,-0.084043,-0.31254,0.20719,-0.43149,-0.016531,0.10738,0.2467,-0.12714,-0.31884,-0.12578,-0.046588,0.096507,-0.63974,0.077196,0.041515,0.24127,-0.30548,1.5583,0.52519,-0.29702,-1.2582
TCGA-04-1638-01A-21-1558-20,OV,Primary,35,0.24731,-0.047476,-0.08313,-0.66202,0.083642,-0.97872,-0.69216,-1.6743,-0.74634,-0.57441,-0.69839,-0.40341,-0.2019,0.064927,0.21451,-0.24357,-0.13948,-0.15841,0.43686,0.21217,0.61686,0.12158,-0.068023,0.34345,-0.34568,0.046595,-0.35828,-0.3967,0.075922,1.3888,-0.30504,0.14847,0.10616,0.21732,0.16277,-0.075546,-0.30706,0.10291,0.42151,0.61017,0.63091,0.29999,0.078427,0.20844,0.54235,0.27092,0.45044,-0.92065,-1.1971,0.23435,0.66192,-0.0064789,-0.38087,0.23141,-0.47518,-0.56117,0.18017,0.25319,0.69292,-0.47208,-0.1528,-1.4938,-0.75749,-0.077629,0.018332,0.074436,0.34726,1.2775,0.1621,0.038637,0.048877,-0.79602,-0.020494,0.29903,0.00076271,1.4123,-1.0936,0.27922,-0.18836,0.36923,-0.14332,0.30073,0.91734,-1.1354,-0.74534,0.096396,0.51203,0.098522,-0.012382,0.23835,0.0036518,0.11438,-0.11696,-0.43971,0.081528,0.21584,-0.56295,0.19736,-0.19285,0.28103,0.072867,-0.30578,0.78953,0.17158,-0.21098,-0.40691,0.30488,-0.20284,-0.24379,-0.59575,-0.63371,-0.65562,-0.69936,0.46984,0.55113,0.14555,-0.22685,-0.29343,0.1124,0.23752,0.35509,-1.2771,0.014748,0.337,-0.87211,-0.32953,0.019265,0.95923,1.0378,-0.82315,0.14454,-0.072828,-0.044498,-0.10158,-0.15278,-0.34425,0.51915,-0.013603,-0.14182,-0.21603,-0.30886,-0.98202,-0.68922,-0.59957,0.1025,-0.23889,0.24308,-1.8523,-0.69081,-0.12559,-1.6072,-0.20658,-0.53271,0.98421,0.014287,0.16407,-0.098408,1.3179,0.082168,0.0041852,0.1238,-0.172,0.79754,-0.249,-0.33113,0.095927,0.23519,-0.73159,-0.033672,0.020934,-0.45843,0.26855,-0.088902,1.8144,-1.2826,0.18019,-0.26816,-0.34564,0.28177,-0.0044279,0.20549,-0.058129,0.39795,0.048021,-0.16807,1.137,-0.60875,0.291,0.20887,-0.05148,0.012047,0.32258,0.42706,-0.026974,0.34577,-0.42192,0.53385,-0.24576,0.38905,0.0087791,0.2813,-0.036685,-0.6544,0.016185,-0.029346,-0.040564,0.099435,0.11757,-0.014342,0.6687,-0.30684,-0.25731,0.11093,0.10929,-0.59467,0.23821,-1.7523,0.046804,-0.42318,-0.83003,2.1787,-0.16346,-0.50816,0.60701
TCGA-09-1666-01A-21-1558-20,OV,Primary,35,0.00015436,-0.11169,-0.11862,0.33996,0.077929,-0.42104,-0.37101,-0.13692,-1.2693,-0.62985,-0.45502,-1.0761,1.2973,0.63145,0.68302,-0.36754,-0.37215,-0.68509,-0.026296,0.02377,0.58238,-0.10814,0.10596,0.10034,-0.35147,0.025358,0.39076,0.10152,0.16365,-0.43712,-0.80399,0.09139,-0.12921,0.026181,0.20011,-0.0042289,0.03825,0.271,0.25085,0.37715,0.26203,0.45611,-0.11934,0.3985,-0.32939,0.26984,0.61903,-0.6137,0.71906,-0.31742,0.062725,-0.11653,-0.14393,2.3404,-0.00072142,0.90396,-0.56241,-0.078666,1.1188,-0.38727,0.055196,-0.50121,-0.46641,-0.12337,-0.14595,0.042395,-0.41709,0.45394,-0.56426,-0.27393,0.049443,0.14309,-0.14727,0.26238,-0.071907,1.5223,0.27467,0.32802,-0.0813,0.25393,0.25309,0.16498,0.54881,0.28739,-0.27212,-0.27415,0.064655,0.11367,0.12186,-0.075643,0.56908,0.59081,0.074263,0.050396,-0.06663,-0.32293,-0.5247,0.18372,-0.60983,0.34527,0.314,-0.71164,0.11639,0.056754,-0.19426,-0.093812,1.1856,0.061972,-0.18063,-0.75063,-0.59492,-0.41957,-0.19823,0.2499,0.64351,-0.19536,-0.034736,-0.48541,0.19484,0.50609,0.11023,-0.34468,-0.031182,1.2786,-0.12225,-0.64067,0.32528,0.49261,1.267,-0.18126,0.17354,-0.0027296,0.36178,-0.22092,0.01781,-0.0030294,0.4298,0.4109,-0.12463,-0.12146,-0.19405,-0.58105,0.26203,-0.7346,0.1556,0.49171,-0.0012238,0.43423,-0.28388,-0.026386,-1.2674,0.17065,0.083154,0.26409,-0.14759,-0.033405,-0.64458,0.10074,0.058313,0.32014,0.38871,0.22276,0.233,-0.15215,-0.42106,0.44587,1.1108,-0.13947,0.14311,0.077983,0.23159,-0.084087,-0.019285,0.75366,-0.27973,0.076372,0.19981,1.2001,-0.12867,0.0058142,-0.097045,0.11483,0.057635,0.0991,0.030183,0.86902,-0.49247,0.10413,-0.065853,-0.020624,0.085876,-0.10255,0.40565,-0.083209,0.41618,0.66861,-0.21587,-0.26929,0.23192,-0.31189,-0.25141,-0.12578,-0.051251,-0.14477,0.56554,0.44641,-0.0060737,0.016978,0.31868,0.2136,-0.070996,-0.1584,-0.044245,0.084242,-0.28993,-0.21793,0.014419,-0.032854,0.40433,-0.035484,2.0033,-0.010357,0.15725,-0.16204
TCGA-20-1686-01A-21-1558-20,OV,Primary,35,0.1304,-0.10119,-0.17564,-0.34367,0.30868,3.6603,3.6774,0.25704,-0.49806,-0.93012,0.16096,0.60789,0.93302,1.5115,0.66587,-0.1582,-0.45235,-0.77169,-0.12996,0.082596,0.036586,-0.025129,0.48909,-0.15614,-0.21096,0.047133,0.39651,-0.058731,-0.0078857,-0.46044,0.65275,0.058182,0.14643,0.034205,0.048403,0.10319,-0.10638,0.31086,-0.0049034,0.33372,0.77677,0.10049,0.10568,0.84284,-0.2513,0.17693,0.28182,-0.51459,0.5154,-0.2616,0.91387,0.024916,0.097512,0.392,-0.048871,0.70377,0.48529,0.23525,0.27426,-0.4114,0.1327,-0.5077,3.8514,2.7835,0.32962,0.19561,0.15854,0.97451,0.066676,-0.028237,-0.11583,-0.42142,0.0073912,-0.038255,-0.020906,0.10982,0.45992,0.3454,-0.17686,0.26747,-0.047931,-0.026464,-0.051906,0.41011,1.4941,-0.11226,0.50335,0.1305,0.17029,0.063648,0.62704,0.24233,-0.10918,-0.064249,0.1017,-0.21266,-0.044885,-0.13152,0.019464,-0.040903,0.40574,-0.66911,-0.088235,0.098339,0.18225,-0.063573,0.46751,-0.26109,0.056797,0.3184,-0.60472,-0.78679,-0.61453,0.22572,-0.13703,-0.25618,-0.11849,0.16834,0.1577,0.998,0.18082,-0.12416,0.014436,-0.1854,-0.068345,0.036171,-0.21502,0.3063,1.1779,-0.15028,0.051077,-0.12046,0.043146,-0.25133,-0.10572,-0.47003,0.14174,0.15576,-0.1521,-0.16878,-0.48966,-0.17327,0.39392,-0.12895,0.19081,0.24189,0.099205,-1.5497,0.10937,-0.1938,3.4121,0.025328,-0.28789,0.91023,0.21982,0.023803,0.070871,0.42195,-0.02213,-0.29912,-0.27278,0.23636,-0.071898,0.0011479,0.50899,-0.11746,0.19575,1.7117,0.2059,0.060649,-0.28703,0.029398,0.12322,-0.31651,-0.58905,0.7037,-0.12802,-1.0925,-0.04495,-0.78896,-0.11611,-0.046125,-0.021671,-0.086006,-0.057501,0.93702,-0.67782,0.27072,0.11781,-0.38821,-0.27754,0.052423,-0.086537,-0.022589,-0.064935,0.22126,-0.18858,-0.0042397,0.056897,-0.097887,-0.17976,-0.26203,-0.22256,0.45106,-0.074784,0.80175,-0.3168,-0.39789,-0.30735,-0.13739,-0.37683,-0.31768,-0.055331,-0.03373,0.22601,-0.6513,-0.52786,-0.13194,-0.37534,-0.64549,-0.22739,-0.30622,-0.38681,-0.28274
TCGA-29-1696-01A-21-1558-20,OV,Primary,35,-0.14837,0.22185,-0.13034,0.39801,0.80713,-0.65416,-0.78762,0.1788,0.31816,-0.15704,0.14777,0.19379,0.671,-0.032419,0.19102,-0.12709,-0.52217,-0.071656,-0.042224,-0.28377,1.0166,-0.13408,-0.036477,0.21919,-0.39172,0.039107,1.0384,0.061215,0.28373,-0.60099,-1.0614,-0.091129,0.075266,-0.012658,-0.054244,0.12533,-0.057942,0.18352,0.10159,2.9849,0.20205,-0.26291,0.090655,-0.46849,0.23343,0.19598,0.60729,-1.1079,0.75898,0.018736,0.74417,-0.069693,0.24591,1.5731,0.22806,0.51104,-1.3741,-0.03843,0.93417,-0.05394,-0.075671,0.1802,-0.2839,0.19565,-0.068756,-0.01841,0.51116,1.1798,-0.4733,1.4273,-0.074425,-0.096938,0.13674,-0.2039,-0.16263,2.1146,-0.23417,1.8224,-0.20505,0.25278,0.093703,0.15318,0.75398,-0.49083,-0.44761,-0.11884,0.023555,-0.28989,0.17627,0.013534,0.83808,-0.37545,0.081977,0.73597,0.68622,-0.74609,0.23597,-0.085621,-0.12267,0.14363,0.30281,-0.80565,-0.23861,0.12644,0.35318,0.22188,-0.01328,0.13199,-0.080288,0.33886,-0.55351,0.27205,0.43119,0.58598,-0.091408,-0.10724,-0.078787,-0.67588,0.35632,0.49699,0.044619,-0.48253,-0.080037,1.0507,0.1244,0.018832,-0.14195,-0.051675,0.38198,-0.12924,0.28243,-0.10358,0.2441,-0.39666,0.26302,-0.020383,0.70995,0.40965,-0.37845,-0.26647,-0.65554,-1.3133,0.16473,-0.67959,0.10513,0.25626,-0.38292,-1.4151,0.30495,-0.25994,-1.8827,-0.24762,-0.28362,1.5304,-0.14082,0.12764,-0.76048,1.4431,-0.062252,-0.066637,-0.37638,1.2491,0.076455,-0.15229,-0.77323,0.092573,0.89586,0.088592,0.11255,-0.1741,-0.13649,-0.09502,-0.18917,0.65584,-0.7583,0.22322,0.19777,1.2786,-0.39778,0.78646,0.62008,-0.14924,0.69212,-0.1954,-0.12774,0.8131,-0.88312,0.41009,0.13995,0.17471,-0.24344,0.060117,0.2736,0.03921,0.38704,0.74108,-0.17905,-0.1298,-0.029953,0.13794,-0.084942,-0.71919,-0.43024,0.25314,-0.18455,0.70245,-0.13434,-0.4038,-0.1962,-0.10053,-0.2722,-0.44933,-0.37628,0.040151,-0.18944,1.1896,-0.029945,-0.1936,0.48421,-0.61864,0.23811,-0.04796,-0.40296,-0.39564
TCGA-04-1514-01A-21-1558-20,OV,Primary,35,0.045206,-0.32843,-0.31443,0.22799,1.6078,-0.85973,-0.64682,0.18602,-0.39081,-0.83146,-0.66077,-0.15442,0.56506,0.38262,0.20596,-0.3489,-0.54371,0.35381,-0.21764,0.040024,-0.025028,-0.2186,0.74695,0.83987,0.4926,-0.0050201,0.2412,-0.12999,-0.096334,-1.0663,-0.87812,0.31191,0.042415,-0.01668,0.11303,-0.080513,-0.076083,0.22547,0.099468,0.36373,0.085574,0.52803,0.02728,-0.020426,-0.027784,0.33137,-0.78495,-2.0029,-0.23371,0.03233,0.2121,-0.15775,0.029503,1.7161,-0.17389,-0.77407,-0.515,0.11537,0.42215,-0.16231,-0.129,-0.7935,0.049801,-0.016693,-0.031075,0.10192,-0.01597,0.58326,-0.81196,0.17284,0.31528,-0.19582,-0.82302,-0.9195,0.033268,0.96832,-0.30349,-0.27458,0.040781,0.25226,0.079037,0.29092,0.81667,-0.89904,-1.0388,-0.19129,0.024144,-0.28572,0.12963,0.056107,0.11855,0.75901,-0.023858,0.22609,0.42323,0.35808,-0.27106,0.60122,-0.13444,-0.1133,0.33519,-1.0969,-0.42795,0.090287,0.24127,-0.12712,0.46844,0.35179,-0.04952,1.1982,-0.46864,0.51132,0.75635,0.11683,0.08478,0.2717,0.1663,0.12378,0.063784,0.074271,0.86628,-1.6901,0.14024,1.3485,-0.22726,-0.55958,0.48796,0.1874,0.38517,-0.067686,-0.040417,-0.18061,0.13838,-0.030132,0.63823,0.16058,0.21919,0.37099,-0.40381,-0.22625,-0.68817,-0.49461,0.37631,-0.61357,-0.11955,0.13726,-0.05767,-1.4419,-0.82071,0.16743,-0.68572,-0.17315,0.0049766,-0.93974,0.038165,0.056594,-0.31069,1.3377,0.10242,-0.13083,-0.66439,-0.89568,0.22388,-0.1219,-0.55011,0.21198,0.59167,-0.77034,-0.40653,0.21199,-0.12301,-0.12834,-0.4091,-0.54091,0.51387,-0.22265,-0.25221,0.97204,0.025061,-0.036108,-0.79059,0.13111,-0.19743,0.12594,0.13969,-1.2962,-0.17767,0.6744,0.87461,-0.12211,0.28973,0.080164,-0.27759,0.054994,0.51521,0.87307,0.6275,-0.081016,0.24547,-0.16767,0.27239,-0.1201,-0.046394,-0.51425,0.32088,1.6925,0.044847,0.031885,0.17692,0.031108,-0.098489,-0.063795,-0.064548,0.081824,-0.2157,0.13591,0.0065694,0.023545,0.14292,-0.21688,-0.25849,-0.16441,-0.04794,1.3791
TCGA-24-1548-01A-21-1558-20,OV,Primary,35,-0.18496,-0.016143,0.063156,0.7807,0.6099,0.044646,-0.054748,-0.66863,-1.2157,-1.0853,-0.49761,-0.034129,1.2402,1.0736,0.96708,-0.28529,-0.57698,-0.88675,-0.13483,-0.075115,0.65094,-0.096913,0.4376,0.42711,-0.59454,-0.044303,1.0747,-0.1075,0.059756,-0.71078,-0.72528,0.0070044,-0.70412,0.45856,0.40738,0.072061,0.84586,0.49733,0.30687,0.99149,0.31055,2.0604,-0.14544,1.9673,-0.31006,0.36512,0.14779,-0.27009,0.61705,-0.11485,0.28496,-0.14977,-0.063252,2.574,0.0014835,-0.26828,-0.42108,0.14699,0.92921,-0.50871,-0.00093417,-0.090856,-0.35066,-0.14393,0.28704,0.05901,-0.85119,2.7921,-0.75508,-0.44767,-0.060295,-0.7904,0.10357,-0.34773,-0.19431,0.18476,-0.082402,0.017456,0.024974,0.14462,0.085754,0.19329,0.47382,1.2361,-0.45024,-0.47789,0.19917,-0.0033338,0.2218,-0.3222,0.20571,0.40038,-0.2814,0.066676,0.26871,0.12819,-0.073515,0.25862,-0.68938,-0.39487,0.26984,-0.8824,-0.63017,0.097238,0.22898,0.054639,0.39713,0.085498,0.0036313,0.51885,-0.012567,0.070321,0.45,0.17896,0.49721,-0.4034,-0.1584,-0.57367,0.2163,0.058964,0.2318,1.0877,0.10361,1.5993,-0.13039,-0.57995,0.41698,0.069476,0.37824,0.049193,0.14478,0.13136,0.046795,-0.21977,0.38031,0.72511,0.30667,0.39291,-0.49691,-0.31958,-0.69583,-0.504,0.78274,-0.086109,-0.010428,0.84576,-0.067197,0.29082,-0.42761,-0.056833,0.33962,-0.030161,-0.27435,0.44666,-0.057267,0.044364,-0.41769,0.86557,-0.19024,0.0017007,-0.48967,-0.059915,0.35718,-0.29063,-1.4265,-0.088529,1.057,-0.16835,-0.35372,0.086962,-0.4605,-0.16106,0.23507,-0.64921,-0.93814,0.21911,-0.44246,-0.72696,-0.026937,-0.84934,0.288,0.12205,-0.68693,-0.17216,-0.2029,-0.75489,-0.90534,0.40537,0.26911,0.26333,0.069798,0.018808,-0.070023,-0.19029,0.40774,0.69223,-0.16654,-0.16138,0.032155,-0.37942,-0.16543,-0.18511,-0.082775,0.78937,-0.032283,1.4214,0.37658,-0.36042,0.24704,-0.050403,-0.31319,-0.18078,-0.23129,0.21879,-0.38431,-0.35755,-0.50779,-0.20803,0.12417,-0.5592,2.0036,-0.0037095,-0.092424,0.26267
TCGA-24-1557-01A-21-1558-20,OV,Primary,35,-0.089512,0.17689,-0.17274,0.83787,0.37908,-0.65362,-0.61431,0.31021,0.13386,-0.41635,-0.42933,-0.57392,-0.18666,0.17453,0.44832,-0.40456,-0.45149,-0.67578,-0.23479,0.26106,0.58887,-0.18359,0.53778,0.64251,-0.096931,-0.086468,0.42073,-0.17003,-0.14872,-1.2339,-0.02355,0.14787,-0.41206,0.074277,0.19052,0.012935,0.17784,0.33958,0.1051,1.2635,0.30875,0.57537,-0.026251,0.94113,0.0078702,0.60861,0.73453,-0.91516,0.64935,-0.082462,0.20473,-0.049639,-0.046724,1.3743,-0.10638,-0.34122,-0.72202,0.33145,1.5318,-0.18594,0.023574,0.0024506,-0.2058,-0.025636,0.13112,0.054959,-0.11927,1.3561,-0.063609,-0.077029,0.25783,0.0394,0.15562,-0.23696,0.081944,1.0331,-0.1841,-0.094405,-0.22234,0.18,-0.0036289,0.30791,0.37596,0.57295,-0.72993,-0.25686,-0.095965,-0.28525,0.20133,-0.11663,-0.36071,0.48346,-0.47921,0.43212,0.43735,-0.312,-0.040641,0.36094,-0.52802,-0.18953,0.17762,-0.54659,0.044346,0.19593,0.017398,0.14972,0.19943,-0.019713,0.12826,0.7168,-0.61584,0.24235,0.30261,0.27164,0.5655,-0.25674,-0.10104,-0.20557,0.30457,0.23049,0.82472,-0.4238,0.105,0.9314,-0.079248,-0.37179,0.24562,0.22092,0.5703,-0.034658,-0.0040437,-0.099881,0.17049,-0.34655,0.36648,0.10223,0.50967,0.47046,-0.2431,-0.31884,-0.43519,-0.67371,0.4005,-1.1995,0.0031262,0.21838,-0.25562,-2.136,-0.17271,-0.062985,0.99984,-0.092301,-0.22185,1.3487,0.058871,0.10523,-0.48677,0.75934,0.028377,0.07728,-0.34424,0.21212,0.15719,-0.16606,-0.18023,-0.15441,0.96764,0.51675,0.12874,0.096754,-0.19384,0.008166,-0.29322,-0.55986,-2.4932,-0.035821,0.17265,3.6487,-0.035934,-0.008282,0.60493,-0.062051,0.1791,-0.18257,-0.13744,-0.20508,-0.61004,0.30822,0.58525,0.39656,-0.10612,-0.0613,-0.21326,-0.12966,0.047154,0.2131,-0.09931,-0.16454,-0.063318,-0.98003,-0.1366,-0.22072,-0.073867,1.1341,0.81672,1.0678,0.18092,-0.20884,-0.020977,-0.025388,-0.14687,-0.20779,-0.38826,0.16858,-0.48418,-0.29403,0.32281,-0.13595,0.057757,-0.59444,1.3302,0.22617,-0.31291,0.14866
TCGA-36-1568-01A-21-1558-20,OV,Primary,35,-0.055067,-0.44978,-0.36774,-0.24906,-0.33939,-0.12215,-0.32102,0.023809,-0.87212,-0.16494,-0.31237,-0.073187,0.21834,-0.28515,-0.11767,-0.10551,-0.54622,-0.69389,-0.12029,0.50019,0.19099,0.052311,-0.24077,0.052411,-0.10632,0.18436,1.3898,0.02821,0.17061,-0.47868,0.43609,0.23144,-0.24947,-0.18567,0.20771,0.043804,-0.48379,0.24572,0.037373,0.3028,0.88494,-0.9945,0.2561,-0.16971,-0.58973,0.3083,-0.2737,-1.0959,0.27755,-0.018278,0.70723,0.1572,-0.39737,1.2989,-0.36887,-0.0068129,0.95381,0.077937,1.0648,-0.18827,-0.32892,-0.59465,0.28091,0.45098,1.8122,0.075796,1.7465,0.96186,1.3881,0.36229,0.014063,-0.037718,-0.43726,-0.050578,0.027405,0.75411,-0.0023901,0.17788,0.2031,0.34797,-0.22844,0.0916,0.30471,0.75205,-0.42887,-0.015868,0.11226,-0.25196,0.11603,-0.029502,0.013794,0.30677,-0.11692,-0.063993,0.21678,-0.054754,0.12209,-0.34542,-0.33963,-0.26653,0.13653,0.1417,0.30886,0.18189,-0.10234,-0.062532,0.68081,-0.14207,0.036917,-1.0114,-0.80259,-1.0347,-0.7828,0.25615,0.15361,-0.27375,-0.13192,-0.16796,0.060266,0.54676,-0.020737,0.32963,0.22439,0.025938,-0.10985,0.30083,-0.37189,0.16111,0.44451,0.29216,-0.18929,-0.17871,0.19935,-0.092393,-0.063958,-0.12652,0.23831,-0.072098,-0.19029,-0.091467,-0.66955,0.22984,0.1544,-0.96378,0.17264,-0.36045,-0.10359,-2.3979,-0.56306,-0.099981,-0.23441,0.23565,0.025794,0.1469,0.87507,-0.010594,-0.35895,0.15138,-0.070899,0.32238,-0.28246,-0.42209,0.11476,0.24536,-0.29727,0.47543,-0.076316,-0.080351,0.15176,0.13487,-0.071506,0.060571,0.016452,-0.11618,-1.0544,0.2023,0.18305,2.9579,0.69633,-0.13027,0.24186,0.24139,0.35261,0.11075,0.07234,0.41384,-0.184,-0.068896,-0.51398,-0.11683,-0.027642,0.29764,0.021676,0.1079,-0.47463,-0.55152,0.015634,0.17754,0.073131,-0.88119,0.32835,0.41499,0.17576,-0.34294,0.26856,0.064546,-0.31169,-0.27227,-0.16442,0.44479,-0.1631,-0.28502,-0.22871,0.0012815,-0.15226,-0.13161,-0.062303,0.00090867,0.26796,-0.48017,1.3044,-0.005888,-0.070042,-0.68783
TCGA-36-1580-01A-21-1558-20,OV,Primary,35,-0.031789,-0.52909,-0.29205,-0.48883,0.6003,-0.8096,-0.72,0.17183,-0.6054,-0.68968,-0.20458,0.40736,0.41203,0.23773,0.48869,-0.2138,-0.30365,-0.65606,-0.23112,0.26568,-0.033036,-0.12006,0.14179,0.1415,-0.24343,-0.036347,0.82245,-0.041824,0.011153,-0.92165,-0.082041,0.18184,-0.18155,-0.35588,0.040138,-0.13878,-0.14406,0.24327,0.061664,0.96213,0.72532,-0.76833,0.087186,-0.42967,-0.15921,0.65613,-0.98662,-0.61125,0.42175,-0.19463,-0.2275,-0.025799,-0.28046,1.5497,-0.3978,0.14991,0.91707,-0.25696,1.3385,-0.044382,-0.14109,-0.49355,-0.044729,-0.070943,0.96134,-0.11147,0.065905,1.4504,0.37741,-0.056437,0.39814,-0.15864,-0.10456,0.0063781,-0.024821,1.2501,0.48545,0.17166,-0.080142,0.23008,0.18572,0.23084,0.49703,0.28029,-0.56561,-0.3234,0.17558,0.091448,0.14219,0.14097,0.47173,0.94372,-0.0019578,-0.09387,0.24768,0.36007,0.35895,-0.095278,0.057983,-0.081524,0.21725,0.62707,1.0048,0.24877,-0.18057,-0.034974,0.96802,-0.2498,-0.048331,-0.34063,-0.83261,-0.2811,-0.23392,0.079227,0.083646,-0.20711,-0.15357,-0.40248,-0.022901,0.34166,0.11459,-0.079067,-0.037574,0.82703,0.015916,0.34299,-0.1071,0.050057,0.038032,0.10094,0.20407,-0.29387,0.36977,0.023871,0.018558,-0.024678,0.2024,0.11932,-0.24262,-0.098529,-0.42931,0.22791,0.022605,-0.90821,0.23405,-0.23884,0.036684,0.40519,-0.34874,-0.085692,-0.27169,0.39922,-0.051296,-0.37794,0.33265,-0.073142,-0.268,0.37594,0.1181,0.18673,0.21146,0.34716,0.61151,-0.028837,-0.91353,0.29477,0.34238,0.12731,0.13543,0.040749,-0.044276,0.24903,0.052563,0.32942,-0.13437,-0.025424,0.17365,2.7483,0.32105,0.57619,0.23593,0.13739,0.12153,0.094901,0.12518,0.33073,0.11065,0.0064967,-0.078198,-0.10511,0.14689,0.074265,-0.011388,0.10505,-0.14667,-0.12409,-0.081258,-0.028909,0.022676,-0.30343,-0.029004,0.21085,0.26533,-0.16633,0.21812,0.69341,-0.29887,-0.042277,-0.098748,0.38809,-0.13125,-0.17748,-0.051731,0.012664,-0.0057961,-0.10461,-0.41411,-0.039417,0.23326,-0.40188,0.45834,-0.010562,-0.028676,-0.055121
TCGA-25-1627-01A-21-1558-20,OV,Primary,35,-0.072744,-0.62358,-0.29858,-0.5474,0.76282,-0.16477,-0.11475,-0.095797,-0.7382,-0.6598,-0.11468,0.84036,0.042587,-0.17506,-0.14494,-0.3042,-0.52942,-0.70389,-0.055567,0.2413,0.096297,-0.063158,0.39786,0.087398,0.10769,-0.0044753,0.77288,-0.023855,0.033742,-0.65378,0.071829,0.14627,-0.51594,-0.090138,0.10781,0.054469,0.12976,0.31837,-0.079591,1.7356,0.81021,0.18626,0.086217,-0.3738,-0.3811,0.43309,0.68014,-0.31425,0.27611,-0.072062,0.23056,-0.029866,-0.20564,1.3952,-0.36149,0.3637,0.082232,0.23556,2.0405,-0.25195,-0.017467,-0.6493,0.19241,0.24353,0.72658,0.0075766,0.25999,2.5249,-0.041713,-0.035946,-0.088215,-0.065208,0.16305,-0.1168,-0.084749,0.54923,1.0102,0.014346,-0.14118,0.26122,0.3517,0.21195,0.45937,0.57437,-0.20017,0.062263,0.17029,0.10147,0.19628,-0.21989,0.053032,0.42713,-0.067561,0.0118,0.19291,-0.2792,0.0020467,-0.11472,-0.10741,-0.27953,0.22219,-0.29354,0.098765,0.070155,-0.12332,-0.0063841,0.46313,-0.42533,-0.095714,0.55443,-0.55358,-0.13397,-0.061464,0.1829,0.12719,-0.1068,-0.1326,-0.038148,0.1522,0.51225,0.31512,0.071723,0.043269,0.8594,-0.11309,-0.2524,0.33541,-0.25673,-0.054524,0.035412,0.022875,-0.29857,0.055983,-0.096101,0.070932,0.54502,0.1923,0.28079,-0.30209,-0.11618,-0.52468,-0.36437,0.35569,-0.10257,0.0067452,0.83138,-0.15231,0.66693,-0.41235,-0.01932,-0.097622,0.30153,0.027166,0.46105,0.094361,0.00072625,-0.50336,0.46715,-0.01888,0.11124,-0.30786,-0.40433,0.30122,-0.06419,-0.49683,0.040491,0.25666,0.58843,-0.063532,0.16641,-0.143,-0.036417,0.072112,-0.34717,0.046931,0.16973,0.016952,1.0568,0.18999,0.33603,0.38639,0.29989,-0.052019,0.073315,0.021475,-0.60319,-0.19642,0.17372,0.28659,-0.13425,0.14124,-0.020645,-0.14928,-0.0031248,-0.1556,0.064521,-0.1857,-0.055914,-0.033727,-0.3331,-0.12378,-0.0026159,0.18472,-0.069114,0.1606,0.69404,-0.27869,-0.15988,-0.054918,-0.18605,-0.26337,-0.25738,-0.16103,7.0767e-05,-0.030409,-0.23416,-0.56747,-0.054382,0.0081825,-0.40395,-0.50152,0.081012,-0.13941,-0.22859
TCGA-04-1646-01A-21-1558-20,OV,Primary,35,0.0014311,-0.55053,-0.28921,0.72241,-0.5661,-0.79784,-0.46857,0.51654,0.06717,-0.22082,0.052946,-0.60757,1.4792,-0.082911,0.094944,-0.49337,0.079979,-0.34446,0.013198,0.015325,0.81146,-0.20484,0.29774,-0.058443,-0.51581,-0.0049534,0.73988,-0.2164,0.1326,-1.0891,-1.2788,0.17815,-0.14,-0.34397,0.122,-0.0016579,-0.31049,0.24493,0.205,1.9526,0.092131,-0.97094,0.16796,0.78505,0.50446,0.10085,0.92422,-0.68541,0.80558,-0.38568,0.14109,-0.1404,-0.10988,2.0909,0.28295,0.18618,-0.74552,-0.16473,-0.30441,-0.40677,-0.078676,-0.2832,0.15978,0.060988,0.023562,0.064913,-0.32748,1.2348,-0.84577,-0.39734,-0.069659,-0.40381,-0.19288,-0.51009,0.0031026,1.8045,-0.18629,0.91746,-0.13367,0.20275,0.3133,0.56342,0.58732,-0.56024,-0.53191,-0.44501,0.32395,-0.13855,0.16695,-0.11065,0.0030939,0.32512,-0.47943,0.4508,0.1709,0.074138,-0.47131,0.38103,0.17429,0.54469,0.13405,-1.0149,-0.50546,0.37384,0.040426,0.061226,0.44835,-0.40555,-0.22872,-0.32553,-0.044615,0.49464,0.46259,0.22749,-0.11638,-0.67101,-0.12992,-0.35862,0.2509,0.39537,0.26296,-0.26111,0.046642,0.92658,0.07024,0.044063,0.0050901,0.63799,1.9994,-0.26856,0.31898,-0.16288,0.4888,0.11282,0.39363,-0.76508,0.47054,0.52763,-0.13826,-0.10872,-0.39651,-0.50235,-0.11497,-0.96973,0.035248,-0.58068,0.65475,0.020367,0.25483,0.090901,-1.346,-0.050156,0.090494,1.3711,-0.43965,-0.092463,-0.11834,1.6187,0.18368,0.30136,-0.30045,1.0078,0.4755,-0.17605,-0.1286,-0.13977,0.3814,0.035365,0.11813,0.19955,0.35592,-0.13898,-0.073112,1.7812,-0.96551,0.098359,0.30477,0.74634,-0.15346,0.67651,-0.73407,0.11359,0.37787,0.18673,0.055952,-1.2163,-0.079066,0.016717,-0.019227,-0.41033,0.17095,0.11271,0.2455,-0.060295,0.17778,0.13117,-0.23904,-0.19011,-0.069895,-0.62869,-0.082317,0.303,-0.15244,0.22326,0.47763,0.3536,-0.065133,0.24123,0.33934,0.06168,-0.2186,-0.017504,-0.021918,0.080363,-0.091822,0.052815,0.063228,0.13632,-0.06064,-0.35056,1.3608,0.094276,-0.072526,-0.39082
TCGA-09-1670-01A-21-1558-20,OV,Primary,35,-0.00073006,-0.1737,-0.34412,0.6078,-0.035965,-0.75087,-0.99959,-0.3108,-1.0184,-0.87841,-0.39053,-0.07251,1.3394,0.59324,0.51844,-0.59442,-0.43273,-0.46722,-0.20955,0.052777,0.34707,-0.42666,0.060805,0.28923,-0.40688,-0.047689,0.79119,-0.18032,-0.057817,-1.0437,-0.69311,0.2005,-0.24902,-0.27911,-0.17688,-0.15489,0.53107,0.33933,0.026806,2.4932,0.016726,-0.3496,-0.15579,0.7149,-0.50514,0.17379,0.010609,-0.78274,0.57104,-0.38912,0.13267,-0.23605,-0.46171,2.2082,-0.10163,-0.084493,-0.9749,-0.30132,1.023,-0.15302,-0.35173,-0.18038,-0.55203,-0.20112,0.10144,-0.015155,-0.57817,1.1773,-0.55032,-0.32878,0.13567,-0.18063,-0.22336,-0.23731,-0.24551,1.0398,-0.1245,0.19973,-0.28577,0.10729,0.029854,0.3213,0.44036,1.2745,-0.638,-0.41823,-0.077578,-0.059969,0.089404,-0.45076,-0.24269,0.7946,-0.50673,0.17778,0.33505,-0.78103,0.1085,-0.25425,-0.41532,0.073787,0.21033,-0.68199,0.10951,0.029151,-0.13873,0.058514,0.8931,-0.044919,-0.34516,0.077411,-0.17529,0.023173,0.13002,0.11396,0.15734,-0.58318,-0.10421,-0.85832,0.092342,0.42051,0.2222,0.68375,-0.25435,0.86833,-0.32545,-0.012622,-0.021574,0.12622,0.59171,-0.21591,0.10552,-0.13135,0.33835,0.077451,0.14293,-0.29097,0.48283,0.18657,-0.19213,-0.051251,-0.37941,-0.63376,0.3393,-1.4088,-0.040552,0.24326,0.01868,-0.97304,0.48058,0.13386,-0.73544,0.13089,0.32835,0.24847,-0.40901,-0.10161,-0.020681,1.6479,-0.13196,0.26291,0.05741,0.28222,0.28347,-0.091193,-0.19679,-0.14578,0.57017,0.10396,0.32817,0.1818,-0.029945,-0.13785,-0.14987,-0.80746,-1.383,-0.011136,0.38439,2.4338,-0.051398,-0.93385,-0.030971,0.29397,-0.042513,0.45179,0.34052,-0.47792,0.38544,-0.063705,0.02341,-0.29662,0.47121,0.050176,0.19811,-0.042997,0.10516,0.20534,0.52564,-0.1611,-0.062391,0.43545,0.44338,0.21057,-0.010869,-0.33144,0.49049,0.55935,0.21928,0.059891,-0.040242,-0.18363,-0.26546,-0.018148,0.20641,0.16127,-0.10727,0.29035,-0.1325,0.12319,0.15948,-0.042147,1.0117,0.14738,0.20645,0.21383
TCGA-20-1687-01A-21-1558-20,OV,Primary,35,-0.035003,-0.70369,-0.45939,-0.593,-0.10477,-1.1244,-1.4637,-0.19347,-0.44188,-0.69019,-0.36703,0.36507,0.49723,-0.43627,1.4704,-0.43071,-0.7832,0.16804,-0.26493,0.14113,0.62363,-0.40771,0.65192,0.026955,-0.31838,0.018836,1.2641,-0.054803,-0.089039,-0.60196,-0.12214,0.13066,-0.24157,-0.29796,-0.11581,-0.037754,0.08787,0.19941,0.44709,1.7012,0.54771,-1.0517,-0.086328,-0.47619,0.40421,0.41085,0.4893,-0.52917,0.63726,-0.17223,0.0048374,-0.13428,-0.31666,1.8784,-0.1267,0.68122,-0.19353,-0.0078553,0.80989,-0.28616,-0.34525,-0.57181,-0.056526,-0.072871,0.44128,0.027815,-0.7987,-0.015661,0.15102,-0.35285,0.047774,0.026866,-0.087397,0.0074386,0.098749,1.1949,0.16694,0.12633,-0.15719,0.16994,0.48041,0.28193,-0.13063,0.10941,0.27326,-0.10127,0.017997,0.17696,0.12917,-0.26364,0.20157,0.41863,-0.027352,0.028209,0.047225,-0.075262,-0.05634,-0.36592,0.1222,0.27922,0.19186,-0.21022,0.42653,0.14057,-0.0068476,-0.11625,0.25341,0.12425,-0.34713,-0.79272,-0.28511,0.0091909,0.08102,0.18381,-0.090622,-0.43238,-0.10788,-0.95964,0.049125,0.047123,0.28043,0.38597,-0.19929,1.016,0.047034,0.021395,-0.0084995,0.26978,1.4615,0.16881,-0.063346,-0.44448,0.22486,-0.0050958,0.13606,-0.042679,0.29293,0.094443,-0.24238,-0.10203,-0.59587,-0.22283,0.28556,-1.471,0.14828,-0.38934,0.027121,0.82013,-0.29976,0.055817,0.22194,0.14042,0.075761,0.35095,-0.17465,-0.062185,0.26478,1.8159,0.015408,0.010669,-0.10636,0.54664,0.50364,-0.10866,0.49466,0.41036,0.1088,0.37713,0.22869,0.11392,-0.0061125,-0.14785,-0.25265,-0.25493,-0.15444,-0.043096,0.15431,2.4327,0.088748,-1.3877,0.027116,0.09907,0.25129,0.2136,0.22118,1.0905,0.4428,-0.11982,-0.18261,-0.090719,0.26385,0.029726,0.06883,0.093356,-0.13992,0.20527,0.25939,-0.11219,-0.027014,-0.17529,0.27315,0.16097,0.065639,-0.24027,0.48595,0.6005,-0.18386,0.098558,-0.093199,-0.13275,-0.16083,-0.075492,0.051582,0.023926,-0.24014,-0.1238,0.15457,0.064788,0.51008,0.0387,0.10715,-0.064279,0.071486,-0.61067
TCGA-29-1697-01A-21-1558-20,OV,Primary,35,0.12516,-0.25474,-0.1679,0.090855,1.2812,-0.25899,-0.33929,0.20138,0.78559,1.2002,0.36594,0.4938,-0.50393,1.3686,0.33731,-0.079958,-0.53676,-0.81545,-0.15998,-0.15628,0.69306,-0.1927,0.64421,0.073168,-0.5586,-0.03087,0.13948,0.29341,0.017475,-0.38878,-1.0407,-0.06314,-0.42999,0.30754,0.1145,0.032307,0.44711,0.26306,0.24955,0.8506,0.49694,1.4892,-0.16635,0.7037,-0.10226,0.3654,-0.060242,-0.38578,0.22471,-0.2671,0.055819,-0.068613,0.047492,1.2489,-0.39015,0.27762,-0.3378,0.081514,0.66959,-0.20459,0.19231,0.0956,-0.28403,-0.12661,0.05409,-0.15126,-0.48404,2.7154,-0.91914,-0.38782,0.1257,0.10256,0.15921,-0.3645,-0.18399,0.55486,0.81913,0.40829,-0.020002,0.22862,0.35047,0.15708,0.17496,1.1459,-0.89084,-0.092036,0.07262,-0.21926,0.12534,-0.05867,0.41436,0.90848,-0.33325,0.14785,0.37433,-0.45437,0.004739,0.47511,-0.41708,-0.23879,0.2902,-0.70896,-0.25088,0.12824,-0.19173,0.070336,-1.0761,-0.074257,-0.20651,-0.72512,-0.25017,0.099255,0.13425,0.13271,0.047026,-0.17678,-0.12831,-0.71138,0.39492,0.047351,-0.028593,-0.48197,0.084742,1.9546,0.32196,0.40861,-0.076027,0.28004,0.87662,0.045787,0.053621,-0.026859,0.21217,-0.11596,0.91272,0.33417,0.32955,0.59025,-0.29539,-0.18597,0.00035074,-0.82772,0.9415,-1.0398,-0.068139,1.3257,0.026052,0.8374,0.34025,0.017136,1.1922,-0.13205,-0.059157,-0.36591,0.33419,0.0013836,-0.31824,0.060287,0.048761,-0.177,-0.50409,0.33036,0.08738,-0.15581,-0.20876,0.020308,1.0124,0.24148,0.15715,-0.25152,-0.1741,0.063674,0.055091,-0.59835,0.45949,0.41834,0.6771,1.7236,-0.14208,1.1869,0.5688,-0.097099,-0.28314,0.16536,0.022435,-1.19,-0.7172,-0.05329,0.14138,0.19969,0.060123,-0.13506,0.14554,-0.044373,0.99906,1.8349,-0.22316,-0.23427,-0.039002,-0.12486,-0.40662,-0.34391,-0.17725,-0.0039189,0.34375,0.99998,0.082745,-0.08727,-0.14262,-0.16095,-0.22429,-0.17899,-0.096966,0.12596,-0.23273,-0.33894,-0.034572,-0.12408,0.14854,-0.46169,1.5909,0.0084085,-0.024486,0.06867
TCGA-04-1516-01A-21-1558-20,OV,Primary,35,-0.021622,-0.24011,-0.42236,-0.31554,0.22366,-0.71607,-0.7797,-0.40011,-1.2712,-1.2791,0.25315,0.88727,0.2487,0.18572,0.71221,-0.22648,-0.52969,-0.56371,-0.23493,0.2624,0.38173,-0.019982,0.45401,0.042315,-0.29039,-0.015105,0.18977,0.040546,-0.018175,-1.0177,-0.55351,0.2608,-0.12231,-0.11566,0.069412,-0.0929,0.56038,0.25696,0.42758,0.3656,0.10689,0.21796,-0.16304,2.0331,0.32361,0.26149,0.19161,-0.48836,0.78037,0.13556,0.1256,-0.10412,-0.32001,1.3082,-0.27715,0.53881,-0.42503,0.050869,1.2822,0.038575,-0.026129,-1.0242,-0.37862,-0.23853,0.079999,0.012144,-0.73806,1.0867,-0.62716,-0.32435,-0.11213,0.06121,0.20634,0.0019676,0.012268,-0.25081,-0.1295,-0.058971,-0.036794,0.13531,0.22448,0.052575,-0.044975,-0.040822,-0.058467,0.048167,0.061578,0.35311,0.27289,0.037344,-0.37307,0.0045321,0.14076,-0.15807,-0.13874,-0.44976,-0.23822,-0.077492,-0.46348,-0.10876,0.25281,-0.47815,0.12417,0.1625,-0.095103,-0.19168,1.1453,-0.57277,-0.082014,-0.13441,0.27827,0.023742,-0.015355,0.22348,-0.065017,-0.30102,0.026148,-0.86282,-0.067936,-0.31449,0.10851,0.074346,0.074003,1.395,-0.20409,0.083702,0.2926,-0.31706,-0.58741,-0.024034,-0.13371,-0.027875,0.1131,-0.053374,0.3616,0.58666,0.21288,0.20252,-0.19865,-0.16738,-0.45154,-0.19045,0.063358,-1.1748,-0.0081686,0.62337,0.041293,1.2279,-1.1531,0.068665,-0.71964,0.018883,0.17813,-0.5939,-0.1481,-0.026769,0.24914,0.71604,-0.17528,-0.020548,-0.051216,-0.27992,0.34621,-0.042032,-0.84698,0.11636,0.75838,-0.17764,-0.4419,0.1755,-0.12349,0.060974,0.032633,-0.58616,-0.68652,0.63782,-0.36807,0.461,-0.039908,0.49086,1.611,0.20474,-0.30198,0.11782,0.1057,0.76623,0.36084,-0.087194,0.72065,0.11079,0.4574,0.0065445,0.36566,0.046371,0.16973,0.53955,0.17671,-0.11165,-0.024764,-0.22008,-0.043004,0.048508,0.19032,0.32999,0.45816,1.049,0.028637,-0.21515,0.39444,-0.059323,-0.23486,-0.062661,0.23335,0.091925,-0.064613,0.38004,-0.12462,0.076701,0.14868,-0.032405,1.8396,-0.075249,0.13718,0.62807
TCGA-24-1549-01A-21-1558-20,OV,Primary,35,-0.17746,-0.44257,-0.022534,-0.13801,0.39972,-0.25584,-0.25512,0.48191,-1.0517,-1.1342,0.20835,1.1952,-0.24512,0.69856,0.44369,-0.41386,-0.82808,-0.86592,-0.26184,-0.0020678,0.86581,-0.027641,-0.19705,0.2449,-0.39394,0.03299,0.2027,0.14007,0.035506,1.4599,-0.79595,0.2054,-0.28144,0.12169,0.3511,-0.02809,-0.18313,0.18867,0.06732,1.2361,0.15112,0.70617,0.028547,0.53315,-0.47891,0.53969,0.6126,-0.87494,0.73544,-0.20406,0.22715,-0.035308,0.2099,2.0092,-0.089658,-0.38504,-0.53589,-0.052061,1.0019,-0.2866,-0.1833,-0.40562,0.020699,-0.0049399,0.27904,-0.12921,-0.052407,1.2904,0.66405,-0.31501,-0.088442,-0.5554,-0.57697,-0.17394,-0.056539,-0.49765,0.51595,0.1904,0.15403,0.18087,0.37953,0.42725,0.21113,1.2043,-0.30338,-0.49138,0.11233,-0.070125,0.22418,0.13302,0.10178,0.374,0.17578,-0.11329,-0.032379,-0.3137,0.29164,0.036631,-0.10603,-0.44436,0.69831,-0.80716,-0.40106,-0.0087786,0.30643,-0.037332,0.73046,-0.10839,0.096006,1.3311,-0.47614,0.24136,0.33469,0.23344,0.27561,-0.042,-0.074142,-0.76861,0.43953,0.40478,0.30858,-0.094691,0.11137,0.78552,0.10801,-0.27031,-0.17992,-0.075474,-0.23943,0.12888,-0.01137,-0.064128,0.012993,-0.041744,0.32358,0.14485,0.16997,0.61,-0.35241,-0.24915,-0.36642,-0.32338,0.74521,0.18247,-0.10466,0.72121,-0.01799,-0.98644,-0.37643,0.018915,-0.89799,0.011263,-0.10491,-0.54961,0.20702,0.037712,-0.21819,0.29609,-0.0053342,-0.0011659,-0.39318,-0.30191,0.47228,-0.15945,-0.91412,0.18355,0.20599,0.5397,-0.33948,0.093557,-0.45267,-0.13414,-0.13906,0.0038611,0.22331,0.57728,-0.44799,-0.56801,-0.073791,-1.0176,1.3291,0.091119,-0.073847,0.0071666,-0.09171,0.82295,-0.44083,0.35729,0.16205,0.44454,-1.8565,-0.016156,0.010927,-0.13489,0.21602,0.36612,0.16342,-0.19551,-0.098731,-0.08164,-0.057019,-0.16678,0.0012379,1.0734,0.20081,2.04,-0.062924,0.023247,0.1022,0.055754,-0.19284,-0.092117,-0.15527,0.093655,-0.10582,-0.13019,-0.45727,-0.095713,0.5113,-0.23986,1.7714,0.21613,0.14834,0.67278
TCGA-24-1558-01A-21-1558-20,OV,Primary,35,-0.0003514,0.3488,-0.053892,0.30348,1.3396,0.43411,0.57828,-0.58127,-1.4828,-0.93731,-0.19805,0.63525,-0.36535,0.69566,0.86529,-0.19884,-0.5084,-0.858,0.051996,0.17364,1.4998,-0.19914,1.2029,-0.23471,-0.48184,0.056744,-0.060741,0.39219,-0.12972,-1.1243,-0.86397,0.15072,-0.5577,0.046515,0.39708,-0.08442,0.80214,0.25969,0.17555,2.2411,0.10937,0.19617,-0.030637,1.4002,0.048761,0.83027,1.3728,-0.027973,0.52365,0.055681,-0.20361,-0.11929,0.25051,0.96601,-0.56553,0.19076,-0.65737,0.061388,2.4274,-0.28104,0.50171,-0.80393,0.23374,0.024355,0.046977,-0.088959,-0.32515,2.4531,-0.60615,-0.3734,-0.4227,-0.76341,0.34099,-0.29484,-0.016489,-0.71887,1.3584,-0.34644,0.0996,0.17132,0.29893,0.13358,0.48557,0.4519,-0.27068,-0.44339,0.097868,-0.096957,0.22333,-0.0041708,-0.84033,1.2164,-0.35877,-0.43729,-0.13483,-0.66967,0.41954,0.033967,-0.3199,-0.064626,0.1683,-0.54575,-0.037798,0.099378,-0.23343,-0.38791,0.10687,-0.17004,0.11204,-0.33219,0.23576,-0.60433,-0.16816,0.093914,0.75662,0.068174,-0.0585,-0.17459,0.098532,0.00083597,-0.17579,0.95401,0.18149,0.95698,0.013289,-0.014641,0.88505,0.28719,-0.10528,0.21177,-0.30029,0.10862,0.18856,-0.085469,0.22625,0.16397,0.20133,0.6826,-0.027436,-0.31452,-0.29956,-0.7119,0.75628,-0.2798,-0.028298,0.45379,0.096806,-0.68557,-1.1213,-0.020904,-1.3276,0.096829,-0.049976,-0.068176,0.014508,0.073875,0.040029,0.50888,-0.07438,0.05543,-0.28952,-0.61342,0.26624,-0.23332,-1.0454,0.25447,0.78891,0.20898,-0.27268,0.13237,-0.32226,0.19817,0.0096592,-0.37719,-1.845,0.94429,-0.43365,1.679,-0.048466,1.338,0.25363,-0.006919,0.1076,-0.045117,-0.072231,-1.3645,-0.069373,0.8954,0.32802,0.5883,-0.043613,-0.010732,0.032109,0.21837,0.26717,0.89892,-0.019481,-0.10831,-0.048633,0.1694,-0.13444,-0.42135,0.11015,0.087373,0.18431,1.4371,-0.16215,-0.25766,-0.25257,-0.03901,-0.30415,-0.049463,-0.075174,0.06595,-0.12105,-0.089953,-0.10911,-0.21355,0.10854,-0.31947,2.0578,-0.3751,-0.17234,0.42799
TCGA-36-1569-01A-21-1558-20,OV,Primary,35,0.066124,-0.40344,-0.3756,-0.52765,-0.24545,-1.2506,-0.67449,-0.077547,-0.14656,-0.69144,-0.21817,-0.17768,0.31723,-0.31778,0.32469,-0.289,-0.51233,-0.35834,-0.027719,0.066679,-0.72808,-0.2163,0.77227,0.1985,-0.034374,-0.013486,0.13626,-0.16138,-0.046796,-0.84421,0.28996,0.19897,0.029688,-0.35146,0.0034735,-0.088439,-0.068472,0.1319,-0.11179,0.71468,0.015331,-0.96541,-0.023011,-0.10205,-0.35804,0.5673,-0.81458,-0.67533,0.32128,-0.071865,0.06703,-0.041784,-0.043204,0.38069,-0.5692,-0.46547,1.0689,-0.016265,0.58548,-0.20032,-0.51563,-1.1108,-0.095227,0.12608,0.16584,-0.0075976,-0.87442,0.88325,-0.99156,-0.17084,0.69551,0.16122,-1.0611,0.23987,-0.13586,0.63308,0.054262,-0.59589,-0.0049246,0.20942,-0.28171,0.18689,0.42127,0.47661,-0.40981,-0.23233,0.042356,0.47504,0.12723,0.0019864,0.14722,-0.19563,-0.16795,-0.16282,0.26788,0.15363,0.23112,0.0379,-0.32328,-0.19996,0.18912,-0.51286,0.32754,0.17191,-0.17487,-0.16675,0.47,0.17026,-0.097732,-0.68703,-0.35104,0.062764,0.23169,0.18974,0.2203,-0.14481,0.014258,-0.16367,0.1841,0.2097,0.027941,-0.15416,-0.04452,-0.040809,-0.35353,-0.55915,0.16552,-0.058821,0.0063022,0.02867,0.026936,-0.29215,0.33942,0.13177,0.48302,-0.63422,-0.018462,0.48417,-0.36913,-0.062347,-0.14241,0.18795,0.036925,-1.1297,-0.24878,-0.1783,0.094605,-0.52911,-0.69908,0.26833,1.0796,0.18447,0.095049,-0.089797,0.12065,-0.00016142,-0.52449,0.48353,0.23699,0.23893,-0.11306,-0.70368,0.55868,-0.016972,0.54454,-0.033019,-0.1612,-0.018097,-0.093249,0.073731,0.091022,0.11865,-0.06579,-0.34026,-2.2008,-0.10237,0.033373,1.0807,0.022668,-0.11575,0.029421,0.25881,0.11444,0.21017,0.19764,-0.12605,0.28253,0.077651,0.12962,0.12364,0.15961,-0.0034365,-0.021982,-0.43083,-0.1223,-0.70721,0.203,-0.074309,0.061631,-0.29118,0.213,0.49426,0.21136,-0.30506,0.66646,0.11669,-0.25903,0.15713,-0.08316,0.096983,-0.022383,-0.013339,0.11738,0.02278,0.017887,0.055895,0.21177,0.098865,0.27839,0.14246,-0.24032,0.28969,0.024985,-0.79599
TCGA-24-1603-01A-21-1558-20,OV,Primary,35,-0.16328,-0.090308,-0.034145,1.1052,-0.33424,-0.57393,-0.72496,-0.26628,-1.2054,-0.43536,0.12176,0.76272,1.3536,1.217,0.85739,-0.42714,-0.52756,-0.93971,-0.1045,-0.05144,1.2269,-0.2898,0.061364,0.5399,-0.52213,0.014962,0.37737,0.16938,0.18601,-0.55922,-1.0842,0.11837,-0.47322,0.17034,0.24975,0.061219,-0.048148,0.34985,0.15401,0.067561,-0.080666,1.2558,-0.20364,0.68383,0.49454,-0.033804,0.37438,-0.54896,0.75858,-0.32105,0.035068,-0.11842,-0.12486,1.6436,0.12567,0.036725,-1.376,-0.36223,0.85186,-0.42863,0.13424,0.15909,-0.38471,-0.085368,-0.2346,0.047181,-0.63085,2.3882,-0.34945,-0.41533,0.34737,-0.24098,0.078632,-0.64452,0.065805,1.7522,-0.26518,1.2776,-0.21651,0.17519,0.36655,0.52441,0.90214,0.072737,-0.42134,-0.65989,0.13349,0.17842,0.12512,0.0094141,0.87659,-0.060901,-0.59144,0.74701,0.72243,-0.16433,0.13589,0.085655,-0.09748,-0.092397,0.47545,-0.63552,-0.19795,0.072649,-0.24821,0.084036,1.4034,0.28306,-0.21692,0.36176,-0.50404,1.0532,1.2949,0.28977,0.45721,-0.64226,-0.060296,-1.0777,0.36765,0.099531,0.56148,-0.26885,0.15354,0.91558,-0.50385,0.051854,0.16031,0.87649,1.3505,-0.32541,0.47851,0.07328,0.34812,-0.15497,0.75947,0.32325,0.8563,0.40058,-0.23904,-0.27227,-0.21173,-0.55471,0.40887,-1.4084,-0.040776,0.55682,-0.11798,1.3119,0.48767,-0.08138,-1.541,0.13579,0.019737,-0.13702,-0.11315,-0.06661,0.24892,1.8129,-0.10211,-0.1436,0.52007,1.5576,0.14246,-0.3227,-1.2955,0.014572,0.81378,0.15563,0.12067,0.14588,0.085871,-0.34845,-0.28782,-0.20631,-1.1817,0.33584,-0.47078,2.0404,-0.27249,-1.9439,1.2603,-0.039791,0.079611,-0.076423,-0.14153,-0.086047,-0.42411,0.22981,0.023745,-0.12788,-0.11606,0.087411,0.14682,-0.1587,0.92955,1.594,0.30843,-0.29563,-0.062708,0.028871,-0.1907,-0.20268,-0.08188,-0.044937,0.26015,1.0202,0.34009,0.25002,0.47673,0.29835,-0.32108,-0.19666,-0.20776,0.21,-0.27968,-0.32974,0.36689,-0.13816,-0.082581,-0.45829,1.298,-0.17425,-0.27423,1.4557
TCGA-25-1628-01A-21-1558-20,OV,Primary,35,-0.063465,0.026575,-0.48332,0.18455,0.5783,-0.50493,-0.69863,0.27306,0.29939,-0.12932,-0.25661,0.33796,-0.0078177,0.17013,0.9285,-0.43084,-0.14129,-0.41623,-0.21411,-0.16352,0.77934,-0.15796,0.056662,0.097385,-0.28868,-0.24725,0.27213,0.065234,0.026401,-0.40163,0.20715,-0.13914,-0.098923,-0.15066,0.018577,-0.22044,0.097376,0.029504,-0.0075309,0.89963,0.40403,0.29213,-0.068679,0.75836,0.050373,0.61217,-0.53445,-0.85312,0.26486,-0.057895,0.16812,-0.19114,-0.20525,0.84445,-0.59053,-0.41122,1.1765,-0.1741,0.54149,-0.30185,0.14304,0.3998,0.030463,0.14281,0.40712,-0.069413,0.099595,1.8449,-0.25767,0.22289,0.3553,-0.031004,-0.19932,-0.32369,-0.055618,1.6589,0.077703,1.2437,-0.073318,0.14488,0.22505,0.3742,0.31758,1.0009,-1.7443,-0.22859,0.1708,-0.2904,0.046783,0.03616,0.78573,-0.41931,0.031984,0.56301,0.50971,0.49521,0.31784,0.20641,-0.25826,0.18201,0.41739,-0.54462,0.21489,0.10201,-0.13785,0.16408,0.96348,0.15417,-0.132,-0.0033193,-2.0606,-0.69759,-0.82173,0.25588,0.060887,-0.56182,-0.15446,-0.24683,0.20652,0.74509,-0.073139,0.37135,-0.037678,0.97848,0.35611,-0.081404,0.11734,-0.017994,0.70974,-0.27797,0.10954,-0.16599,0.44595,-0.059544,-0.19725,-0.09318,0.44068,0.24027,-0.50813,-0.1764,-0.5443,-0.43601,0.2553,-0.91444,0.15774,0.1189,-0.034296,-0.51004,0.73663,-0.028831,-0.40166,-0.30482,0.0052928,0.65461,0.34557,-0.048443,-0.22924,0.68177,0.15838,-0.075164,0.14303,0.19795,0.33866,-0.1494,-0.047174,0.0015638,0.44818,0.27237,0.11831,-0.47449,-0.11291,0.12893,-0.14705,-0.24741,0.6109,-0.042195,0.63279,-0.34506,-0.11588,1.0059,0.15227,-0.034017,0.1394,0.26178,0.15495,0.36985,-0.3444,-0.24586,-0.1209,-0.25507,-0.010532,-0.093463,-0.099787,-0.18139,0.12996,0.59125,-0.78335,-0.1223,-0.094122,-0.10998,-0.33034,0.43274,-0.35884,0.011727,0.11797,-0.59911,-0.451,0.10789,0.13191,0.13958,-0.010924,-0.308,-0.11816,-0.068499,0.028122,-0.61239,-0.27338,0.014867,0.22591,-0.36313,1.7496,0.52446,0.0099626,-2.6747
TCGA-04-1648-01A-21-1558-20,OV,Primary,35,-0.11659,-1.2191,-0.34459,0.067457,-0.072627,-0.54529,-0.36109,-0.4605,-0.3042,-0.656,0.60384,0.98637,0.53119,-0.27376,0.20563,-0.16388,-0.25759,-0.23302,-0.19111,-0.0087256,0.13679,0.018723,-0.16757,-0.27196,-0.33077,0.10945,-0.041525,-0.2482,0.20498,-0.61071,-1.7867,0.1254,-0.34274,-0.43369,0.26003,0.33355,1.0395,0.58999,0.13371,-0.22537,0.82604,-1.2942,0.089383,0.50237,0.35964,-0.24748,1.3341,-1.4229,0.91472,-0.19999,-0.19423,0.090895,0.2752,2.2688,0.48203,0.67077,-0.48052,0.28376,-0.2764,-0.14199,-0.1331,-0.024417,-0.83543,-0.2976,0.056258,-0.11046,0.43267,1.9783,0.17715,-0.043365,0.13481,-1.0193,-0.27097,0.087405,0.11598,2.1778,-1.1583,1.4975,-0.15184,0.31887,0.080561,0.64963,0.31993,-0.86498,0.50043,-0.23765,0.20819,-0.4414,0.34011,0.42938,0.98374,0.0034599,-0.62019,0.7348,0.31949,-0.52877,-0.81088,-0.13861,0.16159,0.36434,0.087646,-0.91294,-0.19883,0.2464,-0.21541,-0.062199,-0.10681,-0.057133,0.032923,-0.90495,-1.0926,0.50469,0.61067,0.16054,0.41618,-0.62818,0.067771,-0.92603,0.12425,0.048343,0.18793,-1.1484,0.33052,1.3025,-0.77833,-0.29367,-0.27994,0.41943,1.7457,-0.41483,0.78767,-0.25272,0.45592,-0.11939,-0.077925,-0.43631,0.63481,0.022237,0.015339,-0.18183,-0.065314,-0.33525,-0.38761,0.068209,0.063191,-0.70172,0.24312,-0.7514,0.77409,0.040824,-0.78313,-0.2742,0.18112,0.67662,-0.11648,-0.0098597,0.20814,0.90769,0.18485,0.58381,-0.27505,1.6939,0.01085,0.16697,-0.43261,-0.13507,0.017107,-0.45247,0.12124,0.010682,0.39199,0.21943,0.10857,-0.76722,-2.7555,-0.15931,-0.12855,1.6446,-0.18828,1.8499,-0.25977,0.24124,0.28091,0.087183,0.099095,0.16607,0.70447,0.17977,-0.072704,-0.26358,-0.17596,0.17238,0.37062,0.039161,-0.067547,-0.19985,-0.24073,-0.036337,0.057577,0.19487,0.020343,-0.40591,-0.64029,-0.8052,0.25133,-0.28143,-0.45043,-0.084306,0.5101,0.23233,-0.19672,-0.34666,-0.028433,-0.034111,-0.57845,0.49763,0.050158,0.10126,0.016915,-0.6648,2.1018,-0.5614,-0.28939,-0.9703
TCGA-09-1673-01A-21-1558-20,OV,Primary,35,0.14265,-0.099877,-0.67661,-0.46267,0.45896,-0.7497,-0.48797,-0.15669,-0.39332,-1.2103,-0.16618,0.34033,0.47922,-0.054026,-0.084035,-0.081267,-0.90885,-0.35701,-0.39356,-0.16994,-0.67703,-0.48574,0.3781,-0.10938,-0.41176,0.008667,0.3844,0.25353,-0.074783,-0.90722,0.47367,0.2282,-0.24071,-0.0067444,0.28808,0.0033202,0.4564,0.37398,0.18239,-1.5628,-0.1118,0.70336,-0.10644,1.2191,1.5104,0.71162,-2.391,-0.76246,0.42771,-0.27543,0.10901,-0.19261,0.11842,1.9142,-0.10015,0.81671,-1.0313,-0.24929,0.83913,-0.074858,-0.41777,-1.1451,-0.045391,-0.01261,-0.11149,-0.1263,-0.86738,0.0072652,-0.73052,-0.26046,-0.00037929,-1.1761,-0.27715,-0.99886,0.099859,1.1149,0.54284,-0.036637,-0.0046271,0.17401,-0.073336,0.26082,0.86107,1.3196,-0.64058,-0.34039,-0.10696,-0.47661,0.27632,0.15533,-0.44151,0.47741,0.42133,0.30294,-0.06724,0.54842,0.43282,-0.10136,-0.26313,1.2519,0.49806,-0.85927,-0.26562,0.12596,0.0045508,-0.51119,0.09056,0.012508,0.34004,2.1641,-0.41753,-0.5702,-0.71895,0.22795,0.13627,-0.47897,0.074509,-1.1216,0.034962,-0.073433,0.20834,-0.20797,0.18731,1.4816,0.29422,-0.15806,-0.24673,0.1692,0.21062,-0.21768,-0.080665,-0.46866,-0.065133,0.0882,0.29894,-0.22766,-0.055242,0.47611,-0.20276,0.011518,0.10592,-0.14165,0.52161,-1.112,-0.19979,-0.14651,0.27405,-2.4112,-0.39724,0.23226,-1.4717,-0.24203,0.32781,0.19093,-0.41908,0.048635,-0.31963,1.3617,0.15135,0.38495,-0.28449,-1.063,0.85121,-0.10439,-0.35445,-0.10195,0.18603,-0.11325,0.078287,0.023357,0.34585,0.21172,-0.13231,-0.51272,-0.094404,-0.24139,0.22805,-0.10214,-0.051379,0.97198,0.53587,0.24439,0.29795,0.29025,0.18826,-0.41303,-0.56128,0.07788,-0.66515,-0.037411,0.5505,-0.034454,-0.38792,-0.043989,0.49266,0.33291,-0.078891,-0.14719,0.0038917,0.52838,-0.073824,0.65267,-0.64363,-0.19888,0.86042,0.73832,0.065599,0.24893,0.048949,0.1093,-0.10986,0.33258,0.55675,0.10877,0.32351,0.043109,-0.08251,0.43508,-0.029042,-0.2014,1.9157,0.40034,0.12882,-0.11161
TCGA-29-1688-01A-21-1558-20,OV,Primary,35,-0.16904,0.22614,-0.093569,0.76446,-0.19348,0.46734,0.27577,0.21231,-0.034821,-0.92513,-0.37131,0.35925,0.36682,0.91458,0.99787,-0.094119,-0.17945,0.56862,-0.34686,-0.25153,0.19562,-0.16552,0.87096,0.40003,-0.61625,-0.055534,0.84558,-0.10234,-0.12632,-0.50296,0.12522,-0.068746,-0.54741,0.2288,-0.05637,0.013264,0.64585,0.45242,0.060588,0.62981,0.37422,0.81781,-0.1267,0.90556,-0.022396,0.28443,-0.42361,-0.16515,0.38614,-0.28502,-0.0046571,-0.11352,-0.24732,0.97003,-0.14589,0.56019,-0.057401,0.13235,1.0771,-0.33377,0.20189,-0.30976,-0.65667,-0.29998,-0.19073,-0.08352,0.76824,0.11288,-0.37423,-0.27205,0.30332,0.029196,0.45363,0.39657,0.019589,1.243,-0.20311,0.45168,-0.17059,0.13558,0.20818,0.12062,0.4594,0.4611,0.3085,-0.32382,0.087387,-0.17845,0.076503,0.13493,0.13739,0.41675,0.070487,0.25786,0.062512,0.81079,-0.091019,0.13762,-0.3598,0.20805,0.3986,-0.63702,-0.038258,-0.034123,0.13917,-0.060233,1.2158,-0.59165,0.15892,0.35828,-0.28513,0.70291,0.72733,0.15702,0.10916,-0.41667,-0.15619,-0.98425,0.23875,0.50471,0.54249,0.52544,-0.043866,1.9535,-0.095664,-0.20833,-0.36139,-0.30352,0.3366,-0.35047,0.17271,0.07295,-0.028516,-0.28884,-6.2917e-05,0.23505,0.21782,0.21374,-0.34187,-0.21843,-0.55792,-0.93619,0.30476,0.88099,0.18612,0.84987,0.010221,-1.1518,-0.56995,-0.23835,0.36308,0.29655,-0.20414,0.46761,0.34515,0.00732,-0.39233,0.18557,-0.21243,-0.28384,0.32733,0.74024,0.14624,-0.17572,-0.1324,0.44779,0.81623,0.098151,0.011852,-0.11706,-0.27536,-0.055957,-0.23045,-0.17135,-0.55427,1.0841,-0.11974,1.3005,-0.29825,1.1424,0.2385,-0.15739,0.24688,-0.19119,-0.13168,0.0054741,0.35813,-0.071733,-0.064336,-0.16082,-0.32722,-0.074577,-0.049906,-0.20098,-0.3204,-0.1838,-0.22796,-0.16282,-0.20077,-0.92399,-0.29094,0.3586,-0.1007,0.39128,0.3951,0.55274,0.13837,-0.042281,-0.22246,-0.19531,-0.36721,-0.51193,-0.21347,0.13147,-0.19368,-0.76554,-0.35921,-0.17024,0.57094,-0.34683,2.0271,-0.23088,-0.39223,0.18033
TCGA-29-1698-01A-21-1558-20,OV,Primary,35,-0.11331,-0.37423,-0.24474,0.011368,0.47672,-0.050171,-0.2756,-0.047651,-0.070081,-0.29377,-0.19314,0.45588,-0.053231,0.63917,0.040117,-0.3685,-0.49531,-0.64298,-0.30983,0.049921,-0.027262,-0.14621,0.46254,0.19522,-0.35408,-0.10131,0.27068,-0.014758,-0.27475,-0.84393,-0.070988,0.03898,-0.26085,0.056693,0.083789,-0.14776,0.15627,0.17058,-0.001651,0.50263,0.75274,0.90706,-0.13621,1.433,-0.33381,0.57356,-0.17748,-0.49849,0.86839,0.017229,-0.11108,-0.20221,-0.2092,1.3507,-0.23613,-0.17409,0.79905,0.043398,0.34057,-0.55537,0.036257,-0.15563,-0.026944,0.043324,0.51235,0.094156,-0.16324,2.712,0.0064532,-0.1564,0.2541,-0.34985,0.19291,-0.3494,0.023431,-0.20016,-0.28303,-0.2543,-0.12456,0.11139,0.036751,0.14364,-0.18271,0.81318,-0.41518,-0.10467,0.26521,0.20186,0.11906,-0.20827,0.036987,0.82004,-0.027927,-0.11114,0.22133,0.46587,0.3999,-0.0012794,-0.38142,-0.31195,0.1407,-0.49581,-0.11588,0.086285,-0.17247,0.079258,0.59786,-0.37699,-0.1764,0.13966,-0.44813,0.22199,0.47634,0.055485,0.085434,-0.47833,-0.057885,-0.51839,-0.046943,-0.069297,0.060491,0.6023,-0.10246,0.36314,0.20793,-0.11306,0.28977,-0.095724,-0.005807,0.062771,-0.11112,-0.19862,-0.011506,-0.19179,0.89764,0.19977,0.10308,0.29545,-0.18113,-0.096709,-0.37537,-0.28799,0.60852,-1.0866,0.13802,0.56961,-0.10215,-0.7389,0.24413,0.053019,-0.73159,0.39057,0.045592,0.39282,0.75714,0.070115,-0.047142,0.32313,-0.023445,-0.11585,-0.20149,-0.34803,-0.086343,-0.020324,-0.55964,0.28896,0.38419,0.066678,0.074642,-0.12573,-0.15955,0.057993,-0.3857,-0.19853,-0.60009,0.21978,0.31315,0.98259,0.12004,1.0008,0.80703,0.20553,-0.17937,0.045696,0.066547,-0.36667,-0.33875,0.077065,0.24163,0.058405,0.005919,0.04399,0.13471,-0.050151,0.22301,0.54398,-0.024619,0.016751,-0.10944,-0.30183,-0.045898,0.19753,0.40422,-0.17448,0.2564,0.80568,-0.24589,-0.27221,-0.12234,0.216,-0.072224,-0.096433,-0.078413,-0.014245,-0.060784,-0.3321,-0.20534,0.0091995,0.1063,-0.30068,1.3031,-0.121,-0.0077633,-0.073393
TCGA-04-1517-01A-21-1558-20,OV,Primary,35,-0.027631,-0.68211,-0.26783,0.10745,-0.41557,-0.53454,-0.92354,0.67345,-0.38975,-0.67392,-0.37383,0.013819,-0.050961,0.71719,-0.2817,-0.12946,-0.23084,-0.61371,0.23599,0.054498,0.068197,-0.16933,1.9152,0.3953,-0.38921,-0.039871,0.1831,0.11134,-0.077978,-1.0683,-1.04,0.11857,-0.58706,-0.048762,0.13099,0.043303,0.56781,0.64324,0.062132,1.0198,-0.0619,-0.17229,-0.18277,2.3352,-0.23855,0.43276,-0.070852,-1.2549,0.69282,0.053455,0.41666,-0.098271,-0.44311,2.1945,-0.3679,0.46299,-1.213,0.30874,0.48322,-0.26349,-0.028298,-0.18948,-0.094773,0.12307,-0.25228,0.015627,-0.34856,1.1598,-0.48802,-0.19664,-0.25097,0.30596,0.13324,-0.026533,-0.012516,0.51245,-0.046864,-0.19316,-0.26453,0.13758,0.13631,0.42089,-0.13729,0.048056,0.22198,-0.26173,-0.035974,0.75187,0.24187,-0.31444,-0.34858,-0.10718,-0.26505,-0.0081607,-0.049609,-0.078018,0.41875,0.60762,-0.32083,0.4591,0.11876,-0.8946,-0.55414,0.2549,-0.14764,0.15952,0.93894,-0.35564,-0.0442,0.38919,-1.3578,-1.0847,-0.49435,0.15616,-0.30411,-0.40244,-0.064856,-0.41349,0.5347,0.2982,0.19906,-0.82342,0.14393,0.85817,-0.080353,0.1362,0.4043,0.012569,0.19381,-0.13856,0.27216,-0.38675,0.16415,0.067366,0.53598,0.12956,0.27792,0.012458,-0.49375,-0.1774,-0.30153,-0.0058969,0.048941,-1.1107,-0.14575,0.27733,0.04099,0.1253,-0.24809,0.099196,-1.9153,-0.12531,0.12283,0.32724,-0.11861,-0.034399,-0.14737,0.13232,-0.12511,0.17847,-0.62878,-0.10925,0.58419,0.0096478,0.046115,-0.15399,0.34182,0.38472,-0.59552,0.014375,0.1771,0.24726,-0.31278,-0.66913,-2.0637,0.57444,0.099738,3.2069,-0.1705,1.1022,0.16431,0.27599,0.61343,0.22481,0.24685,0.14249,-0.10461,0.39561,-0.60725,-0.15756,0.41483,-0.039352,-0.0010397,0.10744,-0.33391,-0.24817,-0.026933,-0.034467,0.020695,0.20194,0.054505,-0.26669,-0.34571,0.9855,0.21681,0.82111,0.13666,-0.14604,0.085661,0.12844,-0.1505,-0.036968,0.22144,0.090006,0.16422,0.26432,0.32707,0.31031,0.43892,-0.74234,1.4209,0.2579,0.054785,-0.31235
TCGA-24-1550-01A-21-1558-20,OV,Primary,35,-0.078289,-0.26264,-0.051431,0.422,-0.46013,-0.74411,-0.91662,-0.62424,1.1572,1.0092,-0.1475,-0.41837,-0.10642,0.41104,-0.36507,-0.27077,-0.40328,-0.74429,-0.34898,0.044984,0.074069,0.11242,-0.0023249,0.27899,-0.014506,0.024911,0.27744,0.060831,0.17148,-0.47495,-0.51927,0.19258,-0.31297,-0.046128,0.50791,0.040531,0.034907,0.28347,0.13485,-0.71247,1.0633,0.29569,0.13792,0.24701,-0.12027,0.060067,-0.58802,-0.48532,0.16476,0.68071,0.47669,0.068444,-0.029438,-1.7293,-0.41705,-0.13717,0.97837,-0.036389,0.11775,-0.40817,-0.1726,0.35404,-0.21997,0.12992,0.27665,-0.036539,1.5155,3.0046,-0.57729,0.34,-0.05737,-0.051848,-0.50382,-0.36951,-0.11315,0.91814,0.34009,0.52059,0.30374,0.2913,-0.051399,0.40987,0.54706,0.17511,-0.87369,-0.01206,0.61496,-0.44482,0.13443,0.02079,0.5547,0.016015,-0.30909,0.037469,0.48205,0.55148,0.50216,-0.025369,-0.01274,-0.48772,0.71099,-0.57804,-0.126,0.0095682,-0.17697,0.52591,-1.1723,-0.29186,0.22256,0.65487,-0.77723,0.58315,0.6141,0.29393,-0.080543,-0.22917,-0.10228,0.05179,0.62837,0.63378,-0.024615,-0.23968,0.38464,-0.14751,0.039433,-0.51168,-0.024608,0.47446,1.7594,-0.0048976,0.3608,0.20747,0.248,-0.31595,0.44753,-0.36889,0.44319,-0.003224,-0.34998,-0.23024,-0.63702,-0.16255,0.50597,-1.2387,0.04614,0.38597,-0.045128,-1.2389,0.6399,-0.16198,-1.9866,-0.076773,-0.095658,1.6993,1.045,0.2035,-0.26803,0.72397,-0.042768,0.15043,0.037332,-0.51614,0.30434,-0.063761,-0.52026,-0.084771,0.4285,0.053478,0.087999,-0.014056,-0.20434,0.057164,-0.13732,-0.026307,0.2291,0.51825,0.3402,1.4852,0.0027256,-0.96624,0.39687,0.051156,-0.06209,-0.10956,-0.079352,0.17912,-0.33277,0.49234,-0.061148,-0.046792,-0.24218,0.088068,-0.17784,-0.059967,0.40247,0.79548,-0.14735,-0.031513,0.043911,-0.84468,0.19778,0.37595,-0.17317,0.11198,0.1002,0.66429,-0.068853,-0.13098,-0.14734,0.17336,-0.10265,-0.12228,-0.2285,0.076675,-0.12456,-0.23002,-0.27873,-0.074585,-0.032722,-0.60236,1.442,0.26826,-0.17529,-1.0463
TCGA-24-1560-01A-21-1558-20,OV,Primary,35,-0.10451,-0.74702,-0.4392,-0.060063,0.89257,-0.74428,-0.62137,-0.18925,-1.4233,-1.0501,0.25759,-0.1341,1.0411,0.22449,0.52085,-0.34722,-0.30166,-0.78562,-0.047197,0.04236,0.59049,-0.19032,0.47007,0.18658,-0.64579,-0.003922,-0.10693,0.063816,-0.0022927,-0.97614,-1.3251,0.16018,-0.20564,-0.21962,0.27545,0.016678,0.2448,0.16062,0.20126,1.0004,0.37045,0.35427,-0.13969,0.93115,0.31798,0.25391,0.68894,0.048503,0.76092,0.064287,-0.23791,-0.11147,0.12005,0.69697,0.11321,-0.73131,-1.2526,-0.36942,0.6945,0.024344,-0.07952,-0.5159,-0.17671,-0.28679,0.20872,-0.23886,-0.50314,2.664,-0.70765,-0.13471,-0.050408,-0.48111,-0.38711,-0.86142,0.073084,0.40921,-0.10449,-0.33101,-0.12998,0.16294,0.22281,0.34488,0.12477,0.37859,-1.9526,-0.52295,0.32297,-0.26518,0.19979,-0.27261,0.021114,0.59986,-0.34423,1.8037,0.45568,-0.80537,0.078926,-0.18826,-0.029688,0.07035,0.20553,-0.85948,-0.57862,0.32789,0.32704,-0.0070471,0.49232,0.31691,-0.16949,-0.41276,-0.72374,0.35513,0.77639,0.10588,0.3345,-0.27248,0.012197,-0.83383,0.0031911,-0.68727,0.6327,0.27905,0.044042,0.5756,-2.116,0.15157,0.046688,0.48016,0.74838,0.1427,0.1044,-0.19958,-0.005397,-0.08565,0.89404,0.36696,0.27539,0.40901,-0.32477,-0.19266,-0.2825,-0.28446,0.58445,-1.133,-0.36134,0.10202,-0.07434,0.90992,-0.040315,-0.017857,-0.47836,-0.37473,0.10913,-0.57253,0.061197,-0.033648,-0.028855,1.2003,0.092311,0.19964,-0.23534,0.19922,0.57112,-0.13709,0.71683,0.16091,1.1862,0.51564,-0.10736,0.11148,0.027395,0.082985,0.16041,-0.30014,-1.1899,0.45079,-0.50647,2.3122,-0.01838,0.71375,0.29889,0.16359,-0.13113,0.073316,0.023309,-2.1317,-0.87547,0.13318,0.515,0.41347,0.16083,0.6622,0.70048,0.28432,0.45638,0.74643,1.7233,0.12441,0.023774,1.0216,1.6128,-0.9034,-0.43001,-0.024889,0.71733,0.57299,-0.0035177,-0.2708,0.12436,0.25742,-0.38535,-0.2003,0.25047,0.083843,-0.1317,-0.036476,0.31153,-0.075218,0.40646,-0.34073,0.83933,-0.23775,-0.13054,-0.15209
TCGA-36-1570-01A-21-1558-20,OV,Primary,35,-0.099442,-0.2788,-0.38776,-0.29471,0.34744,-0.90188,-1.1948,0.62788,-0.15791,-0.12126,-0.52205,-0.0096498,0.11616,0.9863,0.88884,-0.35382,-0.50343,-0.75694,-0.13141,-0.046491,0.40916,-0.28411,0.66443,-0.077653,-0.4594,0.016538,0.93195,0.17321,-0.16792,-1.169,-1.0248,0.13683,-0.42026,-0.090679,-0.0441,-0.030911,0.43465,0.32123,0.31506,1.917,0.24175,0.63447,-0.12466,1.2676,0.38759,0.39822,-0.025144,-0.64365,-0.029433,-0.19885,-0.079727,-0.048003,-0.10322,0.86464,-0.19558,0.038754,-0.036602,-0.21794,2.1162,-0.32827,-0.080649,-0.57201,-0.34361,-0.22534,0.027192,-0.026819,-0.17553,0.63869,-0.23913,-0.12804,-0.15414,-0.14909,0.52276,-0.42948,-0.0038474,-0.73112,0.26353,-0.58235,-0.086446,0.17963,0.44645,0.088454,0.31935,0.49509,-0.48266,0.017968,-0.0081241,-0.052988,0.20117,0.11662,0.17786,-0.24854,0.0088256,-0.087712,0.21382,-0.2219,-0.38926,0.34309,-0.49279,-0.70948,0.49981,-0.5037,-0.15293,0.10225,0.47928,0.0089188,-0.69739,0.58381,-0.012703,-0.18935,-0.38966,0.15863,0.55333,0.060411,0.0013346,-0.2899,-0.0079233,-0.8965,0.11318,-0.54453,0.25624,-0.48279,-0.0011158,1.1544,-0.077185,-0.52568,0.48647,0.087851,0.31423,0.0045358,-0.087284,-0.12693,0.029344,-0.26226,0.4659,0.11452,0.27655,0.67251,-0.46857,-0.14671,0.050622,-0.30165,0.50064,-0.34546,-0.080357,0.6675,-0.080013,-0.99454,-0.55211,-0.1379,-1.4711,0.222,-0.098769,-0.41767,0.70193,0.13765,0.044499,0.87531,-0.061482,0.15614,-0.068672,-0.035365,0.21757,-0.20541,-0.41105,0.49272,0.62851,0.053987,-0.045004,0.10389,0.030657,-0.04921,-0.10665,-0.51385,-0.99123,0.48295,0.10248,2.3025,-0.041116,0.83293,0.88668,0.052138,0.57516,-0.071023,-0.0088571,0.82169,-0.24671,0.49789,0.0034312,0.38954,0.082231,0.4553,0.44336,0.10413,-0.013763,0.19307,1.9608,-0.01968,0.38851,0.29763,1.4768,-0.29742,0.038259,1.4364,0.61913,1.1478,-0.28222,0.22173,-0.2076,-0.14678,-0.18665,-0.15677,-0.3581,0.01576,-0.0071609,-0.23866,0.3896,-0.020682,0.34999,-0.36703,1.3641,-0.32979,-0.097501,0.40127
TCGA-24-1604-01A-21-1558-20,OV,Primary,35,0.017171,0.0035101,-0.25455,0.62429,0.21072,-1.0001,-0.92346,-0.019291,-0.82829,-0.89434,-0.54443,0.14413,0.95019,0.46847,0.54888,-0.22602,-0.45426,-0.51203,-0.10169,-6.7838e-05,0.64311,-0.2113,0.78432,0.17154,-0.26776,-0.0072013,0.63845,-0.15919,-0.057193,-0.42963,-0.91625,0.26699,-0.26812,-0.10771,0.21758,-0.10832,0.069401,0.25691,0.21738,2.1524,0.40033,-0.13546,0.037875,-0.22029,0.54833,0.048172,0.6336,-0.58969,0.689,-0.20261,0.13264,-0.079251,0.38166,1.3249,-0.25223,0.73561,-0.4053,-0.19824,1.1735,-0.15651,-0.057354,-0.35309,-0.17246,-0.12425,0.014902,-0.082726,0.73236,0.72311,0.39145,0.078819,-0.14747,0.067375,-0.3824,-0.2528,0.053502,1.6428,0.96524,0.36253,-0.21411,0.35038,0.11878,0.31494,0.17402,-0.79811,-0.02202,-0.20536,0.15066,-0.10468,0.083843,0.27154,0.31717,0.056245,-0.38828,0.28478,0.23819,0.28898,-0.15431,-0.090699,-0.045473,0.65301,0.15246,-0.67975,-0.51277,-0.13698,0.11609,0.001103,0.61421,0.48783,-0.16543,0.016331,-0.96406,1.0199,1.2953,0.26348,0.14471,-0.36481,-0.039922,0.014693,0.33596,0.48206,0.63441,-0.53681,0.10432,0.16409,-0.65528,-0.094369,-0.25837,0.62437,1.0616,-0.24739,0.077822,-0.079745,0.13936,-0.0051051,-0.16983,0.23944,0.61107,-0.11647,-0.2346,-0.23545,-0.5991,-0.51715,0.43718,-1.104,0.35767,0.54407,0.059641,1.8806,0.052586,0.062059,-0.83079,0.28242,0.022358,0.90552,-0.016223,0.027846,-0.43106,0.97045,0.13894,0.089481,-0.42615,-0.27676,0.30203,-0.037614,-0.46876,0.010047,0.30169,-0.15988,0.1218,0.12187,-0.048938,-0.13977,0.11116,-0.39038,-0.029531,0.25072,-0.3446,2.7738,0.020401,-2.2544,0.46919,0.1429,-0.033499,0.043198,0.02537,0.18485,-0.27937,0.17684,-0.0074465,0.49893,0.19026,0.069757,-0.083153,-0.11159,-0.105,0.34452,-0.20358,-0.15369,0.029732,-0.51682,-0.068057,-0.17679,0.12024,0.16036,0.28111,0.30422,-0.08636,-0.081382,0.39321,0.13233,-0.23519,-0.057659,-0.065683,0.066806,-0.16131,-0.029513,-0.12607,-0.0011703,0.34537,-0.3231,0.12576,0.11452,0.088629,-0.41501
TCGA-25-1630-01A-21-1558-20,OV,Primary,35,0.20668,0.44114,-0.26138,-0.065141,-0.66114,-0.68519,-0.80593,-0.76528,-0.7941,-0.67146,-0.11969,-0.84816,0.2121,0.42257,-1.4062,0.38088,0.6574,-0.25785,-0.056524,-0.23945,-2.4688,-0.16403,-0.18818,-0.1052,0.052302,0.068762,0.3896,-1.055,0.12544,-0.38547,0.088367,0.10122,0.3065,-0.13923,1.4773,0.32273,-0.12151,0.45444,-0.1502,1.1263,0.84353,-0.44111,0.1411,0.74027,-0.15243,-0.10903,-0.042326,-2.1679,-1.4518,-0.16587,0.10612,-0.053414,-0.19258,1.3783,-0.41899,-2.106,0.54669,0.79716,-0.036558,0.24134,-0.4958,-1.5022,-1.1034,0.2892,-0.10305,0.74488,0.17601,0.96525,-1.2963,0.0011002,0.33687,-0.52708,-0.66739,0.74091,0.017212,1.4189,0.20717,0.2983,-0.28368,0.35213,-0.38215,0.42322,0.42101,-0.35542,-0.81401,0.0072184,-0.70673,0.5467,0.29846,0.42127,1.4432,0.45012,-0.75255,0.65109,-0.34719,0.0030067,-1.7338,-0.26247,-1.0745,1.0339,-0.43323,-1.233,-0.30626,0.095904,-0.17997,-0.22828,0.52801,-1.3768,-0.15588,0.08791,-0.60295,0.03856,-0.29337,0.23661,-0.057926,0.62342,0.15782,-0.35807,0.59717,1.1408,-0.57418,-2.2414,0.53049,0.83407,-1.8521,-0.86024,0.55236,1.0976,2.1553,-0.69407,0.52964,-0.099442,0.38763,-0.22513,-0.031522,-1.1173,0.48816,-0.63461,-0.17763,-0.038813,0.090708,-0.0001273,-1.3477,-0.94792,0.15557,0.76587,0.039717,-2.4122,-1.2836,-0.007677,3.5466,-0.71497,-0.32527,0.33613,-0.24623,-0.34109,0.04712,0.66438,0.84832,0.89688,-1.0593,-0.27851,0.75488,-0.31183,1.4312,-0.36915,-0.33106,-0.88586,0.28587,0.20015,-0.27922,0.42999,0.40272,-0.60668,-3.2691,-0.011211,-0.10064,-1.881,-0.34689,-2.0814,0.13179,0.26931,1.6353,0.35901,0.12646,0.52686,0.026233,0.83922,0.048726,-0.53102,0.11155,0.019116,0.80738,0.087513,-1.311,-0.57218,-0.56089,-0.24274,0.15864,0.55484,0.010512,0.13599,-0.82087,-0.13672,0.28477,-0.55586,0.058962,-0.10056,0.48982,0.76088,0.2962,0.011166,0.082889,0.091758,-0.85591,0.28265,0.12534,0.3918,-0.0059025,-0.69253,2.6816,0.32213,-0.065628,0.60599
TCGA-04-1649-01A-21-1558-20,OV,Primary,35,-0.17175,-0.32433,-0.27746,0.40613,0.275,-0.59057,-0.40395,-0.38901,-0.91864,-0.84414,0.53361,0.35136,1.6797,-0.31848,1.2721,-0.44418,-0.43431,-0.057909,-0.12954,0.31308,0.60734,0.021376,0.073176,-0.025097,-0.37993,0.066488,0.86075,-0.10421,0.042683,-0.75061,-0.30725,0.13883,-0.28022,-0.45975,0.04081,-0.023136,0.49822,0.23953,0.02648,0.92284,0.6173,-1.2359,-0.065209,0.42108,-0.09426,0.18301,0.048799,-0.39643,1.0501,-0.29825,-0.15784,-0.012273,-0.51753,1.5705,0.10998,0.539,0.039934,-0.037246,0.77639,-0.058947,0.15461,-0.32592,-0.4229,-0.29029,0.45984,-0.033046,0.68445,-0.055247,0.46039,0.13218,0.0087302,-0.56194,0.44001,0.048977,-0.08007,0.97475,-0.38807,0.86958,-0.13808,0.41894,0.40435,0.17809,0.36509,-0.50651,0.19086,-0.32379,0.15277,0.10405,0.12619,-0.10408,0.27711,0.48188,-0.1666,0.37306,-0.079656,-0.17653,-0.10484,-0.44836,-0.39018,0.70391,0.10183,0.15483,0.33583,0.3733,-0.042381,-0.13952,0.73117,0.21844,-0.20285,-0.48182,-0.44306,0.36905,0.21871,0.27332,-0.38681,-0.55886,-0.23624,-0.5546,0.012328,-0.23477,0.80596,1.2602,0.10977,1.3855,-0.031235,0.42306,-0.36236,0.19777,1.0278,-0.19954,-0.062703,-0.2216,0.42345,0.073142,-0.25454,-0.095915,0.4552,0.32044,-0.12328,-0.11122,-0.32952,-0.58162,-0.11243,-1.3856,0.20235,-0.27685,0.060325,0.20559,-0.24469,0.0033586,1.8794,0.14264,0.09724,0.028592,-0.12367,-0.043471,0.038303,0.64833,0.15683,0.20293,0.69258,1.3842,0.19264,0.15317,2.9629,0.35595,0.73993,0.36825,0.11575,-0.053928,0.012819,0.17852,0.23789,-0.16877,0.41637,0.13048,-0.2122,2.4629,0.085341,0.92585,0.28125,0.12088,0.21029,0.25653,0.0823,0.23402,0.15895,-0.1639,-0.16689,-0.35627,-0.012946,0.123,0.061899,0.16942,-0.24748,0.21641,-0.2265,-0.11699,0.057078,-0.31634,-0.1958,-0.28665,-0.18688,-0.31672,0.1387,0.44123,-0.42325,0.1433,-0.026474,0.0021102,-0.39126,-0.46268,-0.33912,-0.059921,-0.13288,-0.48832,-0.11786,-0.18782,-0.14469,-0.27172,1.7064,-0.43388,-0.20735,0.18821
TCGA-09-1674-01A-21-1558-20,OV,Primary,35,-0.11828,-0.62913,-0.028997,0.6947,0.077843,-0.57742,-0.77693,-0.15514,0.86162,0.3467,-0.35214,-0.09076,-0.74702,0.56969,0.22971,0.099949,-0.69553,-0.6535,-0.4016,-0.27286,-0.27673,-0.47147,0.2333,1.0552,0.24053,0.010726,-1.0703,0.14906,0.096717,-0.43891,-1.0995,-0.17768,-0.61325,0.51471,0.59361,0.22589,0.011244,0.31648,0.01636,0.30956,0.26581,1.3554,-0.21489,0.17706,-0.37408,0.13535,-0.29997,-1.2496,-0.10343,0.081002,0.37817,-0.21534,-0.36113,-1.1975,-0.22987,-0.42663,-0.6516,0.49569,0.18945,-0.56128,-0.04384,0.65134,0.37912,0.278,0.23207,-0.095032,-0.87947,2.0938,-1.3093,0.032859,0.43239,-0.86177,0.054246,0.015409,-0.15181,0.78172,-0.11056,0.011676,-0.29338,0.15926,0.075605,0.64877,-0.34328,0.77571,-1.8531,0.062815,0.23223,-0.56992,0.029373,-0.039053,1.1262,0.007339,0.0054235,1.0703,1.0637,-0.5975,0.18028,0.6748,-0.57536,-0.75645,0.27593,-0.80077,0.037763,0.22908,0.17867,0.19632,-0.19754,0.20646,-0.25023,1.4263,-1.5207,0.47298,0.75985,0.12841,0.10836,-0.0025929,0.027639,-0.7668,0.10291,0.27562,0.40613,-0.57444,0.26738,0.030774,-0.045998,-0.24081,1.8846,0.61965,0.59727,-0.43978,0.3577,-0.21979,0.4142,-0.2362,1.3465,0.24074,0.4353,0.61123,-0.08925,-0.16648,0.13302,-1.2338,0.50256,-1.0326,-0.22428,1.3058,0.067208,-1.7243,0.94031,-0.1759,-1.2741,-0.24208,-0.28292,0.52846,0.20783,0.14616,-0.16329,0.95396,0.087019,0.045973,-0.24366,0.79465,-0.40262,-0.49582,-1.0891,0.078283,0.77635,0.75271,0.54097,0.076316,-0.018166,-0.074269,0.084901,-0.037354,-1.2023,0.0086914,0.74668,1.4359,-0.43474,1.0531,-1.0749,-0.18552,-0.073275,0.049631,-0.18903,-1.6955,-0.17235,0.56008,1.041,0.26308,-0.066582,0.083579,-0.28091,0.0099465,1.0865,1.499,-0.59515,-0.4425,-0.12041,-0.57131,-0.1715,-0.19628,-0.67289,-0.25722,-0.15616,0.89578,0.41712,-0.18139,0.21967,0.35903,-0.59563,-0.59635,-0.37917,0.18294,-0.53785,-0.35941,-0.90016,-0.29937,-0.50521,-0.99984,1.6664,-0.047532,-0.4401,-0.52126
TCGA-29-1690-01A-21-1558-20,OV,Primary,35,-0.064569,-0.42837,-0.16752,-0.25455,-0.20724,-0.97944,-0.96685,0.016238,-0.30874,-0.65213,-0.072054,0.0016934,0.47581,-0.72175,0.30257,-0.29138,-0.45619,-0.84542,-0.21467,0.088496,-0.081488,0.0066451,-0.72682,0.077602,-0.26655,0.083236,0.70375,-0.050876,0.1388,-0.96821,-0.54388,0.17486,0.043101,-0.37736,0.11832,0.071783,-0.1076,0.28406,0.12321,1.0713,0.65372,-1.531,0.1856,-0.75284,-0.51865,0.1475,-0.23454,-0.95194,0.44954,-0.23288,0.10031,0.053802,-0.093331,1.6473,-0.17772,0.14623,0.83307,0.0086998,1.3032,-0.28777,-0.47483,-0.36209,0.099948,0.11986,0.45829,-0.050038,0.4613,0.91074,0.9603,-0.08496,-0.0054235,-0.047992,-0.23581,0.065525,0.011592,1.7079,0.13428,0.41122,0.7936,0.27392,-0.40084,0.22452,0.55988,0.77426,-0.4166,-0.27912,-0.042838,-0.007687,0.10297,0.10305,0.53258,0.080888,-0.18555,0.089932,0.31813,-0.030541,0.52478,-0.32048,0.018221,0.18795,-0.07815,-0.13789,0.45549,0.12038,-0.15161,-0.017775,0.44234,-0.28924,-0.023927,0.14185,-2.0904,-1.1334,-1.1874,0.25248,0.18181,-0.188,-0.093095,-0.27631,0.18168,0.57985,0.39141,-0.044758,0.11162,0.39552,-0.18214,0.30107,-0.15089,0.0035638,0.48206,-0.040769,0.2662,-0.3551,0.244,-0.16332,-0.20056,-0.47506,0.408,-0.17064,-0.32858,-0.14406,-0.6027,-0.35791,-0.20436,-1.8181,0.10305,-0.44257,-0.11268,-0.67603,0.02356,-0.16432,-0.94505,0.26931,-0.12021,1.8358,0.53174,-0.050316,-0.36323,0.82898,0.17967,-0.082289,-0.35358,0.49324,-0.2296,0.03176,0.059706,-0.080616,-0.47943,-0.56894,0.016713,-0.036502,0.05457,-0.0046506,-0.027957,0.27723,-0.60684,0.010607,0.18199,1.986,0.076821,-0.47684,-0.057162,0.024503,0.43833,-0.039257,0.13254,1.0797,-0.22941,-0.13239,-0.32664,-0.26668,-0.071116,0.092954,0.033445,0.053309,-0.52648,-0.48027,-0.16251,0.0024568,-0.0051775,0.020332,-0.067859,-0.049515,-0.012594,-0.083375,0.1922,-0.60821,-0.28849,-0.22331,-0.25401,0.13508,-0.19067,-0.43445,-0.084888,-0.039494,-0.07469,0.49679,-0.016421,0.099116,0.38323,-0.42967,0.078147,-0.030356,-0.14898,-1.9055
TCGA-29-1699-01A-21-1558-20,OV,Primary,35,0.0013254,0.13648,-0.17766,0.55919,-0.42272,-0.75156,-0.39142,-0.34226,-0.42476,-0.27391,-0.35661,-0.70639,0.064837,1.4421,-0.31859,-0.083906,-0.097022,-0.3364,-0.0066866,-0.17463,-0.80239,-0.53097,1.0692,0.39876,-0.29955,-0.087446,-0.31419,-0.54667,0.037131,0.27992,-0.12344,0.042695,-0.30539,0.055619,0.48923,0.060148,0.0020587,0.22481,0.080488,1.3045,0.13686,0.57483,-0.23928,1.6797,0.020754,0.19304,0.43173,-1.2375,0.61195,-0.11537,0.49783,-0.19992,0.18193,1.0197,-0.4734,-0.80351,0.2571,0.084015,0.58612,-0.26501,-0.19375,-0.7089,0.17598,0.32019,-0.26411,0.12935,-0.50265,2.5098,-1.0526,-0.40843,0.34084,-0.4004,-0.83481,0.40637,-0.14453,1.5885,0.10359,0.70731,0.022131,0.12325,-0.15618,0.34778,-0.11841,-0.12589,-0.35872,-0.29492,-0.011573,0.52411,0.17594,0.22685,1.0263,0.41726,0.24084,0.12618,0.34383,0.26796,-0.61604,0.33364,-0.066902,0.04588,-0.2447,-0.95427,-0.57953,-0.031155,-0.19003,0.11371,0.61806,-0.20149,-0.27592,0.23459,-1.3436,0.12737,-0.067002,0.20451,0.33446,-0.65785,-0.073387,-0.61344,0.66274,0.42031,-0.045076,-0.90634,0.063198,0.80597,-0.78117,-0.23879,-0.096598,0.17803,0.33644,-0.36807,0.21398,-0.068886,0.70044,-0.040407,0.44573,-0.22051,0.71546,0.36619,-0.075287,-0.062921,-0.15866,-0.032514,0.10777,-0.79283,0.032503,-0.089604,0.065974,-1.1187,-0.20002,0.019876,-0.44862,0.3902,-0.13696,0.25564,-0.19611,0.13402,-0.55589,0.71378,0.15006,0.19633,-0.18325,-0.6245,0.49281,-0.31925,-1.1313,-0.2374,0.031327,-1.0467,0.088239,-0.05663,-0.020435,-0.0041928,-0.11929,-0.45503,-1.8942,-0.014103,0.118,-0.40456,-0.2979,-1.0129,0.97411,0.26031,0.36278,0.086905,0.23261,0.0082552,0.21081,0.50871,-0.14595,0.080799,0.22237,-0.137,0.081312,-0.081891,-0.39213,-0.49205,-0.54871,-0.20031,-0.07633,0.20446,-0.2079,0.25868,0.3035,0.42985,0.16512,0.45742,0.018844,0.28532,0.21263,0.1256,-0.10903,-0.15589,-0.016997,0.056579,-0.14606,-0.30867,0.20623,0.16365,0.28396,-0.24195,2.0919,0.35094,0.31633,-1.0204
TCGA-04-1519-01A-21-1558-20,OV,Primary,35,0.019473,0.10276,-0.55419,-1.7056,0.19752,-0.96677,-0.80058,-0.17897,-1.3333,-1.009,-0.29178,0.50817,1.6907,0.88484,0.40542,-0.10156,-0.30617,-0.52119,0.16113,0.091638,0.95542,0.33877,-0.33439,-0.25023,-0.093294,0.1368,0.85373,0.10156,-0.11361,-0.92594,0.8373,0.19382,-0.22532,-0.26292,0.039065,0.072189,0.005695,0.29918,0.027899,0.45813,0.97991,-0.85178,0.13717,-0.29181,-0.26882,0.18008,0.75788,-0.61055,0.30128,-0.035495,-0.09356,0.15405,0.074416,1.5542,-0.10962,-0.076128,-0.019714,0.26058,0.16177,-0.18509,-0.16424,-1.533,-0.10384,0.019,0.64639,-0.15322,0.42648,1.2502,-0.295,-0.065681,-0.34892,-0.75017,-0.015789,-0.17595,-0.020139,-1.1269,-0.70677,-0.85184,-0.019741,0.31244,0.016925,-0.16503,1.049,-0.88747,-0.20657,-0.12171,0.14635,-0.28218,0.172,-0.014671,-0.94335,0.9682,-0.053679,0.00959,-0.35862,-0.46866,0.25227,0.21493,0.094216,0.092959,0.27699,-0.13123,0.43841,0.30432,-0.065814,-0.277,0.80722,0.30901,0.13212,-1.2724,-0.46494,-1.459,-0.90116,0.12253,0.12937,-0.29646,0.0018278,-0.093602,-0.090281,-0.42303,-0.31354,-0.37147,0.32502,1.072,-0.12047,0.16606,0.26659,0.47293,0.98993,-0.12774,-0.52214,-0.29835,0.12397,-0.027179,-0.067933,-0.7314,-0.46587,0.20289,-0.14001,-0.12265,-0.50798,-0.37885,-0.25776,-1.2277,-0.073697,-0.34419,0.10351,-1.2045,-1.2624,0.15313,2.0847,-0.094784,0.14459,-0.71595,0.2193,-0.04831,-0.31461,0.088691,0.076975,-0.11891,-0.67997,-0.32838,0.43919,0.25245,-0.72162,-0.13428,0.55562,-0.085479,-0.57569,0.071571,-0.019655,-0.073701,-0.16124,-0.40423,-1.0311,-0.19202,-0.39505,1.798,0.1384,1.1037,-0.67857,0.24439,0.20337,0.11308,0.16113,-1.0502,-0.70566,0.90813,0.4464,-0.096424,0.20218,0.051508,0.092351,-0.046005,0.26475,0.4425,0.11297,0.028633,0.23789,-0.11872,0.026015,0.032658,-0.28681,-0.38222,0.22422,1.421,-0.16127,-0.0011113,-0.35102,0.17152,-0.089239,-0.1708,-0.0098704,0.004456,0.13685,0.0095666,0.055806,-0.0092809,-0.17417,-0.47231,0.61768,-0.26132,-0.17685,0.27973
TCGA-24-1551-01A-21-1558-20,OV,Primary,35,-0.039308,-0.11128,-0.32964,-0.10829,0.050147,-0.42889,-0.49943,-0.031958,-0.78165,-1.0364,-0.54601,-0.37947,0.86139,-0.040668,0.39283,-0.26468,-0.59275,0.52747,-0.24625,0.083164,-0.28732,-0.044676,0.68436,0.06747,-0.20527,-0.01675,0.40134,0.037924,0.019722,-0.86284,-0.5947,0.23876,-0.25068,-0.15068,0.30918,-0.047848,0.31236,0.24949,-0.0089046,0.25023,0.54107,0.3052,-0.055881,0.88389,-0.1295,0.32215,-0.27692,-0.98544,1.4339,0.11629,0.26477,-0.048749,-0.41113,1.5168,-0.3392,-0.19591,0.016818,-0.069279,1.5397,0.054772,-0.36919,-0.67726,-0.10737,0.07981,0.28029,-0.060612,-0.44419,0.10938,-0.35964,-0.16296,-0.1057,-0.1384,0.037112,-0.20435,-0.060199,0.59417,0.6042,-0.035336,0.2704,0.18302,-0.30116,0.11391,0.1873,0.31745,-0.48126,-0.33426,0.05901,0.25324,0.15406,-0.068421,-0.13975,1.1881,-0.5034,0.060284,0.32318,0.43369,0.031465,0.19669,-0.083709,-0.38417,0.57572,-0.70901,0.015614,0.1084,0.13592,-0.087354,0.68244,0.24193,-0.045199,-0.34992,-0.44321,0.33122,0.37413,0.11333,-0.014077,0.075986,0.042882,-0.58267,0.47839,-0.18282,-0.019142,-0.12647,0.18688,0.96029,-0.34236,-0.31708,0.23245,0.25577,0.8463,0.14816,0.28488,-0.030586,0.18011,-0.093882,0.29389,-0.011823,0.27094,0.18741,-0.22988,-0.1427,-0.24244,-0.15523,0.19951,-1.6123,-0.024114,0.46532,-0.07679,-1.2828,-0.5882,-0.027408,0.6387,0.3258,0.043097,0.41861,0.10995,-0.034194,0.003432,1.2575,0.030312,0.095514,-0.24579,-0.35103,0.55555,-0.090013,0.13151,-0.2214,0.25793,-0.27301,-0.35344,0.096982,-0.21631,-0.027397,-0.25647,-0.6248,-1.0637,0.20191,-0.33783,0.91967,-0.044476,0.7679,0.80395,0.17811,-0.32991,0.077095,0.070097,0.57638,0.060085,0.24606,-0.038103,-0.13775,0.10103,0.044074,-0.062713,-0.13384,0.57344,1.0429,0.2073,-0.1074,0.10053,-0.32647,0.11307,0.20447,0.11234,1.6311,0.67082,0.76933,-0.12715,-0.15557,-0.037654,-0.043397,-0.2449,-0.11509,-0.053829,0.038458,-0.22906,-0.11153,0.28831,-0.0075935,0.33322,-2.6662e-05,0.94032,0.16277,0.11268,0.20843
TCGA-24-1562-01A-21-1558-20,OV,Primary,35,-0.10468,-0.22099,-0.44314,-0.12693,0.45484,-0.61225,-0.4978,0.097545,-0.28915,-0.83041,-0.24265,-0.023072,0.94635,0.16062,0.36419,-0.28981,-0.09901,-0.46039,-0.26684,0.091966,0.53877,-0.26853,0.19054,0.27088,-0.37153,-0.077398,0.37565,-0.029049,-0.088697,-0.93982,0.14635,0.088411,0.072941,-0.024963,0.059793,-0.19596,0.32644,0.18303,0.044971,1.2512,0.43027,0.64618,-0.093862,0.46974,-0.0031814,0.57805,0.62892,-0.78051,0.050865,-0.17136,-0.1666,-0.23153,-0.19275,1.2506,-0.51582,-0.00084883,1.1506,0.0062018,0.324,-0.26015,-0.027973,-0.22561,-0.26379,-0.2618,0.042226,-0.13248,-0.43335,0.64111,-0.038493,-0.21999,0.47724,-0.18068,-0.19865,0.12664,0.033316,0.92665,0.15217,-0.023841,-0.077974,0.12846,0.02998,0.2494,0.16727,-0.37428,-0.46562,-0.42509,0.11894,-0.13832,0.037452,0.087339,0.90273,-0.18976,-0.22124,0.051625,0.24979,0.28257,0.41882,-0.14024,-0.3668,0.44967,0.33208,-0.50745,-0.014579,0.089445,-0.21222,-0.13374,0.93211,-0.091161,-0.19739,-0.12844,-0.45408,0.54048,0.41816,0.17894,0.26735,-0.26029,-0.10385,-0.70468,-0.043827,-0.128,0.04207,-0.083722,0.0012414,0.47629,-0.4107,0.28308,-0.11251,0.13642,0.34538,0.16911,0.24903,-0.37301,0.1546,-0.16585,0.34621,-0.34423,0.52091,0.40393,-0.14057,-0.23035,-0.47149,-0.3815,0.44302,-0.82873,0.23881,-0.1268,-0.043726,-0.70145,-0.25861,-0.018392,0.47748,0.31415,-0.090098,0.27936,0.29599,-0.028574,-0.13656,1.6019,-0.040168,0.015749,0.27475,0.58745,0.40406,-0.17503,0.18975,0.21758,0.80466,-0.053128,-0.4704,0.046029,-0.213,0.16965,-0.20495,-0.23958,-0.3165,1.0136,-0.28354,2.4615,0.010475,-1.4572,0.61686,0.053519,0.23824,-0.076119,-0.0019595,-0.31931,0.039193,0.43491,0.064731,0.25749,-0.15995,-0.0026538,0.1676,-0.19974,0.050491,0.28554,-0.04446,-0.13004,-0.081237,0.14848,-0.055028,0.07427,0.18873,0.57761,0.72331,0.78199,-0.11289,0.091428,0.020946,-0.05772,-0.25314,-0.16836,-0.18443,0.062789,0.02978,-0.17905,0.13115,-0.12131,0.28121,-0.30782,2.127,-0.053712,-0.21117,0.12124
TCGA-36-1571-01A-21-1558-20,OV,Primary,35,-0.048947,-0.04075,-0.25026,-0.017547,0.56092,0.25807,-0.089336,-0.60673,-1.4394,-1.0567,-0.25775,0.6147,0.80007,1.39,0.76033,-0.35696,-0.84886,-0.60468,-0.032767,-0.10644,0.98349,-0.24564,0.46164,0.20478,-0.41541,0.049612,0.36854,-0.02716,0.0024871,-0.76361,-1.2751,0.13994,-0.067386,-0.19298,0.1148,0.011836,0.36004,0.40092,-0.11453,2.4995,-0.072895,0.22111,0.31681,-0.10276,-0.10001,0.013117,0.43162,-0.0087524,0.54334,-0.24274,0.30707,-0.15656,-0.22606,1.3015,0.46092,-0.10029,-0.99666,-0.27796,0.93442,-0.51898,-0.16424,-0.6416,0.41788,0.31086,0.18404,0.040359,-0.025321,1.496,-0.50652,-0.17309,-0.16285,-0.18595,0.31131,-0.51832,-0.069348,0.61614,0.47325,0.34751,-0.23054,0.13693,0.55617,0.041008,0.68497,0.80974,-0.6531,0.02613,0.17376,0.050859,0.2149,-0.64954,-0.47136,1.1367,-0.24663,-0.11327,0.62138,-0.7867,0.048818,-0.1717,-0.40946,-0.26686,0.11214,-0.38864,0.0001702,0.11001,0.16334,0.082348,0.60934,0.066833,-0.048772,0.48053,0.097331,-0.66788,-0.13224,0.2076,0.32596,-0.21444,-0.015201,-0.7432,0.16958,0.0080479,-0.11091,0.20155,-0.099887,0.92508,-0.09192,-0.5581,0.55853,-0.072924,0.49149,0.10743,0.10249,-0.14295,0.062223,-0.2028,0.91802,0.3369,0.42357,0.95866,-0.38288,-0.11296,-0.17226,-0.46043,0.29643,-0.079824,-0.068486,0.96774,-0.15232,2.7806,-0.34677,0.18868,-1.5953,0.093701,0.030787,-0.70248,-0.064816,-0.079465,-0.32929,1.1189,0.25817,0.25011,-0.28567,-0.12212,0.13445,-0.16126,-0.99692,0.65629,0.74154,0.64041,0.016131,0.15511,-0.042934,-0.0017027,0.14907,0.30267,-0.28573,0.32437,-0.14366,1.0794,0.042205,0.72194,0.13708,0.2065,0.4659,0.023316,0.054305,0.49233,0.55208,0.3972,0.19553,0.69274,0.10129,0.0053548,-0.14294,-0.15934,0.79521,1.2059,0.067056,-0.12792,0.085762,0.3765,-0.083652,-0.46989,-0.19206,1.1326,0.15507,1.8651,-0.055549,-0.41279,-0.1435,-0.19438,-0.34387,-0.25128,-0.3055,0.077929,0.032524,-0.10224,-0.33973,-0.12574,0.049807,-0.40968,-0.39881,0.00051061,-0.1533,0.56236
TCGA-24-1614-01A-21-1558-20,OV,Primary,35,0.060765,0.22565,-0.029216,1.3032,-0.30431,-0.45588,0.1034,-0.49571,-0.77199,-0.91181,-0.36452,-0.099153,1.1465,-0.11492,0.1914,-0.3825,-0.26851,-0.43577,-0.041649,-0.18718,-0.17178,-0.12863,-0.18774,-0.059906,-0.022097,-0.099782,-0.19583,0.16128,-0.15365,-0.97748,0.37529,0.076053,-0.23162,-0.18749,-0.0058019,-0.22286,-0.21811,-0.04526,-0.015532,-0.32994,0.43256,0.25401,-0.17905,1.1148,-0.090306,0.25742,0.5217,-0.93473,0.57637,-0.22858,-0.34382,-0.10494,-0.03866,1.356,-0.077931,-0.42106,0.17544,0.10293,-0.18864,-0.37333,0.17401,-1.1296,-0.58173,-0.35968,-0.1262,-0.15499,-0.40122,0.35553,-0.46461,-0.531,-0.056337,0.044145,-0.72154,0.025428,-0.20255,0.72493,0.042455,-0.62006,-0.14599,-0.054402,-0.018272,0.10602,0.29212,-1.5628,0.11859,-0.5152,0.040213,1.0252,0.023152,0.14909,-0.010111,0.45513,0.26057,0.14585,0.29231,0.29605,-0.49316,0.64982,0.26864,0.022475,0.27042,-0.11292,0.54284,0.011462,-0.12036,-0.15784,1.4485,-0.054148,-0.075086,-0.14369,-0.12121,0.42722,0.49822,0.037577,0.12759,-0.21895,0.054935,-0.64271,-0.39019,-1.1949,0.91476,-1.0668,0.085169,1.9766,-0.38772,0.47667,0.61825,-0.20929,-0.32683,-0.42809,0.065855,0.37121,0.26816,-0.015385,-0.17606,-0.9685,0.2745,0.13707,0.17024,-0.11106,0.21851,0.064056,-0.45595,-0.48075,0.048796,0.55394,-0.042227,2.143,-1.3024,0.30535,0.69715,0.24269,0.049206,-0.43277,0.0038842,0.017803,-0.38677,0.20438,0.29154,-0.13884,0.25826,-0.35875,0.28298,0.091102,0.82952,0.49294,0.066706,-0.3345,-0.24519,-0.020688,0.046119,0.066704,-0.025684,-0.39514,-1.1348,0.17493,-0.33587,-0.91357,-0.30375,0.5535,0.2119,0.014823,0.17886,0.075514,0.016926,1.5397,-0.49888,0.18119,0.1317,-0.13464,0.14013,0.51946,0.6592,0.093145,0.41245,0.94746,1.9758,-0.011537,0.18739,0.0016799,1.8331,0.054282,0.075257,-1.0463,0.46086,0.54784,-0.27939,0.10689,0.31551,-0.065725,-0.22985,-0.11949,-0.053936,-0.0073032,-0.27558,-0.15825,-0.17788,-0.031343,-0.33629,-0.22344,1.8359,-0.50124,-0.080843,1.1683
TCGA-25-1631-01A-21-1558-20,OV,Primary,35,-0.082348,-0.43542,-0.14907,-0.34742,0.27419,-0.24546,-0.087541,0.11052,-0.90198,-0.7058,-0.2767,0.27164,0.058128,0.023376,0.33344,-0.333,-0.53286,-0.64816,-0.033014,0.059272,0.08488,0.005409,-0.02203,0.18247,-0.060953,0.091598,0.58346,0.031265,0.13366,-0.63674,-0.46819,0.24034,-0.26662,-0.00055026,0.26093,0.0018804,0.19507,0.31295,-0.050841,1.2286,0.61059,0.096453,0.051802,1.6207,-0.33955,-0.10752,0.4128,-1.0921,0.84837,-0.39086,-0.024985,-0.0064343,-0.090616,1.5797,-0.28436,0.030356,-0.38046,0.083357,0.30343,-0.12727,-0.1412,-0.41313,-0.050697,0.14901,-0.094147,-0.022232,0.64093,0.96312,-0.066621,0.19856,-0.06492,-0.3694,-0.39049,-0.2535,-0.041456,0.79416,0.43649,0.78738,-0.14832,0.32567,0.0080529,0.11508,0.10916,0.73723,-0.4647,-0.35148,0.1579,0.3322,0.25978,0.18212,0.96962,-0.028014,0.16071,0.11321,0.40246,-0.26814,-0.023616,-0.062766,-0.13235,0.13832,0.14841,-0.86063,-0.52067,0.10141,0.084041,0.17429,0.46783,0.30427,0.0046496,0.16213,-0.70185,-1.0497,-0.67644,0.14058,-0.18609,-0.17883,-0.064611,0.28787,0.58771,0.85901,0.48895,-0.67318,0.18103,0.55197,-0.28018,0.096322,-0.22118,0.46594,1.1808,-0.21713,0.045052,-0.26849,0.34479,-0.0046883,0.075176,-0.31648,0.61908,0.60242,-0.037116,-0.12143,-0.46397,-0.63236,-0.12136,-1.1252,0.042535,0.18019,-0.0021339,-0.10509,-0.19336,0.032343,-0.44946,0.12912,-0.064872,-0.061008,-0.069033,-0.045728,-0.55257,0.92357,0.0050913,0.15841,-0.37668,0.31568,0.29849,0.014527,0.26482,-0.15066,0.446,-0.41759,-0.037202,0.06767,-0.17924,-0.16272,0.016928,-0.61548,-0.79482,0.54593,0.12513,0.62308,-0.13452,-0.54845,0.40374,0.097228,0.11421,0.045584,0.030292,-0.17457,0.31164,0.27447,-0.07653,-0.17248,0.081802,-0.01515,-0.14899,-0.12769,0.016541,0.36802,-0.10519,-0.085877,-0.050845,0.20175,-0.02587,-0.35684,-0.064882,0.17585,0.14903,0.80911,-0.12382,-0.15597,-0.029978,0.067439,-0.1612,-0.14039,-0.21859,0.055111,-0.082172,-0.25163,-0.34783,0.012692,0.065425,-0.24864,2.027,0.26084,-0.055221,0.20901
TCGA-04-1651-01A-21-1558-20,OV,Primary,35,-0.090072,-0.38768,0.06455,0.11508,-0.22798,0.03015,-0.066131,-0.70781,-0.80382,-0.50625,-0.16845,0.66787,-0.72247,0.70308,0.21933,-0.32102,-0.14197,-0.61417,-0.092662,0.045358,0.34228,0.0063219,-0.49438,-0.042445,0.29144,0.013603,-0.020198,0.26841,0.030927,-0.37016,-0.61329,0.15016,-0.1433,0.27454,0.11369,0.062275,0.69785,0.45004,0.12238,0.61782,0.40621,0.62766,-0.072572,0.43849,-0.36131,0.3031,0.81007,-0.31478,0.33434,-0.33024,-0.054209,-0.099344,-0.5095,-0.11789,-0.3906,0.41197,-1.282,-0.10445,-0.25576,-0.38919,-0.0094043,-0.33795,-0.51778,-0.23507,-0.085061,-0.1194,-0.70673,0.96745,-0.36969,-0.36425,-0.061136,-0.17029,-0.18523,0.095774,-0.0064311,0.53808,-1.0097,-0.036217,-0.19555,0.23767,0.065061,0.24439,0.25598,-0.92493,0.23523,-0.36901,0.31163,-0.17737,0.19158,-0.32824,-0.10709,-0.16766,-0.060174,-0.0099624,0.010025,-0.34206,-0.30321,0.65649,0.1495,0.1722,0.13607,-0.51139,0.2724,0.11081,-0.19989,-0.21021,0.46902,0.0088944,0.141,-1.3545,-0.49721,-0.26966,0.29887,0.17612,0.28868,-0.20992,-0.097101,0.0061133,0.537,0.2688,0.52252,-0.74785,-0.063681,0.48371,-0.34689,-0.55261,0.23198,0.097912,0.78708,-0.46426,0.049808,-0.161,0.083209,-0.1238,0.10777,-0.7906,0.24261,0.24915,0.30612,-0.13761,-0.049892,-0.27226,-0.21749,-0.76512,0.03468,0.73594,0.15759,0.25775,-0.55231,-0.075523,-0.14253,0.19395,-0.14236,1.5353,0.04524,-0.023288,-0.30807,0.74567,0.16431,0.17878,-0.35924,0.17472,0.080893,-0.094366,0.58361,0.057844,0.81621,-0.49642,-0.013846,0.10674,0.077387,-0.075475,0.043986,-0.052768,-1.5822,0.96238,-0.29001,0.27913,-0.10562,0.25398,0.72787,0.02514,0.18435,-0.12434,-0.022498,0.36193,-0.12504,0.30551,-0.012062,-0.030377,-0.072929,-0.048265,0.12792,0.001936,0.61364,0.38231,-0.27156,-0.24646,-0.0026462,-0.69353,-0.19161,-0.1779,-0.0314,1.6963,-0.04772,0.32368,0.090446,0.03761,0.10948,0.21422,-0.25756,-0.068992,-0.25408,0.11011,-0.019902,0.087416,-0.097676,-0.049796,0.137,-0.41753,1.6675,-0.19803,-0.20362,-0.38993
TCGA-20-1682-01A-21-1558-20,OV,Primary,35,-0.14176,-0.17452,-0.059755,0.15589,-0.29894,-0.36163,-0.53666,0.039269,0.93635,1.0185,-0.12926,0.83028,-0.67382,0.11938,0.48092,-0.4013,-0.49092,-0.71999,-0.33391,0.010413,0.50837,-0.2267,0.15232,0.10331,-0.12205,0.021484,-0.058413,0.1745,0.088366,-0.42166,-0.38141,0.15552,-0.25984,-0.05281,0.035953,-0.057833,0.084677,0.20679,0.007132,-0.7843,0.1928,0.59037,-0.27803,0.44506,-0.36689,0.65346,-0.61739,-0.12448,0.49399,-0.14218,0.014594,-0.12894,-0.17478,-0.10715,-0.40739,0.73051,0.60216,-0.039451,0.43637,-0.35984,-0.05811,-0.070546,-0.074294,0.074185,0.2099,-0.091046,-0.42558,0.54331,-0.25246,-0.41999,0.16262,-0.030058,-0.48411,0.17945,0.0011064,1.1001,0.2153,0.52117,-0.11309,0.078482,-0.057416,0.27718,0.45157,1.805,-0.29915,-0.2618,0.10723,0.26167,0.12395,-0.14111,0.20593,0.22343,-0.17695,-0.080904,0.41563,0.65565,0.37896,0.1692,0.17463,0.52667,0.53158,-0.70524,-0.16592,0.189,-0.23743,0.2078,0.066369,-0.24767,-0.14219,0.36526,-0.47965,0.21882,0.46378,0.21185,0.28015,-0.42548,-0.1432,-0.68274,0.14842,-0.12565,0.58734,-0.048802,-0.15206,0.61922,0.13875,0.20074,0.077906,-0.24245,0.3582,0.059952,0.25242,-0.023776,0.44095,0.09603,0.18429,1.013,0.18144,0.12885,-0.27336,-0.043669,-0.036139,-0.060257,0.48258,-1.4275,0.14975,0.877,0.25748,-0.10676,0.37294,0.0023192,0.42456,0.46405,-0.14487,1.447,0.3985,0.16063,-0.34602,1.3861,0.16085,0.090581,0.16917,0.56613,0.463,-0.18717,-0.11503,0.10058,0.41277,0.057995,0.11074,0.040228,-0.15199,-0.024266,-0.11146,-0.037953,-0.53121,0.7031,0.59273,1.9314,-0.071108,0.49957,0.70695,-0.036174,-0.29068,-0.096595,-0.040321,0.15431,-0.12671,-0.12573,-0.16189,-0.47695,-0.073951,-0.10919,-0.19905,-0.14367,-0.41581,-0.38783,-0.23664,-0.25051,-0.077957,-0.35986,-0.12123,0.1279,0.31371,0.65119,0.11826,0.49968,-0.31501,-0.087475,0.34076,-0.18075,-0.22898,-0.14592,-0.1672,-0.013569,0.049465,-0.46152,0.086826,-0.21077,0.04239,-0.38702,1.3974,-0.058551,-0.14075,-0.26058
TCGA-29-1691-01A-21-1558-20,OV,Primary,35,-0.11389,0.32574,0.045612,0.25719,-0.54639,0.71428,0.89374,0.72487,-0.79656,-0.98642,-0.014457,1.4124,-0.045518,0.46151,0.70165,-0.18305,-0.2234,-0.63244,-0.054012,-0.11521,1.1261,-0.1971,0.84267,-0.073003,0.45728,0.022954,0.068062,0.16872,-0.059952,-0.65885,-0.37814,-0.070088,-0.54562,0.3122,0.4938,-0.018093,0.26785,0.30139,-0.0027247,0.96383,0.043475,1.2641,-0.13063,0.20376,0.47203,0.33638,0.86689,-0.43335,0.73212,-0.2463,-0.41028,-0.067836,-0.23098,2.7153,-0.30638,0.98404,0.16134,0.24131,1.4288,-0.010146,0.52001,-0.30233,0.52113,0.17195,0.065177,-0.17833,-0.46198,1.4549,-0.63232,0.13275,0.13458,0.21601,-0.33598,0.17767,0.11577,0.59593,0.62553,0.54273,-0.10883,0.18286,0.3432,-0.085593,-0.1805,0.73554,-0.11595,-0.14931,0.28789,-0.12146,0.062083,-0.12605,-0.49307,-0.29124,-0.17568,0.32822,-0.2865,-0.14996,0.06838,0.35866,0.29458,0.58808,0.74575,-0.39889,-0.09458,0.0097633,-0.20212,-0.2676,0.35937,-0.03823,-0.046955,-0.69077,0.31006,0.1306,0.25684,0.044946,1.1593,0.024024,-0.20606,-0.64025,0.044139,-0.36003,-0.13239,0.68752,0.57235,1.7134,0.017302,-0.038447,-0.067039,-0.10176,0.45418,-0.26989,-0.22228,0.19908,0.11782,-0.39841,0.6239,0.07086,0.094231,0.38938,-0.25028,-0.20836,-0.025775,-0.62186,0.82556,-2.4166,0.2341,0.90187,-0.060915,-0.7455,-0.94265,-0.16811,-1.1719,0.28363,-0.15599,-0.55862,-0.022687,-0.066794,0.12787,-0.38368,0.20463,-0.47363,0.042443,-0.058914,-0.015935,-0.16825,-1.1942,0.24033,0.58568,-0.27628,-0.054951,-0.20097,-0.10503,0.1221,-0.0636,-0.41855,-0.03219,1.0397,-0.24857,1.7982,-0.29502,1.4815,1.092,-0.18168,-0.19071,-0.31233,-0.15111,0.32981,0.48561,0.36352,0.43664,-0.55942,-0.27973,-0.02035,0.12194,-0.014447,1.2039,1.96,-0.25558,-0.28709,-0.024656,-0.33628,-0.46222,0.41173,0.059504,0.35018,0.16069,1.1753,-0.3375,-0.11748,-0.29614,-0.27557,-0.46728,-0.43715,-0.43533,-0.031171,-0.18153,-0.91629,-0.047153,-0.33162,-0.10647,-0.64027,2.099,-0.62199,-0.38841,0.39415
TCGA-29-1701-01A-21-1558-20,OV,Primary,35,-0.10487,-0.21829,-0.19697,0.13144,-0.60872,-0.69978,-0.34019,0.086529,0.64554,-0.21374,-0.46287,0.37609,-0.23481,0.038185,0.23387,0.32623,0.15514,-0.56658,-0.16575,0.049083,-0.51283,-0.31611,-0.039273,0.6341,-0.22035,0.018151,0.084153,-0.030128,0.064921,-0.45087,0.21731,-0.05656,-0.19311,0.80113,0.51187,0.19385,0.41024,0.32232,0.16726,-0.18038,0.42723,1.6904,-0.1353,1.6551,0.2923,0.52796,-0.11835,-0.10939,0.071899,-0.25254,-0.13172,-0.14007,0.47842,0.10891,-0.49757,-0.30386,1.3897,0.32529,0.26044,-0.5045,-0.012421,-0.3565,-0.36021,-0.027509,-0.038373,-0.093588,-0.46712,1.7274,-0.89513,-0.24635,0.57714,-0.39269,-0.75596,0.70313,0.095412,0.99251,0.10774,0.16688,-0.21213,0.16069,-0.1647,0.23246,0.32632,-0.21514,-0.14442,-0.41016,0.24114,-0.21483,0.036669,0.22769,0.46267,0.13006,-0.031826,1.0187,0.14158,1.928,-0.12845,0.25672,-0.35877,0.10435,0.1402,-0.74682,-0.27009,0.11619,-0.24732,0.074309,0.48281,-0.57683,-0.17094,0.61361,-0.69286,1.1218,1.2474,0.33319,0.7611,-0.39596,0.19148,-0.079318,0.48489,0.52479,0.24921,-0.78817,0.31556,0.36075,-0.39115,0.0076422,0.46741,0.61179,0.52412,-0.35185,0.49657,-0.11641,0.40116,-0.13712,0.21955,-0.47766,0.48654,0.33107,-0.19278,-0.34045,0.29957,-0.1204,0.2919,-0.18478,0.2802,0.85495,0.049892,-1.9854,-0.09241,0.90056,-1.9368,0.30801,-0.047912,2.1928,0.5134,0.016594,-0.35902,-0.20001,0.12868,-0.038926,-0.19483,-0.20742,-0.012927,-0.03132,-0.38122,0.028541,0.0065389,-0.80407,0.25651,-0.0046627,-0.20252,0.24435,0.034205,0.043433,-0.92082,0.37081,0.19135,-0.49164,-0.34181,0.35186,-0.0087838,-0.01864,1.13,-0.0006196,0.17229,0.077269,-0.0077742,0.040679,-0.09048,-0.025232,-0.010081,0.094098,-0.067431,-0.018487,0.097821,0.046259,-0.34709,-0.16317,0.10112,-0.74191,0.10712,0.087479,0.2491,1.4603,0.0095616,-0.70016,0.30988,0.2682,-0.0078127,0.091598,-0.073179,-0.41379,-0.22112,0.16118,-0.32026,-0.4526,-0.13088,-0.049441,0.012036,-0.90518,1.3522,-0.03557,-0.2633,-0.98164
TCGA-04-1525-01A-21-1558-20,OV,Primary,35,-0.060616,-0.032543,-0.38556,-0.17546,0.10761,-0.25156,-0.51092,-0.46997,-0.81507,-1.1117,-0.24972,0.64022,0.59932,0.53848,1.0001,-0.17245,-0.31756,-0.52559,-0.1963,0.17833,-0.11924,0.27103,0.074484,-0.026654,-0.14108,0.029727,0.79352,-0.018685,-0.044685,-0.19039,-0.092274,0.23431,-0.22995,0.093341,0.18741,0.10607,0.20699,0.42481,0.12106,-0.19391,0.9581,0.95622,0.068604,0.71992,0.017436,0.057233,-0.028113,-0.82391,0.45965,-0.085861,-0.070712,0.092514,-0.2789,0.95571,-0.27503,-0.45837,0.28065,0.17024,0.38251,-0.12189,-0.28149,-1.0832,-0.47985,-0.21348,0.56684,-0.20063,0.16541,1.1636,-0.22616,-0.14941,-0.24809,-0.54622,-0.0089854,0.081367,-0.0016667,-0.27601,-0.88306,-0.28664,0.0091007,0.24759,0.14058,0.023246,0.50706,-0.9691,-0.26611,-0.30424,0.24062,-0.12011,0.20918,-0.17385,-0.30924,-0.062591,0.039442,-0.060985,-0.12042,0.36686,-0.13587,0.013731,0.094624,-0.24615,0.35868,-0.17171,0.4206,0.22313,0.10547,-0.20528,0.49129,0.22053,0.23335,0.0018083,-0.4581,-0.31165,0.10157,0.15301,0.10779,-0.19129,-0.0024137,-0.34073,0.0016875,0.37667,0.044064,0.22466,0.28386,0.18029,-0.013161,-0.20979,0.01795,0.15388,0.6495,-0.2346,-0.1484,-0.10179,0.079439,-0.16932,0.19593,-0.61778,0.029417,-0.041344,-0.40425,-0.19605,-0.52263,-0.21366,-0.11402,-0.76861,0.045626,0.26625,-0.21023,-1.7449,-0.91977,-0.13427,-0.60015,0.056056,-0.056723,0.33393,0.30256,0.0010362,-0.29559,0.42984,0.067624,0.089589,-0.32807,-0.33589,0.27018,0.0077986,-0.86046,0.10273,0.62597,-0.24241,-0.37828,0.027316,-0.15005,0.11024,-0.21714,-0.47956,-1.1677,0.11198,-0.42471,0.93885,0.1877,1.4388,0.27978,0.12976,0.076087,-0.052275,0.022883,-0.12992,-0.1315,0.56581,0.015575,0.020234,-0.042441,0.29487,0.2466,0.18757,0.26868,0.041244,1.0976,0.059335,0.098117,-0.22558,0.6882,0.050694,-0.054136,0.36662,0.17365,0.78721,-0.22583,-0.14974,-0.11105,0.10346,-0.14051,-0.2067,0.0362,-0.0056131,-0.13576,-0.15244,-0.332,-0.066309,0.24247,-0.3149,1.2934,-0.4508,-0.15809,0.14074
TCGA-24-1552-01A-21-1558-20,OV,Primary,35,-0.012574,-0.57563,-0.58008,-0.32721,-0.41876,-0.5325,-0.46184,-0.419,-1.3538,-1.2683,-0.29235,0.44696,-0.76426,0.68279,0.64531,-0.46044,-0.6164,-0.86448,-0.26437,-0.04063,0.10264,-0.15804,0.31686,0.25416,-0.46201,-0.07921,0.16121,-0.16405,-0.1897,-0.79081,-1.66,0.18448,-0.098252,0.44189,0.26251,-0.070805,0.41559,0.51147,0.2737,1.1619,-0.14263,2.1072,-0.19991,0.85725,-0.27555,0.45427,0.18754,-1.1339,0.40593,0.069794,0.26999,-0.23375,-0.19529,1.5113,-0.6535,-0.38952,-0.26409,-0.07048,1.2476,-0.4487,-0.25273,-0.86938,-0.019498,-0.036695,0.1504,-0.08106,-0.5985,1.7241,-0.17767,-0.60601,-0.12146,-0.6737,-0.28567,-0.68501,-0.13921,-0.75608,-0.29696,-0.47213,-0.16669,0.12493,0.062726,0.27453,0.048037,1.183,-0.10185,-0.41357,-0.011512,-0.36321,0.051138,-0.3497,-0.3412,0.67135,-0.0044114,0.21651,-0.1476,0.65441,0.091183,-0.1651,-0.5128,-0.14656,0.25745,-0.89645,-0.46031,0.11739,0.19402,-0.13614,0.034135,0.093833,0.090664,0.52339,-0.37897,0.11369,0.39033,0.1385,0.30896,-0.059265,-0.017969,-0.86403,0.019845,-0.32337,0.40145,-0.19386,0.036739,0.78422,0.038529,0.051913,0.18343,-0.077538,-0.23159,-0.013655,0.047954,-0.17264,0.022447,-0.12381,0.39467,-0.1619,0.063976,0.64977,-0.30155,-0.09076,-0.3685,-0.28862,0.26552,-0.3186,-0.17616,1.6616,-0.058524,-0.59567,-0.57688,0.1384,-0.6387,0.32317,0.24354,0.40237,0.2299,-0.098372,-0.007508,0.29987,-0.12575,0.13731,-0.1407,-0.18796,0.35309,-0.083856,0.38378,-0.021279,0.46125,0.29357,0.089605,0.14065,-0.14197,0.27341,-0.35829,-0.4048,0.5198,0.33787,0.015589,3.3869,-0.11171,0.36869,0.40207,0.20383,0.27735,0.29057,0.27415,0.52374,-0.22643,0.21898,0.27928,0.12318,0.29693,-0.050463,-0.011939,-0.19035,0.3965,0.74627,0.20323,-0.13249,0.024331,0.015955,0.083873,-0.19674,0.25495,0.87033,0.80963,1.026,0.44803,-0.24017,-0.2148,0.076983,-0.19839,0.015488,0.16512,0.23834,-0.11825,0.34926,-0.26392,0.097993,0.22756,-0.1437,1.6443,0.088766,0.18421,0.50847
TCGA-24-1563-01A-21-1558-20,OV,Primary,35,-0.0021708,-0.59714,-0.35779,0.092884,-0.25006,-0.90574,-0.52334,-0.12609,0.56798,-0.51967,-0.43987,-0.081105,0.57025,0.0038656,0.90535,-0.23478,-0.24635,-0.75827,0.24558,0.053332,0.61617,-0.20712,-0.28076,0.60057,-0.14514,-0.030672,0.41057,-0.25581,0.0342,-0.54075,-0.36609,0.33279,-0.025679,-0.28635,0.25702,0.001693,-0.16698,0.2609,0.077485,0.53201,0.27691,-0.21042,0.022425,0.019213,-0.14271,0.45043,0.30072,-1.2101,-0.339,-0.011184,0.27218,-0.14209,-0.16711,1.5156,-0.41332,-0.27209,1.3945,-0.11086,0.88199,-0.19839,-0.24779,-0.46254,-0.25678,0.054456,0.023909,0.011007,1.1187,0.34033,-0.12175,-0.08031,0.57577,-0.13567,-0.8079,-0.25475,0.025157,1.2708,-0.098413,0.20768,-0.010045,0.22944,-0.21797,0.31496,0.21253,-0.11763,0.15378,-0.36044,0.12123,-0.28857,0.05978,-0.024611,0.43599,0.30853,-0.043758,1.2475,0.2831,0.47663,0.047255,-0.1222,-0.31445,-0.34752,0.076413,-0.46276,0.18189,-0.011966,-0.22721,0.18611,0.39507,0.19185,0.015362,-0.2555,-0.3462,1.2632,1.4556,0.19518,-0.0030021,-0.14644,-0.089645,-0.30432,0.23166,0.36153,0.1316,-0.96863,0.10267,0.059524,-0.38967,-0.1021,0.1993,0.29179,0.94407,-0.13041,0.27377,-0.17846,0.24849,-0.062639,0.14361,-0.38513,0.40243,0.057612,-0.12776,-0.11818,-0.34539,-0.10541,-0.12514,-0.59232,0.10997,-0.05718,-0.02614,-0.90089,-0.28905,0.58876,-0.77945,0.42837,0.13982,0.68171,0.55101,-0.018418,-0.41257,0.83358,0.068622,0.25252,-0.31473,-0.28813,0.27257,0.00090647,-0.62013,0.16582,0.032537,-0.33309,0.079657,0.10036,-0.088971,0.11957,-0.064797,-0.22005,-1.1033,0.15626,0.033556,1.4754,-0.047875,-0.30838,0.1541,0.10302,0.38057,0.034586,0.02499,0.47685,-0.10114,0.26145,-0.23114,0.10779,0.038359,0.016567,-0.060034,-0.084403,-0.18314,-0.38799,-0.017145,-0.14627,0.17871,-0.1814,0.13476,0.11249,0.24659,0.2729,0.2398,0.02835,-0.18859,-0.021294,-0.05807,0.0058663,-0.27268,-0.29104,-0.14774,0.037391,-0.19922,-0.11652,-0.25085,0.085527,0.062331,-0.33135,-0.13665,0.15677,-0.049666,-0.092715
TCGA-36-1575-01A-21-1558-20,OV,Primary,35,-0.015885,-0.64023,-0.14958,-0.95487,0.37601,-0.72378,-0.47887,-0.45388,-1.51,-1.0686,-0.62617,0.11005,1.2595,0.23744,0.86969,-0.26279,-0.19499,-0.50376,0.093534,0.11616,-0.1748,0.14208,1.2368,0.061006,0.34177,0.18754,1.1435,-0.037473,0.04195,-0.83046,-0.16511,0.32605,-0.20682,-0.21135,0.32117,0.097753,0.53011,0.43169,0.092224,0.21789,1.16,-0.097976,0.25255,0.76929,0.2815,0.2968,-0.83721,-1.3588,0.0756,-0.16382,-0.17345,0.13942,-0.1101,1.7921,-0.036929,-0.80253,-0.32247,0.012996,0.08239,-0.35374,-0.021136,-0.82899,0.20975,0.18455,0.60029,-0.026959,0.7648,1.7892,0.17345,0.26096,0.13162,-0.40241,-0.11113,-0.52807,0.099087,-0.7025,0.058256,-0.84079,-0.096713,0.50095,-0.13909,0.050335,1.6089,-0.31392,-0.17263,-0.042234,0.039244,0.26938,0.27995,-0.13132,-0.42165,0.73054,-0.05801,0.84028,-0.097028,-0.14586,-0.2857,0.039832,-0.38579,-0.58518,-0.11659,0.26834,0.7774,0.19858,-0.09231,-0.1367,0.65697,0.32156,0.1427,-0.65238,-1.0902,-1.0004,-0.90255,0.083908,0.46548,-0.14935,0.17273,-0.052977,0.063344,0.12136,-0.083591,-0.59068,0.44608,1.2965,-0.29154,-0.66518,0.7433,0.38391,-0.3365,0.097723,-0.44702,-0.20855,-0.037206,-0.13421,0.40934,-0.14555,-0.38424,0.26303,-0.090592,-0.091668,-0.49463,-0.42827,0.14648,-1.4388,0.023413,0.068908,-0.1029,-0.91508,-1.3089,0.022512,-0.95261,-0.019467,-0.029878,-0.52023,0.10965,0.10291,-0.4243,0.087627,0.017409,0.046658,-0.89017,-1.0724,0.093912,0.15068,-1.0118,-0.13492,0.43804,-0.60604,-0.086187,0.17628,0.076254,-0.018016,0.04991,-0.48598,-0.40452,-0.026703,-0.24192,1.7061,0.26033,0.49267,-0.35214,0.12319,-0.60775,0.041451,0.068499,-0.96365,-0.48417,0.82584,0.32487,-0.045319,0.11505,0.15348,-0.050855,0.11337,0.57751,0.93944,0.28884,0.08722,0.12713,-0.32503,0.15476,-0.019518,-0.14276,-0.64608,0.83395,1.2812,-0.2552,-0.37862,-0.0083404,0.17866,-0.14942,-0.0095564,-0.13197,0.03207,-0.31991,-0.022136,0.053588,0.029423,-0.12085,-0.41,1.6236,-0.16832,-0.12827,0.62639
TCGA-24-1616-01A-21-1558-20,OV,Primary,35,-0.091428,0.074265,0.14674,0.23397,0.50907,-0.20155,-0.36551,0.015546,-1.3034,-1.0871,0.12068,1.2709,2.7029,0.57114,1.1568,-0.20012,-0.26168,-0.49368,-0.18722,0.068592,1.0702,-0.10091,0.45077,0.17431,-0.40084,0.11856,1.0811,0.27791,0.093458,-0.48895,-0.08781,0.070335,-0.54179,-0.054889,0.21681,0.22005,0.80399,0.54643,0.060945,1.1599,0.8375,-0.33333,-0.042335,0.96048,0.45896,0.15155,1.2237,-0.052696,0.70063,-0.24449,-0.19042,0.030347,0.25353,1.9358,0.1534,0.070248,-0.11711,0.036089,-0.074322,-0.46989,0.42026,0.04863,-0.26982,-0.18292,0.30436,-0.080455,-0.13428,1.795,0.14789,0.21604,-0.14666,0.6471,0.22104,-0.35646,0.070802,0.5676,0.043217,0.10034,-0.14542,0.21596,0.39444,0.27759,0.6542,1.3051,-0.091086,-0.43781,0.3517,-0.32302,0.24314,0.053875,-0.92124,0.10656,-0.24377,-0.023252,0.27788,-0.69676,-0.16588,0.042322,-0.003119,0.11491,0.77067,-0.62048,-0.48168,0.21131,0.031469,-0.011824,1.0159,0.38767,-0.051487,0.17159,0.27831,0.033048,0.25201,0.16731,0.23366,-0.21694,-0.017215,-0.98395,0.066719,-0.20729,0.013446,-0.13655,0.064565,1.1836,0.02798,-0.23278,0.0072954,0.26102,0.10141,0.034688,-0.20815,0.02717,0.33663,-0.16947,-0.086202,0.51734,0.34354,0.48999,-0.29196,-0.18282,-0.51333,-0.7097,0.32529,-0.89575,0.15273,0.22503,-0.10288,-0.19857,-0.14791,-0.10425,-0.33806,0.055746,-0.14157,-0.40587,-0.072721,-0.01085,-0.22522,1.0151,0.041952,-0.20142,0.12477,0.10963,0.067461,-0.24034,0.18619,-0.051262,0.72439,0.48752,0.034596,0.040846,-0.16322,-0.012309,-0.058101,-0.4857,-0.28696,0.42293,-0.14928,-0.013256,0.14157,1.2772,0.11222,0.051067,-0.056153,-0.063647,-0.11801,-1.3908,-0.88998,0.39791,0.31758,-0.089744,-0.034512,0.085012,0.085992,-0.021506,0.65283,1.2486,-0.056125,-0.045327,0.099259,-0.76628,-0.11414,-0.32337,-0.28844,-0.27704,-0.057057,0.7728,-0.20907,-0.078509,0.64691,0.060809,-0.3276,-0.23621,-0.21695,0.02098,-0.12208,-0.44115,-0.50968,-0.19431,-0.07342,-0.46752,1.683,-0.36151,-0.39577,0.54847
TCGA-25-1632-01A-21-1558-20,OV,Primary,35,-0.065535,-0.17177,-0.28108,0.77054,-0.33323,-1.1185,-1.1045,-0.80563,1.9195,1.5349,-0.4195,-0.11837,-0.49258,-0.54999,0.19736,-0.16673,-0.71092,-0.82597,0.056049,-0.10913,1.151,-0.22091,-0.03262,0.64683,-0.30779,0.0080224,0.56765,-0.030579,-0.0075902,-1.3741,-0.77705,0.026114,-0.38813,0.027801,0.1322,-0.084858,0.059914,0.2902,0.38205,0.056213,0.041886,-0.01256,-0.2516,-0.0010145,0.31487,0.34365,0.20722,-0.95411,-0.13374,-0.38001,0.23947,-0.13405,0.1965,1.1352,-0.20197,-0.5793,-0.46146,0.2034,1.002,-0.53814,0.39294,0.80041,-0.1517,0.092774,-0.26769,0.069193,-0.69922,0.81307,-0.66313,-0.37819,0.42474,-0.12601,-0.15839,-0.20117,0.021964,1.4468,-1.0368,0.38052,-0.046132,0.14391,0.38418,0.5094,0.79823,0.58407,-0.1014,-0.53247,0.10576,-0.40975,0.19102,0.053414,0.77917,1.0887,-0.046873,1.1075,0.40924,-0.29001,-0.048834,-0.055859,0.041197,-0.47982,0.54334,0.21626,1.0153,0.14624,-0.20354,0.232,0.087106,0.079409,-0.24337,0.44218,-0.23136,0.86628,1.1882,0.60207,0.84432,-0.25993,-0.1751,-0.82792,0.18071,1.0776,0.45735,-1.3149,-0.079344,2.0509,0.12166,-0.31279,0.56524,0.2221,1.2102,-0.4548,0.39632,-0.15743,0.23755,-0.18008,0.60506,0.13227,0.77778,0.62156,-0.26626,-0.15511,-0.37519,-0.51499,0.066807,-1.2658,0.091128,0.024817,-0.081561,0.55288,0.75057,0.23229,-1.4515,0.15791,-0.072782,0.64026,0.010419,0.16791,-0.048132,1.0512,0.31543,0.11987,-0.29129,0.53259,0.27093,-0.25413,-0.28199,0.35893,1.2105,-0.13358,0.13693,0.033922,0.056616,-0.11313,-0.056434,-0.034589,-0.55747,-0.036728,1.0269,2.9137,-0.19001,-0.10426,0.35532,-0.11174,0.33079,0.076442,0.012567,1.6254,-0.76592,0.46342,0.40638,-0.017638,0.090753,-0.029304,0.11621,-0.082308,0.34922,0.36595,0.14266,-0.18096,0.065075,-0.34127,0.059423,-0.88252,-0.1823,-0.45823,0.098997,0.36134,0.03313,-0.38022,0.3063,-0.21697,-0.14456,-0.25672,-0.30493,0.08981,-0.078308,-0.034494,-1.6481,0.0036564,-0.16802,-0.46768,-0.1068,0.49252,-0.24345,0.22832
TCGA-09-1662-01A-21-1558-20,OV,Primary,35,-0.018228,-0.36551,-0.24284,0.33558,-0.14437,-1.4106,-1.2303,0.015724,-0.053232,-0.38397,-0.6867,-0.96951,0.56938,-0.0081282,0.074817,-0.32972,-0.43432,-0.64863,-0.13046,0.11462,0.43149,-0.084074,-0.29996,0.17122,-0.039501,0.17599,0.5378,-0.13647,0.10483,-0.66466,0.80691,0.1419,-0.30601,-0.022929,0.16587,-0.076369,-0.14463,0.30511,-0.16634,1.0361,0.37324,-0.058632,-0.034043,-0.45458,-0.32454,0.69448,-0.14514,-0.6307,0.59185,-0.25223,-0.099854,-0.052865,-0.050739,1.3712,0.038915,-0.32111,0.79401,-0.047067,0.96412,-0.42982,-0.10032,0.033263,-0.42782,-0.19597,-0.16624,-0.01219,0.19402,1.5345,0.020787,-0.2708,0.21242,-0.59483,-0.38248,0.24156,0.10713,1.6901,0.32959,0.52924,-0.20161,0.28492,-0.40476,-0.082313,0.96767,-0.27871,-0.20556,-0.31911,0.091601,-0.4521,0.17624,0.19319,0.41985,0.54089,-0.20484,0.44185,0.31899,-0.30744,-0.33478,-0.00070078,-0.2542,0.0058608,-0.090858,-0.68276,0.10583,-0.032544,-0.087612,0.18349,0.41106,0.14814,-0.027411,0.3398,-0.44821,-0.1879,-0.076865,0.1888,0.11585,-0.0055204,0.07803,-0.21754,0.33669,0.75167,0.39489,-1.1358,0.039125,0.73825,-0.69123,0.10682,0.084888,0.42067,1.6551,-0.10387,0.26538,-0.31709,0.46088,-0.14113,0.14342,-0.58212,0.45142,0.52633,-0.015325,-0.084577,-0.38655,-0.74267,0.080153,-0.77643,0.083025,0.53338,-0.04832,0.42017,0.3079,0.067497,0.61515,0.31927,-0.016067,0.86232,0.31768,-0.01784,-0.48684,1.0691,0.088137,0.074999,-0.33249,-0.16632,-0.027472,-0.039394,0.31693,0.19857,0.072152,-0.99454,0.11463,0.042341,-0.078815,0.017151,0.0069458,-0.38541,-1.5087,0.49032,0.21714,0.38807,-0.089508,-0.61146,0.2802,0.067677,0.51035,-0.090531,0.0070568,0.39554,-0.39085,0.18586,0.080618,-0.28041,-0.053588,-0.028716,-0.13763,-0.11944,0.19106,0.40695,-0.029982,-0.048176,-0.0043418,-0.43035,-0.14115,-0.13126,0.025812,0.48663,0.14333,0.50478,-0.077202,-0.0091023,-0.17531,-0.12277,-0.342,-0.14433,0.24589,0.059102,-0.43984,-0.30919,-0.23311,-0.026144,0.49055,-0.44777,0.67864,0.19784,-0.16055,0.11094
TCGA-20-1683-01A-21-1558-20,OV,Primary,35,0.059117,-0.033766,-0.042606,-0.37774,0.44561,-0.93051,-1.1834,-0.2423,-0.45139,-0.92876,-0.38754,0.43934,0.19439,0.25593,-0.1619,0.16195,-0.39673,-0.51047,0.0094796,0.036712,-0.64043,0.22312,0.7287,0.037506,-0.12895,0.23622,1.0293,0.12268,0.16944,0.27468,-0.713,0.1339,-0.47284,0.55962,0.29031,0.2037,-0.070988,0.52069,-0.072414,-1.3741,0.63702,1.728,0.18809,2.4682,-0.082647,-0.045481,-2.3198,-0.65176,0.25176,-0.037168,-0.20012,0.13265,-0.1271,0.67247,-0.2225,-0.38862,0.22506,0.30041,0.62023,-0.20503,0.044555,-0.35803,-0.30908,0.33581,0.28393,0.078411,1.9278,0.30106,-0.065694,0.57837,0.034619,-0.30401,0.33617,-0.15153,-0.057627,0.19976,0.4277,-0.10697,0.21567,0.54517,0.10151,-0.036135,0.43065,0.3295,-0.51321,0.15832,0.015898,0.66959,0.28867,-0.071346,-0.333,0.24833,0.027972,0.89696,-0.038726,-0.20623,-0.48925,-0.064198,-0.38163,-0.27543,0.13257,0.028112,0.42607,0.14321,-0.17287,0.14124,0.99552,-0.45988,0.13514,0.65594,-0.37368,-0.3333,-0.43152,0.093472,0.0070798,-0.6577,-0.060969,-0.72188,0.0044139,-0.003819,0.3739,-0.46797,0.61737,1.4281,0.12646,-0.14486,0.11154,-0.23525,-0.8331,0.0093722,-0.16066,-0.036401,-0.12621,-0.12465,0.58962,-0.27519,0.1491,0.93483,-0.16966,0.20647,0.13336,-0.18332,0.3803,-1.2502,0.26766,1.0717,0.032222,-1.1907,-0.55911,0.068815,-1.1161,-0.060792,0.25484,0.56659,0.86865,0.23951,-0.11056,0.12543,0.12058,0.47396,0.18106,-0.50257,0.0084562,0.23322,-1.0349,0.26908,1.161,-0.086018,0.24855,0.13866,0.056459,0.37967,0.17082,-0.59523,-0.2037,0.047889,0.032803,-0.50502,-0.0090298,1.3408,0.58537,0.087286,0.19356,0.071129,0.052772,-1.1245,-0.78265,0.030724,-0.28575,0.0032832,0.055215,0.15892,-0.14279,0.028103,0.16246,0.36218,0.49238,0.135,0.17261,-0.89494,-0.17019,-0.043403,-0.31003,0.3331,0.36524,1.3011,0.11273,-0.24732,-0.38461,0.27547,-0.33234,-0.36657,-0.33229,0.12032,-0.11167,-0.41725,-0.14529,-0.0217,0.3394,-0.59427,1.9709,-0.46097,-0.065836,1.4218
TCGA-29-1693-01A-21-1558-20,OV,Primary,35,-0.015029,0.070411,0.17384,-0.68061,0.4956,-0.47453,-0.24206,0.1928,-1.0036,-1.2628,-0.43186,0.76504,0.89823,0.5456,1.5912,-0.36476,-0.27696,-0.83146,-0.10935,0.029151,0.89995,-0.1911,-0.084582,0.25187,-0.25725,0.020743,0.47799,-0.13008,-0.11827,0.34969,-0.37858,0.25535,-0.12075,-0.24142,0.29918,-0.19173,0.21766,0.16054,0.35043,1.7534,0.16855,-0.46999,0.091234,1.1859,0.13118,1.1467,0.35804,-0.47352,0.50939,0.1117,0.19567,-0.074019,0.074677,1.1866,-0.48032,0.10291,0.89442,-0.047223,2.4063,-0.16511,0.24618,-1.4363,0.069303,0.10593,0.016525,-0.12232,-0.54995,0.22864,-0.039802,-0.24024,-0.082826,-0.31524,-0.40381,-0.54251,-0.02799,0.15048,0.42625,-0.76602,-0.02907,0.29966,0.45358,0.29575,0.71735,-0.4779,-0.2989,-0.27605,0.021414,-0.08109,0.081595,0.12935,-0.62121,-0.024278,0.6222,-0.035989,-0.14214,0.54168,0.49347,-0.13144,0.083223,0.87849,0.58028,-0.81144,-0.23809,-0.027887,-0.1851,-0.33173,0.99271,0.48815,-0.21146,-0.7446,-0.44985,0.0019795,0.15408,0.15877,0.73966,-0.2554,-0.11143,-0.82075,0.21933,-0.16101,0.0087777,-1.2119,-0.11127,0.50647,0.12716,0.087511,0.20932,0.26155,0.58141,-0.14363,-0.22021,-0.28548,0.12771,-0.025777,0.22588,0.30581,0.016575,0.12186,-0.11785,-0.12383,-0.5462,-0.41235,0.53329,-0.13241,0.2055,-0.124,0.026413,-1.1116,-1.0721,0.086976,-0.83364,0.3296,0.19071,-0.25135,0.50016,-0.056561,-0.29123,0.26645,0.21626,0.09987,-0.51064,-0.95236,0.20281,-0.018455,0.37064,0.28522,0.60524,0.17648,-0.07224,0.16254,-0.020957,-0.14278,-0.16211,0.37931,0.22334,0.76642,-0.16051,0.92652,-0.2251,0.46516,1.1293,0.22905,0.76515,0.27705,0.21362,-0.21163,-0.0054954,0.32231,-0.27531,0.13878,0.38933,-0.03581,0.11916,-0.13135,-0.16217,-0.15048,-0.30671,-0.17515,-0.017467,-0.082036,-0.011058,0.098841,0.31181,0.705,0.52647,0.24644,0.090993,0.40667,0.20239,-0.086011,-0.061786,-0.068171,0.16467,0.12077,0.12486,0.14863,-0.23003,0.15702,0.4261,-0.066919,1.3301,0.11449,0.23418,-1.4428
TCGA-29-1702-01A-21-1558-20,OV,Primary,35,0.35605,0.63269,0.29615,1.6227,1.0584,-0.52412,-0.7447,0.1188,-0.75697,-0.57442,-0.88348,-0.5869,0.022737,0.205,1.6807,-0.60063,-0.47828,-0.18966,-0.42398,-0.13759,1.0425,-0.28949,-0.23224,0.43882,-0.53125,-0.03958,0.64793,0.08432,0.071888,-1.3016,-1.0488,0.066577,-0.52824,0.022246,0.1876,-0.015434,0.83996,0.62905,0.058647,-0.10417,0.10171,0.89264,-0.076137,0.14513,-0.25502,0.3639,0.27519,-0.48661,0.62669,-0.47932,0.071502,-0.23503,0.092861,2.1542,-0.15242,-0.2156,-0.2099,-0.14404,0.94764,-0.45441,-0.025175,-0.064602,0.19673,0.16724,-0.05667,0.01585,-0.37742,1.8486,-0.44394,-0.40738,0.51645,-0.80314,0.35842,-0.18875,0.18718,1.3562,0.92674,1.2107,-0.21967,0.039822,0.30103,0.31939,0.71323,1.632,0.46181,-0.46826,0.17312,-0.41426,0.17218,0.046049,0.68061,1.2006,-0.21506,0.14533,0.39198,-0.24326,0.079711,-0.2615,-0.33083,-0.2411,0.25149,-0.39671,0.056409,0.022218,-0.17096,0.31067,0.12541,-0.074048,-0.0967,1.5744,-0.31472,0.054414,0.29344,0.1401,0.37469,-0.55223,-0.2059,-0.47616,0.63939,1.1579,0.28088,0.3954,-0.050008,1.3673,0.14227,0.15561,-0.025419,0.71628,1.9527,-0.25966,0.10135,0.015278,0.0093287,-0.27296,0.24656,0.48836,0.73968,0.38347,-0.14754,-0.23458,-0.59525,-0.95676,0.37921,-1.2489,0.10121,0.61935,-0.21033,0.5141,0.2296,-0.076617,-0.51928,0.16447,0.0051544,0.61488,-0.2389,-0.050125,-0.433,1.3807,-0.0057258,-0.21114,-0.75193,0.11167,-0.19902,-0.12614,1.0705,0.34156,0.41973,-0.11973,0.20332,0.084754,-0.15763,-0.17588,-0.13273,-0.43436,-0.9752,0.11739,0.43745,2.034,-0.27047,-0.6701,-0.54875,-0.038352,0.029646,0.11758,0.10982,-0.29659,-0.14044,0.2552,0.50299,0.11143,0.11477,-0.054193,-0.12068,-0.1922,0.58338,1.0335,0.092,-0.19815,-0.14644,-0.4748,-0.19786,0.044924,0.28213,-0.6191,0.65744,0.75565,0.17401,-0.45474,0.2578,-0.24265,-0.43147,-0.17927,-0.21747,0.13848,-0.14666,-0.27799,-0.063396,-0.0037846,-0.26507,-0.43785,1.4583,0.076071,-0.01805,0.84586
TCGA-04-1542-01A-21-1558-20,OV,Primary,35,0.038061,-0.091855,-0.37143,0.27648,0.13372,-0.44988,-0.56115,-0.38406,-0.77489,-0.49108,-0.36446,-0.035077,0.29098,0.72005,0.34446,-0.16591,-0.28403,-0.15889,-0.06032,0.058401,-0.51425,0.34039,0.29997,0.18454,-0.22114,0.060557,0.75576,-0.066687,0.0075205,-1.0786,-0.36455,0.29121,0.07569,-0.13657,0.097308,-0.05013,0.50324,0.33474,0.02508,0.70727,1.1516,-0.89954,0.28335,0.49053,-0.28685,-0.032027,-0.06722,-0.42486,0.62364,-0.057465,-0.13022,0.15303,-0.092709,0.88992,0.043977,-0.10494,0.052813,-0.047785,0.35382,0.098769,-0.17194,-0.66631,-0.48241,-0.14382,0.14052,-0.081976,1.0249,1.7278,-0.059123,-0.025448,-0.10841,-0.77224,0.24988,-0.79274,-0.045967,1.2203,-0.52461,-0.17071,-0.0082689,0.28864,0.10183,0.2955,0.3988,-1.5563,-0.70446,-0.097008,0.21507,-0.14338,0.25786,0.033427,-0.71257,1.0545,-0.44865,-0.0081032,0.088377,-0.49959,-0.054468,0.066947,0.20434,0.44925,0.57965,-0.47032,0.16162,0.20703,-0.03076,-0.080076,0.51289,0.27193,0.091601,-0.52221,-0.33745,0.42833,0.37735,0.22463,-0.1239,-0.20465,-0.013563,-0.14572,0.04944,0.44837,0.71116,-0.887,0.25746,0.32361,-0.1268,-0.7218,0.20016,0.19626,0.77007,-0.2053,-0.027445,-0.20522,0.068466,-0.080414,-0.076235,-0.95451,0.21031,-0.11848,-0.37163,-0.15224,-0.60507,-0.0017981,-0.29236,-0.77587,-0.13922,-0.38355,-0.21476,-0.61441,-0.066808,0.04308,-1.5799,0.040627,0.073411,-0.35034,0.37954,0.1008,-0.45584,1.5358,0.20565,0.26654,-0.61808,-0.78088,0.32371,0.086908,-0.88553,-0.20462,0.2539,-0.15173,-0.29155,0.055565,-0.25479,-0.033818,-0.12933,-0.47952,-1.3905,0.28503,-0.27079,1.5481,0.10512,1.1739,-0.6047,0.47223,0.46777,0.10022,0.11157,-0.015461,-0.32598,0.52569,-0.087986,-0.24738,0.054311,0.17675,-0.16864,0.064874,-0.16238,-0.37356,0.61422,0.030908,0.09967,-0.59572,0.14506,-0.16671,0.030174,-0.19051,0.27613,0.6671,-0.16306,-0.22583,0.36903,0.33337,-0.10038,-0.035506,-0.11875,-0.007281,0.046291,-0.025847,-0.33039,0.017818,-0.36885,-0.36147,1.0071,-0.25179,-0.21044,1.0415
TCGA-24-1553-01A-21-1558-20,OV,Primary,35,-0.016853,-0.2832,-0.34008,0.08854,-0.75134,-1.3261,-1.4595,-0.054597,0.44079,-0.64011,-0.57406,-1.2662,0.3067,0.26888,0.63726,-0.26967,-0.47311,-0.014797,-0.18991,0.15624,-0.68997,0.20965,0.158,0.16788,-0.13353,0.099134,1.0981,-0.35075,0.0098598,-0.46429,0.023498,0.23974,-0.39991,-0.42686,0.31015,0.0055984,0.33777,0.34929,-0.0065686,-0.46473,0.90069,-1.7251,0.088992,-0.068095,-0.31521,-0.1643,-0.098862,-0.80106,0.0030164,0.044568,0.35477,-0.025242,-0.19573,1.2725,-0.17855,-0.48412,0.16497,-0.12979,0.77858,-0.3435,-0.59412,-0.19022,-0.31372,0.24963,1.1697,0.056994,1.9864,1.3718,0.16874,0.078358,0.0091435,-0.40359,-0.17238,0.51592,-0.046613,1.1307,-0.05536,0.086541,0.1208,0.25899,-0.20249,0.32013,0.56755,-0.43235,-0.3946,-0.063136,0.12292,-0.051107,0.16783,-0.20698,0.18275,0.43244,-0.55091,0.58336,0.37526,0.26021,-0.22937,-0.45312,-0.48865,-0.40914,-0.14248,0.23148,0.60717,0.29071,-0.17965,0.1772,0.62338,-0.13347,-0.037634,-0.88228,-0.54241,0.44389,0.19405,0.26668,0.12053,-0.25957,-0.06007,-0.41282,0.2943,-0.013477,0.016901,-0.24579,0.21888,0.43206,-0.41855,-0.068412,0.031216,-0.1636,-0.11113,0.096733,0.10024,-0.21033,0.34235,-0.2094,-0.11286,-0.99155,0.39616,-0.21338,-0.40912,-0.061454,-0.26503,0.32798,-0.32286,-1.5094,0.0010587,-0.43483,-0.10756,0.28474,-0.063929,-0.019021,-0.80254,0.22846,-0.011259,1.3025,0.35333,0.19487,0.022716,1.5291,-0.10875,0.71443,-0.085786,0.20477,0.20129,0.075377,-0.21604,-0.21946,-0.27945,-0.25793,-0.040154,-0.025499,-0.08344,-0.15806,-0.21702,-0.52442,-1.2738,-0.38322,0.050997,-0.74918,0.30959,-2.1762,-0.52801,0.25684,0.37231,0.050149,0.11838,0.28029,0.3627,-0.38841,-0.42279,-0.1904,-0.14184,0.17143,0.088473,-0.055977,-0.08719,-0.081409,0.16515,-0.039963,0.080161,-0.80931,0.050857,0.26002,-0.0084759,-0.4118,0.47745,0.50279,-0.37205,-0.33773,-0.34748,0.1157,-0.27452,-0.21023,-0.28469,-0.043019,-0.17477,-0.15224,-0.014783,-0.056731,0.33336,-0.22296,1.5627,0.17108,0.0013032,0.3372
TCGA-24-1564-01A-21-1558-20,OV,Primary,35,0.067522,-0.14671,-0.16897,0.13934,0.00712,-0.51346,-0.17888,-0.064345,-0.05304,-0.83073,-0.30683,0.063014,-0.31017,-0.3401,0.7342,-0.29701,-0.015988,-0.64912,-0.0069537,0.12286,0.26542,-0.061096,0.21041,0.38143,-0.31757,-0.0044804,0.016102,0.073622,0.0059467,-0.63622,-0.75454,0.12825,-0.098984,-0.1696,0.12077,-0.025861,-0.032478,0.16624,0.092187,1.1046,0.35637,-0.26433,-0.0049295,0.15391,-0.32995,0.37669,0.17298,-0.17108,0.24651,-0.070954,-0.13184,-0.15283,0.16832,0.6689,-0.42529,0.24966,1.555,0.067931,0.73814,0.019707,-0.05729,-0.22466,-0.13204,0.062383,0.34098,-0.13457,-0.32843,2.4352,-0.24922,-0.18829,0.73539,-0.16564,-0.52168,0.35217,0.0077257,1.0686,0.088468,0.25771,-0.014845,0.16464,0.050096,0.31409,0.021509,0.89531,0.11943,-0.13157,0.20813,-0.18076,0.11384,0.19044,0.68072,-0.15446,-0.14017,0.456,0.46281,0.85569,0.29911,-0.15764,0.033689,0.16366,0.074449,-0.56105,0.061528,0.080815,-0.22065,0.091062,0.64692,-0.33242,-0.050855,0.13183,-0.034664,1.1039,1.1418,0.13369,0.11034,-0.41381,-0.18463,-0.28827,0.22974,-0.028192,0.19717,0.25504,-0.061489,0.84985,0.056646,0.11513,-0.15915,-0.12446,0.39975,0.094828,0.21383,-0.10882,0.33924,-0.17754,0.10419,-0.30691,0.44313,0.083767,-0.3303,-0.12689,-0.42114,-0.15754,0.32228,-0.9344,0.079747,9.5286e-05,-0.082252,-0.37897,-0.2149,0.069637,-1.0189,0.40767,-0.037632,0.24107,0.38508,0.030922,-0.14543,0.7362,0.023242,0.02978,0.10809,0.030828,0.32077,-0.16977,-0.80302,0.027442,0.41796,0.16102,-0.007342,0.10257,-0.14319,0.0066599,-0.070614,0.36536,-0.34512,0.3807,0.14293,2.3666,0.02159,-0.061724,0.06417,-0.047636,0.10595,-0.10732,-0.07004,0.25082,0.75352,0.18591,-0.31255,0.42667,-0.035824,0.069455,0.069415,-0.10242,-0.19781,-0.23002,-0.28736,-0.10094,0.011768,-0.28636,-0.089165,0.19935,0.20351,-0.30814,0.24256,0.23207,-0.40406,0.11529,-0.14426,0.0059206,-0.2195,-0.25203,-0.19855,-0.035882,-0.061568,-0.33096,-0.048324,-0.18226,-0.057235,-0.21781,-0.19175,-0.076359,-0.15923,-0.41978
TCGA-25-1623-01A-21-1558-20,OV,Primary,35,0.2789,-0.18264,-0.33707,0.386,-2.0242,-0.74322,-0.091813,-1.9106,-0.85173,-0.43197,-0.54343,-0.073799,-0.45099,0.98916,-0.54543,-0.22153,0.25597,-0.31406,-0.31549,0.14831,-1.0245,-0.27019,0.27175,0.018566,-0.29993,0.044087,-0.63927,-0.83789,0.018146,0.29138,0.31239,0.36091,0.22847,-0.092774,0.47205,0.15641,-0.39456,0.24812,0.32625,0.57029,0.57103,0.26591,-0.036341,0.42677,0.077476,0.30519,-0.97,-0.99696,-0.62535,0.19475,0.34388,-0.15416,0.46861,-0.96412,-0.62237,-0.94578,1.2956,-0.45436,-0.50576,0.068377,-0.29583,-1.0006,-1.4413,0.043963,-0.35291,0.18671,0.57224,1.106,-0.79788,0.044543,0.56513,-1.4783,-1.4453,0.44825,-0.09346,1.3222,-0.13849,-0.48742,-0.14225,0.27679,-0.46868,0.32241,0.33715,-1.1639,-0.92216,-0.03804,0.023208,0.18817,0.098878,-0.17454,0.4323,0.4174,-1.3064,1.2172,-0.1419,1.9261,-0.3303,-0.27886,-0.41782,0.35646,-0.66564,-0.97846,-0.63721,-0.056721,-0.1936,-0.014799,0.17521,-0.61192,-0.038093,-0.74484,-0.47796,1.2101,1.2601,0.06754,0.15804,-0.2883,0.068822,0.2276,0.32622,0.8482,0.21065,-1.2184,0.60387,0.33067,-0.94194,-0.25542,0.2237,1.373,2.5113,-0.3302,0.25048,-0.040976,0.20056,0.1507,-0.43164,-1.1682,0.31489,-0.15699,-0.047169,0.059435,-0.13416,1.0027,-1.5345,-0.52705,0.28638,-0.16659,0.30583,-1.454,-0.76938,0.17791,4.1296,0.40644,0.22583,1.0656,0.19184,0.0035485,-0.13421,0.61574,0.52821,0.69698,-0.055774,-0.53253,0.65144,-0.12784,-0.25775,-0.1148,-0.44771,0.11326,0.15553,-0.089827,-0.067038,0.328,0.17835,0.21396,-1.131,0.54661,-0.033092,-0.35554,-0.25499,-0.77045,-0.23856,0.36811,0.79656,0.24741,0.22253,0.28176,0.39757,0.031718,-0.44505,-0.32842,0.37819,0.24453,0.25042,-0.091414,-0.36852,-0.63697,-0.06492,-0.2363,0.22387,-0.19199,0.13252,-0.26356,0.27743,-0.15747,0.33467,-0.40683,0.19913,0.1259,0.28741,0.65422,0.12119,-0.0075874,-0.091724,0.10657,-0.93874,0.33961,-0.21612,0.30175,-0.28468,-0.36682,1.1897,0.2926,0.36726,-0.56902
TCGA-25-1633-01A-21-1558-20,OV,Primary,35,0.0029268,-0.1902,-0.10635,0.36441,0.094442,-0.89606,-0.6292,-0.030661,-0.017655,-0.40517,-0.45179,-0.04767,-0.027292,-0.51079,0.65252,-0.29101,-0.27623,-0.45983,-0.20937,-0.12755,0.42524,-0.39291,0.41472,0.48797,0.3968,-0.16014,-0.60455,-0.074467,-0.15527,-0.51844,-0.331,0.010955,0.037843,-0.29611,0.051911,-0.23901,-0.39924,0.049932,-0.13855,0.75498,0.1144,-1.011,-0.20825,-0.51047,-0.006885,0.39749,0.33368,-0.7993,-0.032186,-0.069552,0.40224,-0.21915,0.033362,0.77808,-0.50312,-0.5959,1.579,0.056479,0.052126,-0.2332,-0.05837,-0.0091053,0.15784,0.45175,-0.023633,-0.045465,-1.0285,1.1437,-0.17653,-0.048643,0.38194,-0.003044,-1.0413,0.16147,-0.098892,1.5034,0.1534,0.8663,-0.13904,0.060083,0.020669,0.32042,0.021572,0.92802,-0.94389,-0.07374,0.17344,0.46051,0.059583,0.1384,0.92026,0.086944,0.04377,0.36309,0.5471,1.3748,0.71997,-0.23505,0.040656,-0.11294,-0.015777,-0.86347,-0.32207,-0.084664,-0.20042,0.11243,0.48634,-0.0025169,-0.49472,0.36211,-0.049611,1.0899,1.1639,0.13742,0.17714,-0.075127,-0.22325,-0.29363,0.63689,0.93898,0.59356,-0.44231,-0.14265,0.031267,-0.37351,0.15076,0.085689,0.33329,1.397,0.012614,0.30062,-0.14433,0.50387,-0.050757,0.30894,-0.030687,0.48487,0.56533,-0.48278,-0.1502,-0.34137,-0.23192,0.29386,-1.0849,0.30177,-0.5523,-0.023828,-0.0957,0.29952,-0.093015,1.0539,0.57405,-0.15563,0.4881,0.1239,-0.079504,-0.28842,0.88222,0.18584,-0.070926,-0.066078,0.17839,0.17052,-0.19599,-0.042118,0.0019158,0.30606,0.13959,0.090296,0.043138,-0.09165,0.0093869,0.014299,-0.0969,0.71843,0.17322,0.31722,0.90012,-0.15761,-0.32618,-0.36226,-0.08796,0.25548,0.030122,0.012798,0.69613,-0.012287,0.2383,0.24319,-0.25696,0.076459,-0.23323,0.0099844,-0.2351,-0.070687,0.13913,-0.43418,-0.30216,-0.077749,0.24975,-0.15181,0.13779,0.48931,-0.11759,0.92508,0.37902,-0.30205,0.038992,0.014082,-0.11561,-0.22187,-0.23086,-0.15998,-0.036736,-0.12237,-0.28078,-0.108,0.09094,0.053854,-0.29013,0.86022,0.60901,0.026588,-0.43977
TCGA-09-1664-01A-21-1558-20,OV,Primary,35,0.043603,-0.59899,-0.3332,-0.40558,0.38841,-0.84478,-0.80381,0.20501,-0.35034,-0.65298,-0.38573,0.51643,0.72352,-0.23851,1.1496,-0.37059,-0.51438,-0.22245,-0.22142,0.11479,0.2487,0.10632,-0.30455,0.050601,-0.0098879,0.24561,0.97897,0.03505,0.0059039,-0.591,0.74297,0.22876,-0.2428,-0.19759,0.26535,0.024795,-0.40483,0.28359,0.032365,1.8848,1.0029,-0.26782,0.097929,-0.20276,-0.2287,0.17534,0.10269,-1.172,0.48973,-0.18801,0.13379,0.069159,-0.38505,1.7646,-0.10669,-0.68956,0.056002,-0.16859,0.777,-0.27706,-0.38402,-0.48327,-0.22545,-0.088885,0.36308,-0.0062015,1.5261,1.2872,0.058225,0.2996,0.11917,-0.191,-0.1885,-0.46654,0.14123,0.18649,-0.20998,0.43382,-0.22095,0.42327,0.02363,0.19115,0.30631,1.1342,-0.34003,-0.085513,0.062431,-0.17119,0.2256,-0.24758,0.0075052,0.090185,-0.0046694,0.31128,-0.017311,-0.14876,0.27801,-0.24568,-0.050264,-0.55027,0.16267,-0.27435,0.45292,0.029999,0.41804,0.038187,0.6088,0.22466,-0.06385,-0.62237,-0.25853,0.8241,0.36578,0.1668,-0.0021561,-0.04523,-0.023795,-0.24341,0.22831,0.73925,0.48332,-0.51346,0.15026,0.76607,0.20858,-0.047803,-0.044489,0.20519,0.62857,0.026492,-0.12738,-0.29296,-0.007287,-0.17155,0.019216,-0.30684,0.10615,0.17399,-0.17125,-0.067369,-0.49129,-0.62254,0.17258,-0.7253,0.17158,-0.0096779,-0.16957,-1.8571,-0.53834,0.043044,1.3705,0.07905,-0.023312,-0.25449,0.46667,0.2957,-0.4537,0.84155,0.072,0.25191,-0.51601,-0.45867,-0.087242,0.1653,-0.35793,0.06891,0.31278,0.19564,0.057297,0.080272,0.042417,0.085262,-0.007611,-0.57946,0.12272,-0.08482,0.087332,2.0093,0.056437,0.72412,-0.51989,0.14692,-0.22696,0.1052,0.088318,0.23574,-0.3947,0.091477,-0.024035,-0.29479,0.031922,0.091256,-0.0051557,-0.021174,0.18503,0.24746,0.067249,0.044219,0.33174,0.0030217,0.078294,-0.25075,-0.091151,-0.025317,0.41823,0.45484,-0.24205,-0.17012,-0.2116,0.029206,-0.17032,-0.20106,-0.22211,-0.0048994,-0.20811,-0.03239,-0.30666,-0.068081,-0.04132,-0.43376,-0.85345,0.20329,-0.33251,-0.21334
TCGA-20-1684-01A-21-1558-20,OV,Primary,35,0.044516,-0.32856,-0.32279,-0.82934,-0.00081345,-0.58849,-0.70977,0.033223,-1.3551,-1.297,-0.069516,0.89396,0.90149,0.52093,0.10593,-0.31762,-0.85543,-0.23468,-0.12396,-0.0022636,0.58539,-0.057982,0.66916,-0.15973,-0.46554,0.093986,1.1249,-0.098144,-0.061142,-1.1234,-0.39103,0.099683,-0.30877,0.13772,0.15236,-0.090272,0.5403,0.29762,0.19716,0.72925,0.46947,1.0778,-0.11266,1.5437,0.36103,0.21949,0.32419,-0.3468,1.2175,-0.27271,-0.25883,0.006858,-0.12013,1.0678,-0.13778,-0.33863,-0.71551,0.067679,1.0483,-0.38294,-0.14941,-1.8819,-0.1054,-0.12196,0.24671,-0.11769,-0.019907,1.9348,-0.29491,-0.040345,-0.27275,-0.98046,0.44075,-0.52954,0.054903,-1.0136,-1.0375,-0.75851,-0.13883,0.18603,0.40287,0.12382,0.61516,0.1758,-0.85788,-0.33137,0.087013,0.2157,0.23241,0.11327,-1.398,1.2131,-0.25263,-0.069785,-0.16382,-0.4355,-0.17564,-0.049043,-0.34271,0.37783,0.76842,-0.58441,-0.080624,0.35311,0.14877,-0.36031,0.3004,-0.16395,0.13257,-0.52226,0.040968,-1.4241,-1.255,0.059507,0.71064,-0.38367,-0.070763,-0.913,0.046888,-1.2341,0.17394,-0.11685,0.13924,0.44331,0.033392,-0.53315,0.25591,0.14418,-0.014569,-0.056851,-0.3225,-0.26919,-0.14414,-0.2012,0.58358,0.025965,-0.39946,0.76969,-0.23115,-0.034582,-0.093151,-0.39371,0.42207,-0.90268,-0.14676,0.75005,-0.014222,-1.2608,-1.6055,0.092446,-1.0894,0.1989,0.08369,-0.80106,0.15964,-0.074603,-0.35947,0.64965,0.15483,-0.049842,-0.22456,-0.078396,0.51172,-0.11389,-1.1029,0.13495,0.78321,0.78576,-0.078629,0.053903,0.15952,-0.12466,-0.12096,-0.59376,-0.45498,0.18001,-0.30943,1.4488,0.0060178,1.5056,0.10478,0.32697,-0.203,0.016481,0.11863,0.24662,-0.47475,0.36138,0.71049,-0.12491,0.14457,-0.043078,0.06385,-0.0024444,0.47439,0.59301,0.13116,-0.083248,-0.0044765,0.087526,-0.06626,-0.050163,0.032284,0.80344,0.38319,0.89715,-0.12826,-0.25121,-0.10838,-0.012988,-0.29586,-0.05675,-0.15018,0.020553,0.23269,-0.31214,-0.10793,-0.088094,0.020905,-0.31265,1.5718,-0.41217,-0.10419,0.89853
TCGA-29-1694-01A-21-1558-20,OV,Primary,35,0.0089638,-0.11333,-0.20502,0.29177,0.11449,-0.75183,-0.50032,0.04388,-0.26435,-0.7671,-0.68441,-0.38103,-0.12759,-0.42153,0.37492,-0.14568,-0.3409,-0.20811,0.2012,-0.10891,0.6167,-0.083155,0.51926,0.25442,-0.1213,-0.0047791,0.076246,0.13684,0.014564,0.57024,0.2031,-0.21839,-0.12068,-0.077806,0.33353,0.031583,-0.53453,0.21504,0.1053,1.0542,0.40329,-0.20562,0.012298,0.7053,0.39275,0.17247,0.572,0.32091,1.3343,0.12015,0.26821,0.014131,0.35589,0.83244,-0.29153,0.14014,0.093939,0.017524,0.61506,-0.11474,-0.18667,0.22843,-0.22952,0.013075,0.0081468,-0.092605,-0.73172,0.19702,0.28316,-0.27881,0.53017,0.38356,-0.64014,-0.14049,-0.039939,1.579,0.0031672,0.46382,-0.11661,0.11367,0.26295,0.33209,0.053148,1.0492,-0.25825,-0.13772,0.16292,0.41243,0.13405,-0.021352,1.1095,0.25133,-0.005362,0.044236,0.49455,-0.54349,-0.17969,-0.051127,-0.1612,0.4916,0.27591,-0.27738,0.57542,0.019673,-0.045476,0.21629,0.83236,-0.5838,-0.21601,0.58337,0.068668,1.0215,0.70028,0.33108,0.10313,-0.045678,-0.23261,-0.50051,0.27792,0.38454,0.4677,-0.40821,-0.052244,0.82408,-0.051981,0.33016,-0.30834,-0.020851,1.0978,-0.15581,0.44009,-0.17192,0.41355,-0.1495,0.066062,0.07644,0.96905,0.16685,-0.47413,-0.17828,-0.43347,-0.88005,0.3978,-0.69918,0.14061,-0.13511,0.0075484,0.38196,0.24084,-0.12288,0.32301,0.068042,-0.11977,1.1791,0.18261,0.18457,-0.10545,0.42125,0.15026,0.033446,-0.24315,0.68031,0.22244,-0.0026071,-0.066956,0.084696,0.23084,0.11908,0.21448,-0.42196,-0.2545,-0.048593,-0.013947,1.9465,0.37887,0.6717,0.24887,0.02685,-0.37504,-0.88976,1.3573,-0.073867,0.54816,-0.034144,0.0080554,1.899,-0.41107,-0.17624,-0.63425,-0.51493,-0.040358,-0.094312,0.15042,-0.14669,-0.47605,-0.16063,-0.67162,-0.20767,-0.037672,-0.44876,-0.20092,-0.16694,-0.14116,-0.20272,0.27775,0.13803,-0.28877,0.13604,0.08095,-0.032225,-0.30263,-0.61467,-0.21436,-0.01444,-0.021984,-0.52865,-0.59944,-0.16209,-0.0046138,-0.42769,-0.12427,-0.041663,-0.36137,-1.3634
TCGA-29-1703-01A-21-1558-20,OV,Primary,35,-0.054342,-0.020584,-0.10825,-0.21588,0.20481,-0.73256,-0.6719,0.26234,-0.86326,-1.2102,-0.40417,0.52521,0.17327,0.045393,0.34032,-0.44142,-0.5158,-0.13713,-0.16249,-0.14372,0.25007,-0.17758,-0.068348,0.33414,-0.3452,0.007651,0.93187,-0.045237,-0.059742,-0.8603,-0.27886,0.10076,-0.12923,-0.14778,0.08009,-0.064166,0.48499,0.28379,0.21735,0.93713,0.044828,0.69629,-0.19192,1.178,0.13024,0.40433,0.022905,-0.71939,0.90461,-0.26885,-0.28326,-0.1595,0.16055,1.7644,-0.31069,-0.49103,-0.37471,0.17427,0.94544,-0.37216,0.089741,-1.3946,0.23761,0.041568,0.26254,-0.083491,-0.0076008,1.5414,0.64566,-0.14598,-0.214,-0.27495,-0.11711,-0.13355,-0.042858,-0.33694,0.064418,-0.341,-0.14618,0.22033,0.18972,0.17545,0.50736,1.066,-0.76729,0.22927,0.095588,0.15292,0.12122,0.0061092,-0.84528,0.5029,-0.29221,0.016946,0.14157,-0.50789,-0.094599,-0.02438,-0.30325,-0.18142,0.86779,-0.082841,0.36261,0.29211,-0.17982,-0.1519,0.37601,-0.08912,-0.11552,0.44559,0.42554,-0.1403,-0.052979,-0.018124,1.4159,-0.28509,-0.14632,-0.88448,-0.080663,-0.97408,0.89371,0.86697,0.12965,1.63,0.43786,0.11034,0.035559,0.08292,0.41077,-0.010279,-0.1137,-0.14653,-0.0032378,-0.1517,0.79096,0.21966,-0.19014,0.52505,-0.34032,-0.13602,-0.43042,-0.66375,0.54312,-1.0811,0.19536,0.27176,-0.16026,-0.48701,-1.021,0.0215,-0.27016,0.14469,0.09005,1.0363,-0.031798,0.031505,-0.10551,0.62247,-0.040079,-0.20757,-0.20747,-0.13632,0.27355,-0.15491,0.72851,0.091037,0.3053,0.29707,-0.142,0.12184,-0.016818,0.043202,-0.13067,-0.27408,0.45444,0.24134,-0.15703,-0.32955,-0.14255,0.60393,0.14564,0.075125,0.25167,0.040219,0.10677,1.8029,-0.25421,0.20184,0.26016,0.082972,0.12507,-0.085242,0.012066,-0.00015736,0.5725,1.0007,0.22344,-0.19813,0.038858,-0.27368,-0.13174,0.042978,0.11592,0.46012,0.7109,1.1278,-0.17271,-0.10565,-0.074887,0.031121,-0.14293,-0.38672,-0.059319,0.0082539,-0.25858,-0.25256,0.11416,-0.04199,0.3981,-0.29501,1.7296,-0.30073,-0.020602,1.0183
TCGA-24-1544-01A-21-1558-20,OV,Primary,35,0.03352,-0.08888,-0.18621,0.34148,-0.09737,-0.60826,-0.82642,-0.038486,0.56462,-0.0019405,-0.11671,-0.3676,0.42711,0.19008,-0.049371,-0.24896,-0.25885,-0.019864,-0.11209,-0.031971,0.49502,0.34935,0.68922,0.28185,-0.1464,0.068745,0.9855,-0.10805,-0.074768,-0.65075,-1.4033,0.28859,-0.16995,-0.135,0.28506,-0.086894,0.073224,0.32944,-0.075113,0.90472,0.73335,-0.13953,0.082202,0.96001,0.10139,-0.22681,0.016897,-1.2699,0.45573,-0.02029,0.017757,0.077214,-0.15941,1.1714,-0.19409,-0.32642,0.20595,-0.024853,-0.53525,-0.24002,-0.40437,-0.067844,-0.003033,0.1476,0.54798,-0.005728,3.047,1.5742,-0.19022,0.34497,-0.16513,-0.50868,-0.36684,-0.72246,-0.069773,0.25166,-0.30042,-0.47248,-0.09287,0.27663,0.18312,0.29893,1.0082,0.11573,-0.9089,0.21642,0.47656,0.24319,0.20803,-0.17403,0.0050257,0.55302,-0.47246,0.41478,0.34163,-0.16319,-0.18637,-0.19568,-0.10479,-0.041313,0.011107,-0.92156,-0.55428,0.10135,-0.15023,0.31703,-0.21142,-0.29827,0.089362,0.022824,-0.90766,-0.76601,-0.47161,0.098398,-0.25964,-0.25349,-0.10286,0.2044,-0.044094,-0.057192,-0.036681,0.028467,0.43696,0.40999,-0.1253,-0.51655,0.31648,0.14479,0.084186,-0.13467,-0.14016,-0.10128,-0.052627,-0.14557,0.26456,-0.54581,0.16771,-0.031864,-0.15129,-0.091241,-0.76474,-0.14949,0.30895,-1.5379,-0.098307,0.044036,-0.22723,-1.3556,0.1197,0.18223,-1.7711,-0.21311,0.27441,-0.24858,0.053404,-0.094849,-0.28377,0.63678,-0.04146,0.26369,-0.6843,-0.71347,0.25019,0.20369,0.12481,-0.50447,0.24404,0.88265,0.085244,0.14938,-0.23322,0.027282,-0.19552,-0.61379,-1.1136,-0.061309,0.59199,2.7517,0.053709,1.1076,-0.33803,0.35193,-0.066978,0.018517,0.28301,0.40727,0.021439,0.4504,0.0075999,-0.021518,0.38585,0.042529,-0.020987,-0.020186,0.42912,0.7129,0.15096,-0.02704,0.066289,0.28508,0.05295,-0.29233,-0.33286,-0.0551,0.41177,0.12912,0.15868,0.020112,-0.31191,0.30502,-0.14101,-0.033521,-0.020187,0.11805,-0.0636,0.22197,-0.44666,0.13867,-0.026794,-0.19188,1.9838,-0.15522,0.21096,0.1675
TCGA-24-1555-01A-21-1558-20,OV,Primary,35,-0.01499,-0.37971,-0.44126,-0.6338,0.32272,-1.011,-1.108,0.13319,-0.92277,-1.282,-0.21782,0.6626,1.242,0.21614,1.1043,-0.17992,-0.20889,-0.21543,-0.22996,0.1241,0.91722,-0.06576,0.97313,0.010816,-0.2035,0.0079747,0.93733,0.08156,-0.13587,-1.0225,-0.47625,0.21266,-0.15721,-0.26679,0.28649,-0.16991,-0.1161,0.2266,0.15484,1.3639,0.31485,0.092962,-0.12558,0.46792,0.075996,0.26839,0.098242,-0.728,0.3598,0.012684,-0.12328,-0.077853,-0.18515,1.4189,-0.36038,0.0019932,0.030915,0.019395,0.82958,-0.23184,-0.39375,-0.83431,-0.15415,-0.031106,0.41766,-0.082433,-0.40957,0.73019,0.083979,-0.065147,0.26729,-0.35902,-0.15208,-0.097198,-0.036474,0.61828,-0.018175,-0.29033,0.078479,0.2453,0.1793,0.13828,1.0507,-0.018068,-0.65415,-0.21284,-0.055493,-0.18518,0.2157,0.23459,0.49234,0.35511,-0.45843,-0.089998,0.21218,-0.27019,0.0033955,0.28818,-0.36827,0.11089,0.32461,-0.40018,0.11197,0.31148,0.0039718,-0.12355,1.0886,0.28255,-0.023744,-0.76496,-0.085322,0.038258,0.23732,0.091898,0.065558,-0.36543,0.079824,-0.57985,0.22278,-0.53279,-0.068602,-0.58349,0.068984,1.0061,-0.13857,-0.40759,0.45505,0.40774,0.68771,0.14876,-0.088576,-0.26267,0.13356,-0.074872,0.36336,-0.19958,-0.12128,0.49977,-0.38203,-0.081792,-0.18557,-0.0098036,0.34633,-0.8525,0.089393,-0.13657,-0.066008,-0.93104,-0.57099,0.096205,-0.42301,0.39445,-0.028089,-0.28345,0.1556,-0.070966,-0.33128,0.9895,0.042806,0.30033,-0.049835,-0.081665,0.69905,-0.15664,-0.87204,0.13302,0.28939,0.16384,-0.22444,0.0086895,-0.11643,0.11499,-0.12197,-0.26758,-0.24763,0.35994,-0.18314,1.6123,0.093993,-0.93226,0.18072,0.17401,0.22591,-0.049738,0.061567,0.73866,-0.07582,0.50306,-0.05189,0.13745,0.116,0.047992,0.11352,0.043973,0.27932,0.47587,0.072524,-0.15398,0.11645,0.39675,-0.019848,0.28853,0.099481,0.73448,0.47532,1.0607,-0.34688,0.0077672,-0.098388,0.04839,-0.15486,-0.096009,-0.15731,-0.019894,-0.36967,-0.095632,-0.23732,-0.045413,0.21187,-0.2827,0.03694,-0.23582,0.03209,0.50205
TCGA-24-1565-01A-21-1558-20,OV,Primary,35,0.086939,-0.47694,-0.49758,-0.64157,0.4081,-0.60269,-0.7121,-0.26793,-0.71766,-1.1937,-0.13545,0.52291,1.0449,-0.35972,0.21941,-0.17127,-0.2406,0.55732,-0.049646,0.2094,-0.459,-0.16136,0.035723,-0.03347,-0.17887,0.010972,0.51847,-0.004472,-0.077784,-1.2668,-0.11966,0.18987,-0.097759,-0.4595,-0.039959,0.015123,-1.3775,0.12928,0.27755,1.3738,0.88212,-1.4866,-0.10238,-0.73977,-0.33711,0.14698,0.47583,-0.90106,0.40896,-0.18694,0.010695,-0.10522,-0.26676,2.0793,0.16705,-0.30981,-2.0241,-0.0076036,0.42101,0.18813,-0.40019,-0.79554,-0.12483,-0.12472,0.18869,-0.088638,-0.02038,0.084493,-0.02301,-0.19332,-0.12881,-0.088025,-0.12928,0.06786,0.066997,0.58005,-0.54636,0.25497,-0.1476,0.23295,-0.069942,0.052087,0.1534,-0.1189,-0.39281,-0.31822,-0.043552,0.32944,0.17054,-0.041229,0.18945,-0.08607,0.076154,-0.007709,0.14944,-0.98865,-0.041344,-0.28278,0.063425,-0.29216,0.28614,-0.31145,0.3806,0.31304,0.55576,-0.20344,0.49951,0.31293,-0.22902,-0.75176,-0.63929,-0.3878,-0.34939,0.31528,0.16548,0.062256,0.065878,-0.45263,0.024676,0.42129,0.36146,1.1678,0.0011013,0.83788,0.11607,-0.30914,0.30498,0.12712,0.38885,-0.021337,-0.10191,-0.32603,0.080032,0.018717,0.046482,-0.43247,0.49305,0.39597,-0.28434,-0.045746,-0.21273,-0.21412,-0.082571,-1.3336,-0.01274,-0.31367,0.0022208,-1.2001,-0.70349,0.051538,2.2272,0.027711,0.14563,-0.60308,-0.20495,-0.034535,-0.24276,1.1463,0.25623,0.14301,0.011206,-0.066433,0.72438,-0.12687,1.0622,-0.029084,0.61903,0.40657,-0.092128,0.06151,0.23928,0.0031944,0.027023,-0.69605,0.47328,-0.3659,-0.09465,3.0517,0.078317,0.051894,0.34084,0.13194,0.052176,0.25406,0.24054,-0.23467,0.31094,0.27028,0.18197,0.54845,0.26938,0.083522,0.058425,-0.028914,0.26841,0.40777,0.20191,-0.11857,-0.042327,1.0122,-0.024663,0.28949,-0.16941,0.19269,0.32995,0.95397,-0.28185,-0.20778,-0.13216,-0.0092496,-0.18024,-0.053209,0.032135,0.015254,0.19623,0.022165,0.24382,-0.12732,0.65696,0.048182,-0.32317,-0.053792,-0.063725,0.54769
TCGA-36-1577-01A-21-1558-20,OV,Primary,35,0.2992,0.1755,-0.25397,-0.92535,-0.40864,-0.78226,-0.47535,-0.56897,-1.4908,-1.1891,-0.3249,0.067088,1.1389,0.19129,0.50039,-0.1055,-0.31404,-0.14289,-0.064502,0.10978,-0.35215,0.17413,0.41039,0.054919,0.45849,0.22464,0.24699,-0.14396,0.17718,-0.59322,-1.0544,0.35828,0.45693,0.308,0.4903,0.20207,-0.027181,0.49194,0.027999,0.73343,1.0423,1.9458,0.24416,-0.45974,0.098256,0.073152,-0.59676,-0.57201,0.11128,-0.063251,-0.21166,0.25061,-0.13328,0.84717,-0.19324,-0.78375,0.96131,0.14902,-0.65179,0.19754,-0.34145,-1.6167,-0.41822,6.8733e-05,0.38993,-0.0089835,2.3929,1.2456,-0.036957,0.32402,-0.14637,-0.26419,-0.35914,0.13071,-0.0074206,-1.4891,0.54147,-1.3105,0.13944,0.42252,-0.31518,-0.38865,0.85462,-0.41881,-0.97985,-0.075452,0.0050438,-0.13063,0.26088,-0.28594,-1.4943,0.11795,-0.060085,0.099879,-0.13246,0.67457,0.38695,0.24552,-0.65517,-0.46307,-0.22007,-0.4719,-0.31907,0.026757,-0.03958,-0.2136,-0.15339,0.032073,0.5524,-0.40561,-1.1064,-1.4759,-1.3505,0.13471,-0.0053062,-0.15394,0.14132,-0.088675,0.074703,-0.4281,-0.37535,-1.5287,0.48654,0.44894,-0.68,-0.18531,0.14321,0.26479,-0.040699,-0.17715,-0.35105,-0.071923,0.19282,0.015876,0.0099957,-0.19256,-0.39584,0.29242,-0.0074391,0.043363,-0.088919,0.2871,0.028937,-0.20143,-0.053419,0.5079,0.16308,-0.12382,-1.754,0.18709,-1.2611,-0.14118,0.2025,0.41272,0.41354,-0.026019,-0.3784,-0.21952,0.055413,0.18737,-0.30761,-1.7992,0.92759,0.29496,-0.11376,0.050525,0.34842,-0.87815,0.04868,0.089184,0.078545,0.25571,0.35233,-0.36443,-2.4745,0.79991,-0.16072,-0.51095,0.098631,1.5512,0.29596,0.24418,-0.096166,0.20315,0.22974,-0.66625,-0.79874,0.37485,0.16561,-0.064323,0.2255,0.2291,0.014739,0.082686,0.42161,0.90869,0.31865,0.24366,0.21015,-0.14199,0.59579,-0.11043,-0.22211,0.30185,0.20684,0.32757,-0.12715,-0.50848,0.036953,0.27654,0.0092708,0.068385,-0.066603,0.066252,-0.38018,-0.050794,0.34845,0.056153,-0.08015,-0.42403,-0.41194,-0.41292,-0.062162,0.85732
TCGA-25-1625-01A-21-1558-20,OV,Primary,35,0.03797,-0.50496,-0.22019,0.57788,-0.23179,-0.27513,-0.17018,0.026366,0.11779,-0.36003,-0.32243,0.029258,0.17245,0.32278,1.2219,-0.17938,-0.33557,-0.25272,-0.10072,-0.07142,-0.16941,-0.2627,-0.14221,0.17692,0.023082,-0.072699,0.20247,0.050583,0.12279,-1.0627,-0.23225,0.027465,-0.25263,-0.29335,0.024166,-0.082939,-0.12317,0.20248,0.24532,0.30126,0.83267,0.045284,-0.029223,0.042774,0.40443,0.029563,0.045534,-0.81099,0.1739,-0.2839,-0.13353,-0.1027,-0.14023,1.625,-0.10789,0.13512,0.54627,0.14608,0.6911,-0.17179,0.072023,0.41671,-0.54136,-0.23688,0.14613,-0.029411,-0.2862,0.11537,0.011236,-0.15263,0.37081,0.1458,-0.14176,0.24226,-0.023203,1.4764,0.43095,0.31945,-0.085978,0.18354,0.11591,0.31487,-0.086955,-0.27495,0.22847,-0.33487,0.14485,0.032897,0.078404,-0.072161,0.55905,0.2478,-0.27774,0.54793,0.29295,-0.28942,-0.36498,-0.098123,-0.25493,-0.163,0.20634,-0.13847,0.43312,-0.015127,0.053134,0.13254,0.87867,0.18348,-0.092437,-0.66933,-0.17729,0.88482,0.98613,0.14671,-0.060858,0.023567,-0.14523,-0.43127,0.13661,0.66574,0.3792,-0.24854,-0.084475,0.76657,-0.017601,-0.12262,-0.24991,0.20559,1.127,-0.21287,0.21414,-0.25268,0.35843,-0.017425,0.064577,-0.69603,0.53885,0.419,-0.37018,-0.10444,-0.33272,-0.33204,-0.27648,-1.136,0.27602,0.12965,0.23769,-0.44344,0.34178,-0.095337,1.1942,0.39641,-0.080493,2.0947,0.16299,-0.053205,0.16506,0.80199,0.030699,-0.21069,0.17516,0.35725,0.48326,-0.13155,0.53998,0.16406,0.43007,-0.15548,0.22567,0.071524,-0.14065,-0.078905,0.10484,-0.30491,0.19482,0.20283,0.50903,1.1842,-0.069826,0.011717,0.544,-0.023518,0.33036,0.15521,0.085349,0.9412,0.061172,0.17081,-0.23993,-0.18381,0.004843,0.085419,-0.096853,-0.036068,-0.24691,-0.10731,-0.26468,-0.21424,-0.063406,-0.40097,-0.23412,0.098967,0.099132,0.45401,0.10731,0.30894,-0.28682,-0.030368,-0.099827,0.023735,-0.12783,-0.25073,0.067978,-0.012033,-0.072898,-0.18493,0.13905,0.12594,0.043385,-0.20277,0.87941,0.14569,-0.12885,-0.21028
TCGA-25-1635-01A-21-1558-20,OV,Primary,35,0.014815,-0.4819,-0.35405,-0.67311,0.0915,0.13527,0.45785,0.085996,-0.44756,-0.80565,-0.23773,0.69391,0.25649,0.80469,0.99779,-0.28718,-0.17948,-0.43679,-0.26856,-0.091089,0.38206,-0.18101,-0.035018,-0.35636,0.17353,-0.16709,0.79457,0.14896,-0.26227,-0.7471,-0.54185,-0.029695,-0.31196,-0.15127,-0.021337,-0.17211,0.092565,-0.0068847,0.1437,0.959,0.37033,1.2767,-0.19516,0.7111,0.1539,0.50917,-0.49846,-0.90865,0.059408,-0.37703,-0.43589,-0.16345,-0.39519,2.5272,-0.54165,0.4696,1.5937,-0.11827,1.5983,0.062065,0.091186,-0.84388,-0.059016,-0.21059,1.3102,-0.18874,0.33699,0.38373,0.030576,0.162,0.48954,-0.20152,-0.098142,0.045857,0.029728,0.089215,0.10963,-0.14763,-0.025959,0.13017,0.39894,-0.046143,-0.058487,0.085491,0.39006,-0.4299,-0.086607,-0.25284,0.032316,0.021779,-0.1719,0.32219,0.022676,-0.27862,-0.22335,0.16862,0.32879,0.026866,-0.369,0.0088666,0.28698,0.22492,0.24263,0.050456,0.12036,-0.24275,1.1479,0.043536,-0.0075761,-1.2141,0.301,0.28814,0.075657,-0.078628,0.0094607,-0.18839,-0.13738,-0.41955,-0.085159,-0.51187,-0.022929,0.54262,-0.13726,2.1628,0.24129,0.34379,-0.072841,-0.30887,-0.52934,0.288,-0.13082,-0.30677,0.2827,-0.28222,0.66367,0.0973,-0.040487,0.50357,-0.48172,-0.049455,-0.32548,0.15149,0.34663,-0.5203,0.43402,0.75451,-0.05095,-0.87007,-0.61907,-0.20392,-0.10945,0.38735,-0.31241,-0.38387,0.18477,-0.13158,-0.12003,0.10156,-0.15465,-0.21543,0.33358,-0.0030898,0.14105,-0.12035,-0.22511,0.46893,0.2483,0.05785,-0.08753,0.0099948,-0.31109,-0.02156,0.10644,-0.036454,1.477,0.56668,0.057905,2.2439,0.22993,-1.0995,0.26307,-0.022753,0.36959,0.034599,0.14235,0.62767,0.088088,0.052072,0.22443,0.011568,-0.17933,-0.016676,-0.053198,0.034903,0.010471,0.66088,0.055436,-0.15148,-0.10336,0.060733,-0.20851,0.13128,0.42739,1.7614,-0.086881,0.56554,-0.58551,-0.012041,-0.081819,0.19229,0.0062574,-0.16373,-0.21423,-0.11843,0.097461,-0.66969,-0.33921,-0.13639,0.12028,-0.21202,1.8256,-0.31454,-0.22086,0.43878
TCGA-09-1665-01B-21-1558-20,OV,Primary,35,0.097587,-0.42258,-0.41737,-0.28554,-0.031728,-0.62718,-0.63562,-0.28857,-0.42502,-0.54549,-0.44731,-0.55517,-0.21188,0.012682,0.31981,-0.072884,-0.58446,-0.48129,-0.10745,0.31256,-0.23666,0.081873,0.8632,0.0028652,-0.080968,0.090384,0.99039,-0.37013,0.022696,-0.61432,1.2081,0.22256,-0.25785,-0.23484,0.073127,0.0046261,0.22208,0.33186,-0.0048203,0.42268,1.1209,-0.74896,0.088073,0.40331,0.042766,0.028388,0.54374,-1.3384,-0.7992,-0.1865,-0.265,0.099799,-0.32247,1.2623,0.027534,-0.14864,0.94134,0.20718,1.4234,-0.1824,-0.3784,-1.0365,-0.19207,-0.12395,1.109,-0.062126,1.0244,1.9476,0.53637,0.01034,0.1755,-0.26055,-0.35208,0.13806,-0.074504,0.10493,-0.62309,-0.43282,0.0085878,0.37022,-0.12948,-0.1401,0.31168,-0.94312,0.1169,-0.11654,0.07359,0.021339,0.14042,-0.11075,-0.39,0.40773,-0.30659,0.10888,-0.25322,0.5446,-0.025016,0.05231,-0.23957,0.29251,0.0093923,-0.066341,0.55838,0.13992,-0.11098,-0.099448,-0.046106,-0.32659,0.12088,0.19266,-1.1936,-0.50197,-0.3289,0.14382,-0.020371,-0.28839,0.042658,-0.42611,0.030975,-0.6352,0.046526,-0.45912,0.24082,0.4931,-0.42708,-0.17178,0.015494,0.38889,1.0758,0.19649,-0.11812,-0.21208,0.024339,-0.03267,-0.13615,-0.047242,0.074256,0.060531,-0.14159,0.10417,-0.18605,-0.29025,-0.10107,-0.75104,0.077174,-0.13193,0.11614,-1.2634,-0.73211,0.3205,0.91909,0.21378,0.091203,0.50866,0.35986,0.12652,-0.59547,0.056679,-0.04505,0.25332,-0.40467,-0.072823,0.19611,0.21944,0.065203,0.026249,-0.097435,-0.03235,0.15859,0.12583,0.079137,0.22773,0.017323,-0.18529,-0.86527,0.29028,-0.10004,-0.23032,0.30271,0.21645,1.0852,0.11173,0.55327,0.10963,0.17655,0.43947,-0.5072,0.23842,0.042023,-0.17511,0.071001,0.18561,0.057247,0.1021,-0.26174,0.060058,0.24016,0.065901,0.16545,-0.26307,0.22063,-0.099822,0.043267,-0.38485,0.091375,0.57348,-0.34036,-0.38435,-0.24508,0.13497,-0.1954,-0.24043,0.066568,-0.035921,-0.20662,-0.33834,-0.47002,-0.024123,-0.0318,-0.46389,0.86003,-0.40871,-0.022199,-0.62574
TCGA-20-1685-01A-21-1558-20,OV,Primary,35,0.026066,0.19548,-0.24382,-0.48242,0.81163,-0.45337,-0.1592,0.021651,-1.381,-0.32061,-0.15235,0.59861,0.74114,0.21215,0.77451,0.085563,-0.39549,-0.35717,-0.15826,-0.04473,0.22348,-0.24927,1.0384,0.11113,-0.30728,0.10437,0.6037,0.00066555,-0.061324,-0.72879,-0.20095,-0.12112,-0.56092,0.54803,0.36026,-0.057091,0.58815,0.31717,0.069535,1.7474,-0.15244,1.4619,-0.11091,0.74248,0.088201,0.41867,0.2052,-0.55059,0.48399,-0.26714,-0.37102,-0.029736,0.11481,0.65303,-0.36034,0.18128,-0.7151,0.22684,1.1876,-0.32895,0.030942,-1.1344,-0.12796,-0.085976,-0.18553,-0.070902,-0.40019,2.4511,-1.0883,-0.39966,-0.2301,0.090731,-0.08531,0.44787,0.0040679,-1.1075,0.59129,-0.51995,-0.10782,0.2305,0.019204,-0.15172,0.17419,0.063097,0.29898,-0.23448,0.057567,-0.080686,0.21818,0.36993,-0.41375,0.22834,0.52869,-0.35994,-0.2242,-0.86079,-0.15462,0.19349,-0.068646,-0.061915,0.57124,-0.30153,0.59066,0.12156,-0.15639,-0.38406,0.76022,-0.11525,0.079624,-0.74412,0.27551,-0.8171,-0.46264,0.058315,0.45703,-0.24491,-0.095886,-0.47052,0.00094617,0.15454,0.083234,-0.057152,0.095103,1.4526,-0.065234,-0.55628,0.28669,0.25914,0.4218,-0.30518,-0.33957,-0.038324,0.03299,-0.079098,0.26199,-0.11124,-0.090556,0.53722,-0.31697,-0.096968,0.029935,-0.40064,0.49186,0.050791,0.043339,0.6067,0.054252,-0.93468,-1.4297,-0.028292,-0.65876,0.20862,0.045429,0.21608,0.35206,0.035527,-0.38556,-0.35341,0.311,0.012079,0.095596,0.035423,0.38865,-0.14768,-1.4844,0.46979,1.0818,-0.43239,0.025183,0.063184,-0.11383,0.016201,0.12776,-0.58612,-0.74473,0.77567,-0.065451,1.7116,-0.19602,1.1844,0.73802,0.021546,0.26508,-0.097873,0.0052614,-0.1717,0.35611,0.48267,0.263,-0.13862,0.077014,-0.10889,0.23725,0.0047751,0.026078,0.28295,-0.35321,-0.19161,0.06634,-0.13059,-0.31291,0.27306,0.055057,0.87467,0.049287,1.4026,-0.2109,-0.041577,-0.1273,0.30569,-0.14836,-0.32097,-0.17518,0.006407,-0.63141,-0.67389,-0.096425,-0.20976,0.47132,-0.18042,-0.96337,-0.56569,-0.30187,0.2157
TCGA-29-1695-01A-21-1558-20,OV,Primary,35,-0.060901,-0.60716,-0.15797,-0.35288,0.14744,-0.45183,-0.49773,-0.080102,-0.72832,-0.93636,-0.23733,0.55012,0.81451,0.60588,0.72196,-0.30285,-0.32264,-0.64181,-0.17878,0.1105,0.32051,-0.1853,0.70943,0.17167,-0.26744,-0.015732,0.4769,-0.035852,-0.043841,-0.95836,-0.27521,0.10431,-0.32331,0.011659,0.18041,-0.10988,0.43307,0.292,0.0070066,0.19252,0.35996,0.26474,-0.12152,1.1306,-0.20191,0.20846,-0.39307,-1.1524,0.13266,-0.39765,-0.16731,-0.090581,-0.16179,2.4344,0.053607,0.0048582,1.2694,0.060737,0.69851,-0.25598,-0.17002,-0.28103,-0.075402,-0.056197,0.47771,-0.11684,-0.1565,3.2321,-0.040174,-0.19702,0.68769,-0.17025,-0.20783,0.021745,0.0034194,1.0217,0.25121,0.17341,0.070985,0.22251,0.056779,0.168,-0.12362,0.8132,-0.45013,-0.35568,0.06546,0.11361,0.12034,0.50363,0.95384,0.76781,-0.15095,-0.11264,0.12768,0.32587,0.15331,0.095049,-0.01501,0.0066285,0.42728,-0.47576,-0.12401,0.067565,-0.12003,0.017514,0.86331,-0.2036,-0.16171,0.87969,-0.56724,0.37956,0.36147,0.061011,0.018527,-0.5697,-0.15733,-0.56696,0.19502,-0.18567,0.25743,0.031467,0.051981,1.0487,-0.079263,0.12882,-0.038664,-0.063307,-0.11198,0.10124,0.12144,-0.19024,0.034347,-0.24817,0.64957,0.66355,0.41109,0.25197,-0.18738,-0.10325,-0.53354,-0.21409,0.4277,-0.2996,0.21575,1.0219,-0.048075,-0.17939,-0.23359,-0.065814,-0.026661,0.4414,-0.020127,0.68568,0.2148,-0.015966,-0.31005,0.37947,0.017952,-0.099556,-0.24866,0.19187,0.046975,-0.065703,-0.24141,0.058599,0.24633,-0.078567,0.16354,0.026623,-0.21849,0.10106,0.026032,-0.29201,-0.042241,0.58755,0.12762,0.59042,0.021737,0.04261,0.95739,-0.032733,0.22425,0.00016807,0.087476,0.063812,0.015002,0.11937,-0.074069,-0.06735,-0.069478,0.027899,-0.054974,-0.05638,-0.16709,-0.19572,-0.025197,0.04204,-0.11308,-0.25825,-0.17029,0.048927,0.33278,0.24545,0.16912,0.87044,-0.23665,-0.34582,0.28063,-0.039611,-0.2952,-0.21016,-0.27868,0.0092962,0.074443,-0.4635,-0.035411,-0.085577,0.00026417,-0.44771,1.9649,-0.092812,-0.076645,0.21484
TCGA-29-1705-01A-21-1558-20,OV,Primary,35,-0.15642,-0.56995,-0.32829,-0.26512,-0.34761,-0.21839,-0.41104,0.57518,-0.96168,-1.1966,-0.073062,0.84889,-0.29885,1.1081,-0.01283,-0.067329,-0.39013,-1.1021,-0.099648,0.18913,0.2838,-0.22277,0.59801,0.27065,-0.60073,-0.021571,0.74772,0.0020059,-0.0381,-1.3701,-1.1728,-0.049951,-0.18666,0.06132,0.053151,0.054376,0.36935,0.43959,0.38416,1.0262,0.0081568,0.1577,-0.17299,0.21461,0.11376,0.88107,0.57353,-0.49993,0.7945,-0.18327,-0.24064,-0.074506,-0.078756,1.3546,-0.11419,0.26443,1.3492,0.02379,1.271,-0.52626,-0.056285,-0.71046,-0.25253,-0.30186,-0.064114,-0.24736,-0.59108,1.069,0.40778,-0.092965,0.24073,-0.33536,0.53053,-0.16047,0.03402,0.5217,0.19484,0.059744,0.0018558,0.14011,0.29147,0.094658,0.079458,1.3515,0.13047,-0.15104,-0.16652,-0.35843,0.09261,-0.093868,0.053052,0.73483,0.03253,-0.06551,0.052714,-0.24473,0.48234,0.098481,-0.73662,0.17235,0.22342,-0.52099,0.11044,0.28332,-0.079692,-0.34047,0.48819,-0.20949,-0.060333,0.16828,-0.61515,-0.28865,-0.1898,0.090352,0.097201,-0.30217,0.11317,-0.24244,0.14619,0.098437,0.30846,-0.11598,0.011535,0.82598,0.12447,0.2903,-0.21927,0.07104,0.048857,0.050488,-0.025357,-0.1786,0.1386,-0.10977,0.38608,0.18683,0.328,0.40103,-0.52873,-0.12587,-0.34981,-0.11239,0.33254,-0.29265,0.014652,0.76318,-0.047712,-0.67697,-0.59872,-0.18571,-0.90795,0.41986,-0.28569,0.051992,0.45671,-0.22433,-0.010232,0.41238,-0.032606,-0.053817,-0.57928,-0.028812,0.31528,-0.26648,-0.26062,0.37925,-0.019629,0.50959,0.11765,0.034109,0.11003,0.21618,-0.064271,2.3739,-0.11423,0.92786,-0.15269,3.0268,-0.11283,1.5689,0.49961,-0.065919,0.51078,-0.1975,0.063432,0.88193,-0.38958,0.23945,0.079708,-0.034214,-0.1345,0.10583,0.020363,0.0046022,-0.076657,0.17188,-0.14588,-0.030059,-0.036752,-0.12171,0.2554,-0.26704,0.42923,0.00097007,0.65038,0.45237,-0.34432,-0.020023,-0.056788,0.13529,-0.081758,-0.34646,-0.15642,-0.085086,-0.055806,-0.69433,-0.17567,-0.035451,0.20542,-0.58781,-1.6208,-0.50553,-0.50239,-1.3821
TCGA-29-1707-01A-21-1559-20,OV,Primary,35,0.1936,0.62686,0.025312,0.42493,-0.4986,-0.78529,-0.57231,-0.50198,-0.79766,-0.64406,-0.20631,-0.052754,-0.70799,1.7992,-0.30191,-0.13602,-0.16555,0.24541,0.23401,-0.19866,-0.032504,-0.3509,0.73594,-0.13067,-0.16985,0.06467,-0.73903,-0.075728,0.14147,-0.71599,-1.0971,-0.081162,0.20787,-0.097685,0.53234,0.14017,0.081961,0.38834,-0.22973,1.8927,0.01003,-0.12651,-0.18997,0.95613,0.26375,0.4538,1.147,-1.0874,0.83468,-0.30763,-0.032947,-0.081549,0.49539,1.632,-0.24824,-1.2342,-0.74467,0.037802,0.11351,-0.25116,-0.44314,-1.165,-0.90228,-0.10373,-0.56258,-0.04749,0.14622,0.63424,-1.6474,-0.4106,-0.18488,-0.98742,-1.0909,0.38403,-0.37206,0.59132,0.39887,-0.12226,-0.12726,0.14581,-0.24037,0.17026,0.32209,-0.16236,-0.63898,-0.32331,-0.21595,-0.0025828,0.21023,0.31578,0.79997,0.40113,-0.36949,0.53485,0.22745,-0.5032,-1.217,0.24009,-0.066168,0.37204,-0.0060043,-1.2835,-0.89586,-0.047298,0.18441,-0.0086039,0.5276,-0.012048,-0.14492,0.24762,-0.11324,-0.12352,-0.52149,-0.0032077,0.018011,-0.25431,0.028977,-0.53651,0.1623,0.27415,0.04893,-1.3061,0.086451,0.65051,-0.79197,0.10421,0.049061,0.63648,1.6105,-0.73301,0.11054,0.20156,0.59602,0.26825,-0.021329,0.13183,0.49248,0.58226,-0.15468,-0.091359,-0.2455,-0.52956,-0.016558,-0.94328,0.1065,0.051632,-0.0028244,-1.4485,-0.52568,0.11678,-1.4547,-0.32402,0.16118,0.84444,-0.53144,-0.22224,-0.32574,0.57717,0.43057,0.076677,-0.66794,-0.59105,0.75836,-0.031126,-0.48095,-0.59057,0.09157,-0.16346,-0.13194,0.099105,-0.14537,0.039785,0.030623,-1.0477,-2.1469,0.52769,0.0093431,-0.49117,-0.36546,-0.34541,-0.13595,0.27395,0.35233,0.31673,0.2459,0.26811,-0.32532,0.46611,-0.30786,-0.079726,0.33816,-0.21543,0.36817,-0.097414,-0.08368,0.1721,-0.35876,-0.1605,0.08016,0.030805,-0.16231,-0.2738,-0.17362,0.21325,0.61288,0.19689,0.1373,0.1314,0.58931,0.20396,-0.089241,0.029196,0.11241,0.097446,-0.299,0.10709,0.16541,0.12887,0.31486,-0.081538,0.32409,-0.29784,0.12674,0.13657
TCGA-61-1733-01A-21-1559-20,OV,Primary,35,-0.093871,-0.29829,-0.072939,0.40939,0.51614,-0.77041,-0.93068,0.19895,0.22114,-0.70643,0.051722,0.15026,0.66225,0.050845,0.20138,-0.29296,-0.25441,-0.66229,-0.0040589,-0.11228,0.66227,-0.088501,1.1601,0.6419,-0.15963,-0.034544,-0.036904,-0.073208,-0.24002,-1.2324,0.03228,-0.033688,-0.51532,-0.087139,0.014181,-0.077898,-0.36555,0.17397,-0.027854,0.63506,0.49056,0.13958,-0.15084,1.347,0.2936,0.66886,-0.7997,-0.39795,0.98018,0.037776,0.65201,-0.14201,-0.14123,0.98165,-0.47898,-0.35799,0.60659,0.052211,0.86591,-0.43003,-0.013107,0.32675,-0.13301,0.25262,-0.25375,-0.060215,-1.106,3.0238,-0.58377,0.10684,0.060413,-0.21056,-0.35482,-0.34076,-0.15616,1.0682,0.058111,0.52267,0.17376,0.077958,0.5689,0.43739,1.2151,0.67498,-1.4345,-0.53982,0.1266,0.56669,0.16113,-0.34594,0.062823,-0.15382,-0.12442,0.4306,0.37066,0.96659,0.66211,-0.094877,-0.083583,0.44919,0.54559,-0.71508,-0.0060394,0.0052119,-0.20461,0.075236,0.32628,-0.10508,-0.032504,0.26401,-0.3889,0.59792,0.51939,0.34632,0.12814,-0.010786,0.017976,-0.29666,0.16107,0.56289,0.43848,0.009469,0.066894,0.36741,0.29784,-0.54538,0.16299,-0.14323,0.29124,0.084436,0.03186,-0.019021,0.28732,-0.22441,0.84925,0.25842,0.32521,0.60484,-0.61443,-0.26139,-0.60985,-0.71663,0.68594,-1.5128,-0.0068527,0.71239,-0.27415,1.2829,0.81946,-0.025804,-1.7723,0.10623,-0.090979,0.30154,0.061093,-0.17063,-0.051054,0.76692,-0.099907,-0.071341,0.59593,-0.35823,0.26281,-0.27037,-1.3711,0.37228,0.95463,0.99392,-0.065741,-0.012426,-0.13718,0.15124,-0.27853,-0.34442,0.12733,-0.13906,0.45199,2.4782,-0.17317,1.5767,0.38294,0.017991,-0.29375,-0.083313,-0.12186,0.29038,-0.32813,0.029422,0.59617,0.39707,-0.09499,-0.020462,0.28142,-0.048972,0.58627,1.0101,0.11059,-0.21026,-0.052329,-0.051233,-0.15334,-0.082196,-0.18378,-0.61369,0.13997,1.072,-0.22011,-0.15647,0.076163,-0.11407,-0.24333,-0.25738,-0.12383,0.0040269,-0.16267,-0.30488,-0.17099,-0.17453,-0.12664,-0.35729,1.6822,0.13725,-0.25539,0.67651
TCGA-29-1764-01A-21-1559-20,OV,Primary,35,0.18807,0.37191,-0.095547,0.075043,-0.29651,-0.79621,-0.072413,0.055831,-0.89247,-0.46365,-0.22013,0.4057,1.1229,0.87372,-0.8069,-0.062703,0.062661,-0.28781,-0.12016,-0.028982,0.24431,-0.29202,0.61375,0.11166,-0.26201,0.016276,-0.19976,-0.24962,-0.11945,-0.62563,-0.6516,-0.228,0.066563,0.2687,0.16412,-0.083254,0.65406,0.24873,-0.14087,1.1583,0.073179,0.49702,-0.062981,0.76378,-0.011965,0.4067,0.49229,-0.5951,0.43427,0.084766,-0.36157,-0.14226,0.29386,0.99457,-0.2237,-0.12271,0.87977,0.18272,0.81052,0.060744,0.057836,-1.316,-0.25769,-0.013828,-0.14627,-0.061506,-0.76537,0.94333,0.19306,-0.17171,-0.079409,-0.28717,-0.61114,0.21936,-0.15985,0.16657,-0.1618,-0.91373,-0.073099,0.099238,-0.064873,-0.011416,0.22233,-0.30979,-0.15735,-0.12832,0.17984,-0.59078,0.18258,0.20417,-0.31746,0.61782,-0.082918,-0.36737,0.046057,-0.27759,-0.0013364,0.37285,-0.19171,0.66803,0.086608,-0.85418,-0.36343,-0.091554,-0.050548,-0.3653,0.6951,-0.18894,-0.051644,-0.011408,-0.31772,0.11469,-0.12089,0.11582,-0.27324,-0.28279,0.036758,-0.19893,-0.050354,-0.74405,0.096287,-0.8173,0.094873,0.44712,-0.63917,-0.126,0.27045,0.59267,1.1197,-0.33368,0.082782,0.026928,0.351,0.16506,0.17406,0.13125,0.16526,0.37766,-0.1997,-0.11047,-0.13904,-0.27449,0.29315,-0.4932,0.24518,0.24188,-0.02717,-0.40721,-1.2771,0.048455,0.14864,0.31862,0.11011,0.17513,-0.015684,0.0073731,-0.35913,0.42236,0.30065,0.093729,-0.10601,-1.0742,0.837,-0.14658,-0.55628,0.065615,0.24258,-0.40652,-0.19302,0.040418,-0.17577,0.15647,-0.039953,-0.046938,-0.0072341,0.20215,-0.23054,3.3904,-0.21396,0.56159,0.35414,0.11708,0.75098,0.10067,0.052303,1.2141,-0.37221,0.38123,0.10414,0.30537,0.19107,-0.11714,0.13454,-0.26835,0.10807,0.39511,-0.25664,-0.15978,-0.0056389,0.12573,0.0069524,-0.022419,0.089465,0.10057,0.063,0.57061,-0.2533,0.12844,0.34881,0.35904,-0.038081,-0.13708,0.0014117,0.029122,-0.096753,-0.21809,-0.16556,-0.032419,0.069905,-0.26922,2.0759,-0.54835,-0.15183,0.24989
TCGA-29-1776-01A-21-1559-20,OV,Primary,35,0.059662,-0.23746,-0.022117,-0.38485,-0.1373,-0.5365,-0.67598,0.14162,-0.20818,-0.95294,-0.49814,0.0013415,1.3197,-0.46669,1.4618,-0.12808,-0.30261,-0.21812,-0.22559,-0.055741,0.55154,-0.16566,0.25437,0.19899,-0.26928,-0.063268,1.1747,0.030922,-0.1488,-0.6972,0.62959,-0.32136,-0.049416,-0.29055,0.030326,-0.1927,-0.57777,-0.075075,0.26512,0.42513,0.56891,-0.82239,-0.035728,-0.053059,-0.26665,0.63114,-0.16286,-1.2945,0.51429,-0.1009,-0.31054,-0.055378,-0.12313,1.2197,-0.33434,-0.22008,0.88028,0.27359,1.2081,-0.28813,-0.17175,-0.57874,-0.14601,-0.091378,0.6767,-0.25737,-0.30693,0.81522,0.22987,-0.050313,0.35849,0.25929,-0.11898,-0.045839,-0.13471,0.7065,0.0053636,-0.20385,-0.17485,0.17654,-0.095019,-0.010756,0.96923,0.83158,-0.030735,-0.27005,0.081539,-0.20441,0.10139,0.0065951,0.32443,0.19429,-0.37658,0.0085128,0.48032,0.026639,0.3773,0.25159,-0.15839,0.10033,0.74541,-0.28722,0.24427,0.14888,-0.13142,-0.12904,0.71437,1.1707,-0.1246,-0.77082,-0.12796,0.035435,0.15051,0.085894,0.060805,-0.0020955,0.036557,-0.034908,-0.13143,0.32705,0.096455,-0.31366,-0.21873,0.24902,0.15606,-0.10772,0.33745,0.59218,1.7744,0.055306,-0.16587,-0.19684,0.26252,-0.029769,-0.036735,-0.85252,0.36245,0.31045,-0.42142,-0.01199,-0.20409,-0.044691,0.099166,-0.10834,0.13468,-0.0054741,-0.035859,-0.61159,-0.41718,0.049665,-0.92173,0.12105,0.058653,-0.25153,0.0083,-0.013222,-0.54148,0.55238,0.41746,0.040433,0.16597,-0.031233,0.38039,-0.011149,-0.11456,0.64189,0.83633,0.029748,0.0069197,-0.38636,0.042716,0.0019747,-0.13953,-0.46113,-0.37429,0.26477,0.17514,0.83826,0.04724,-0.098846,0.31718,0.17269,0.2841,-0.0048485,0.13981,0.66294,-0.56669,0.32545,0.30677,0.034339,0.098265,-0.082107,0.16325,-0.28597,-0.083898,-0.10492,-0.29252,-0.16076,0.30642,-1.0003,-0.072746,0.49129,-0.11277,0.44915,0.18434,0.78603,-0.38534,-0.11915,-0.31409,-0.18335,-0.11824,-0.37088,-0.039938,-0.01953,-0.3532,-0.30372,-0.42567,-0.053166,0.49141,-0.28477,0.35842,-0.12267,-0.20727,-0.17377
TCGA-13-1819-01A-21-1559-20,OV,Primary,35,0.13155,-0.086478,-0.0031906,-0.64148,-0.58035,-1.0219,-0.39146,-0.37668,-0.82475,-0.8191,-0.23856,0.37598,0.6013,1.7424,0.9474,-0.32784,-0.013314,-0.62756,0.040745,0.059988,0.16841,-0.047346,1.2042,-0.18951,-0.19903,0.10571,0.066187,0.14409,-0.019227,-0.45919,-0.55947,0.22859,-0.26993,-0.016616,0.22519,0.15229,0.49259,0.2509,-0.029143,0.61318,0.38781,0.899,-0.077876,1.0876,0.19983,0.6282,-0.17357,-0.56452,-0.014226,-0.44508,-0.38896,0.024286,0.021332,0.91821,-0.48157,0.12259,0.58108,0.042242,1.8607,-0.3215,0.3769,-1.6443,-0.39324,-0.23694,0.0469,-0.17224,-0.21438,1.5299,-0.32133,-0.22088,-0.18598,-0.20783,-0.55388,0.10755,-0.050416,-0.29606,0.084228,-0.96069,0.058175,0.30813,0.25018,-0.16227,0.44431,-0.71565,-0.13735,-0.31319,0.010994,-0.032181,0.14734,0.16703,-0.87718,0.61076,0.21599,0.11182,-0.42181,0.25454,-0.1877,0.46394,-0.36127,0.099199,0.69789,-0.65706,-0.16308,0.062834,-0.17987,-0.33557,-0.30028,0.25018,0.072529,-1.1932,0.048172,0.28668,0.24796,0.048658,0.1516,-0.42071,-0.031356,-0.62097,-0.0010658,-0.91229,0.076745,-0.44161,0.19493,2.7968,-0.097174,0.47604,0.38083,0.40671,-0.18636,-0.15638,-0.20187,0.14324,0.26313,-0.17184,0.30526,0.24158,-0.22129,0.71827,-0.13825,-0.14143,-0.19965,-0.64821,0.395,-0.38143,0.022084,0.64834,0.13608,-0.93163,-1.4447,0.0039634,0.57932,0.21262,-0.10154,-0.31418,0.16953,0.019378,-0.20402,-0.22613,-0.12836,-0.27099,0.22892,-0.41013,0.079556,-0.012441,-1.1303,0.28209,0.26591,-0.026581,-0.19063,0.087565,-0.096693,-0.12704,-0.081813,-0.44173,0.52273,0.81134,-0.34306,1.2076,-0.0089173,0.40131,-0.231,-0.041173,0.16955,0.045491,0.025576,-0.93186,-0.48969,0.17231,-0.13471,0.11242,0.035187,-0.11624,0.14644,-0.12236,0.51462,1.1844,0.16224,-0.17939,0.09321,-0.94961,-0.052623,-0.17713,0.03506,0.35613,0.54455,0.37832,-0.35163,0.31891,-0.10241,0.14398,-0.075222,-0.053301,-0.1076,-0.042799,-0.16279,-0.17774,-0.59549,-0.067723,-0.061243,-0.10369,1.8132,-0.45447,0.29542,0.99884
TCGA-30-1856-01A-21-1559-20,OV,Primary,35,0.19606,0.047259,-0.12315,0.42515,-0.43033,0.50585,0.46953,-0.73368,0.18217,-0.75456,-0.30582,-0.31548,-0.47253,0.39699,0.47847,0.10078,0.1139,0.19908,-0.028698,-0.48796,-0.8724,0.0093769,0.41782,0.12539,0.061761,-0.1736,-0.44844,-0.017436,0.10013,0.65421,2.0207,-0.17659,-0.33964,0.17286,0.31317,-0.27853,0.45515,0.27168,-0.31628,-0.56386,0.8073,1.1016,0.021098,0.40897,-0.04063,-0.25712,-1.1705,-0.48221,0.56006,-0.00049601,0.20377,-0.033826,0.1396,-0.18225,-0.41833,-0.36756,0.25471,0.26824,0.20498,-0.023336,-0.25399,0.019247,-0.41062,-0.015857,-0.094244,-0.083619,0.06109,1.119,-1.3398,0.050147,0.31692,-0.29149,-0.43594,0.6185,-0.47401,1.3183,-0.063084,0.35179,0.0082313,-0.07046,-0.37004,0.16823,0.32675,0.014164,-0.27297,-0.0017932,0.26388,-0.21297,0.067708,0.13506,0.64745,0.0076329,-0.19307,0.42768,0.18407,-0.43914,-0.28233,0.45986,-0.16521,0.15017,0.064573,-0.65174,-0.22593,0.037955,-0.17938,0.0082611,0.034353,-0.3762,0.13429,0.39572,-0.38707,0.56233,0.71229,0.31067,-0.036799,-0.21859,0.085266,-0.4331,-0.27678,0.36012,0.86932,-0.02736,0.17489,0.077546,-0.34143,-0.19609,0.54192,-0.11843,0.5736,-0.44649,0.37544,-0.077459,0.5211,0.076703,-0.47296,-0.88203,0.56523,-0.23603,-0.291,0.06684,-0.061288,0.45087,-0.11137,0.35589,0.10742,0.27257,0.20121,-0.41429,-0.0020098,0.18544,2.3533,0.024475,0.10609,0.85,-0.19369,-0.11593,-0.4189,0.26367,0.27077,0.33666,0.10423,-0.072444,0.6622,0.45622,-0.59253,-0.40833,0.086235,0.30438,0.065157,-0.56652,-0.10857,0.10396,0.096054,0.24809,-1.7918,0.38319,0.22435,1.0538,-0.3424,-0.67518,-0.071127,-0.0013391,0.21344,0.27801,0.31408,-0.168,-0.062093,-0.38409,-0.36038,-0.4696,0.016293,-0.085935,0.24688,-0.63564,-0.3484,-0.7868,0.44285,-0.068737,0.025262,-0.18292,0.13891,0.28202,-0.14532,-0.099705,-0.31077,0.31062,-0.14381,-0.046927,-0.016723,0.47674,-0.092344,-0.64073,0.0098928,0.047689,-0.43352,-0.86246,0.25492,0.087779,0.22489,-0.12359,0.77414,-0.20922,0.0019943,0.19299
TCGA-30-1892-01A-21-1559-20,OV,Primary,35,0.00071534,-0.85424,-0.25778,-0.1418,-0.26747,-0.91638,-0.6249,-0.20508,0.26999,-0.039463,-0.22382,-0.73934,0.57219,-0.58528,-0.46679,-0.12741,-0.53541,-0.64393,-0.057795,0.36651,-0.51763,0.062503,0.58682,0.42641,-0.33428,0.052384,1.5975,-0.048611,0.075166,-0.83586,0.34304,0.18428,-0.11469,0.043553,0.094339,0.0041168,-0.81917,0.20431,0.018997,0.15094,0.9292,0.16021,-0.027771,0.73276,-0.36808,0.46317,-1.3065,-1.1638,0.026741,-0.090953,0.47091,0.074475,-0.12482,1.011,-0.28154,-0.31525,1.3683,0.082147,0.82156,-0.32137,-0.45828,-0.2071,-0.054845,0.089332,1.3222,0.012939,0.13379,1.7127,0.91159,-0.027279,0.43639,-0.11865,-0.27332,-0.3966,0.0069031,1.5828,-0.29655,0.24938,0.24555,0.28772,-0.37379,0.012038,0.085899,-0.23635,-0.97846,-0.29906,-0.11397,-0.31682,0.22931,-0.24092,0.25066,0.083048,-0.31699,0.15582,0.38609,-0.12541,0.60754,-0.23051,-0.151,0.18744,-0.071676,-0.34492,-0.30357,0.10967,-0.16572,0.11931,0.5495,-0.18371,0.089913,0.27623,-1.775,-0.29834,-0.82745,0.35494,-0.09542,-0.093875,-0.094486,-0.80227,0.20586,0.18424,0.50429,-0.77919,0.206,0.026972,-0.013416,0.36751,-0.12613,0.23736,1.0208,0.562,0.077268,-0.45729,0.35238,-0.12543,0.18683,-0.50053,0.52308,-0.24119,-0.25559,0.1067,-0.35693,0.1502,-0.27572,-0.79278,0.3889,-0.1954,0.19263,-1.3347,-0.082881,0.092405,1.0835,0.4292,0.026689,0.33216,0.64725,-0.050704,-0.15353,0.49033,-0.089556,0.19779,-0.25114,-0.059208,0.18701,0.065637,-0.68234,0.056187,-0.25454,0.32409,0.21235,0.1059,-0.015737,0.4398,-0.13106,0.21185,-1.1801,-0.15668,0.17729,4.6399,0.41663,0.96566,-0.27771,0.087594,0.38465,-0.073971,0.15453,-0.023917,-0.63813,-0.54586,-0.82529,-0.61082,-0.27571,0.23911,-0.0088116,0.16408,-0.30834,-0.3794,-0.072949,0.041786,0.32854,-0.14734,0.10743,0.17862,0.32916,-0.77511,0.22277,-0.19854,-0.26095,-0.049997,-0.31987,0.29359,-0.16458,-0.29886,-0.11863,-0.020542,-0.166,-0.4726,-0.3504,0.10094,0.0029416,-0.68253,1.2818,0.36106,-0.37213,-1.6827
TCGA-61-1911-01A-21-1559-20,OV,Primary,35,0.034812,-0.50733,-0.082378,0.044212,-0.36816,-0.28708,-0.35607,-0.36003,-0.88075,-0.81371,-0.58657,0.034826,-0.22626,0.0087008,-0.27788,-0.27841,-0.3589,-0.65124,-0.12239,0.12099,0.1787,-0.11993,0.11342,0.040359,-0.30328,0.049753,0.36181,0.007452,-0.039045,-0.076939,-0.94724,0.28779,-0.27006,-0.20286,0.054651,-0.19507,0.50851,0.52442,-0.057613,0.98626,0.22065,-0.072594,-0.042171,1.081,-0.25396,0.63816,0.84155,-0.53811,0.93443,-0.19864,0.20848,-0.067185,-0.18057,1.8711,-0.56362,-0.11239,0.80924,-0.19464,3.0848,0.081123,-0.37238,-0.4776,0.27071,0.29694,0.027238,0.025363,-0.01278,0.97274,0.20473,-0.10927,-0.035604,-0.39523,0.068886,0.051184,-0.19504,0.20145,0.10128,-0.054594,-0.077432,0.16952,0.081469,0.28568,0.019368,0.72475,-0.19714,-0.024371,0.062441,0.05373,0.17002,-0.20294,-0.32292,0.34416,-0.1178,0.16023,0.2631,-0.27283,-0.0084438,-0.42617,-0.22035,-0.46104,0.3058,-0.59071,0.0091895,0.21382,-0.21331,0.077525,-0.041761,-0.54733,-0.30306,0.18158,-0.4318,-0.70473,-0.51029,0.21087,-0.026678,-0.32926,-0.1854,-0.91176,0.24139,-0.14384,0.42986,0.67066,0.10878,0.41486,0.088601,0.072527,0.23636,-0.37091,-0.86558,0.14143,0.080512,-0.31571,0.14224,-0.097076,0.47468,0.077047,0.17585,0.10451,-0.2081,-0.067025,-0.26684,-0.43668,0.78221,-0.73146,0.041187,-0.21401,-0.019263,-1.9085,-0.36292,0.013688,-0.60301,0.19151,0.062003,1.6536,-0.06173,0.21214,0.26722,0.52518,-0.026507,0.1049,0.097669,-0.21424,0.060002,0.031225,0.30661,-0.033191,0.59257,0.31593,-0.0019972,0.087104,-0.19357,0.084932,-0.17316,-0.31262,-1.3014,0.32453,0.20235,1.8393,-0.1066,0.58263,1.1372,0.05423,-0.18303,0.21295,0.17974,0.26337,-0.17202,-0.0063937,-0.17116,-0.0042862,0.30038,0.7232,0.63125,0.25716,-0.28366,-0.39981,2.4023,0.16288,0.096509,0.077604,1.8468,0.051831,0.11495,0.35715,0.52823,0.62342,-0.092356,-0.048308,-0.14449,0.0061403,-0.3066,-0.10529,-0.0094516,0.049392,0.31929,-0.069772,-0.037241,0.069698,0.45094,-0.16437,1.0695,-0.035408,0.13715,0.79691
TCGA-24-1923-01A-21-1559-20,OV,Primary,35,0.044192,-0.44323,-0.27163,0.23567,0.40187,-0.61691,-0.6615,0.2774,0.2867,-0.45436,-0.41272,-0.13506,1.1671,-0.29106,1.4324,-0.45654,-0.64457,0.55765,-0.32725,0.047778,-0.25459,-0.078045,0.18484,0.64508,0.7227,0.11498,0.77558,0.091373,0.11341,-0.91043,1.4494,0.21643,-0.29671,-0.13965,0.095523,-0.046243,-0.18726,0.29618,-0.12008,-0.86417,1.0518,-0.58367,-0.0063923,-0.36547,0.44165,0.23726,-1.5543,-0.9499,-0.32734,-0.15524,-0.18541,0.074945,-0.3276,1.9069,0.74652,0.21584,-0.23828,-0.13591,0.60568,-0.29698,-0.31387,-0.10981,-0.52097,-0.40774,1.0813,-0.079479,-0.041702,-0.19979,1.2777,-0.17429,0.20591,-0.066973,-0.3034,-0.76816,0.093966,2.0795,0.048842,-0.064433,-0.2068,0.20957,0.039636,0.4507,-0.039971,-0.84122,-0.14244,-0.45011,0.14942,1.2788,0.26838,-0.16262,0.29036,0.27258,-0.35024,1.0546,0.316,-0.63788,-0.3278,-0.25451,-0.29902,0.11185,0.20998,0.84748,1.2229,0.28245,0.40192,0.11898,0.45357,-0.093127,-0.13438,-0.48057,0.1066,1.0909,0.78642,0.10894,-0.068623,0.19325,0.055118,-0.16634,-0.041168,0.72752,0.64074,0.14536,0.091588,-0.49424,0.36932,0.42202,0.035777,0.15911,1.0546,0.043831,0.26315,-0.15095,0.31506,-0.86857,0.12398,-0.90358,0.40105,-0.11156,-0.14502,-0.028916,-0.60813,-0.20968,-0.50007,-1.77,0.15192,-0.27353,0.19737,-2.0207,-0.38166,0.053555,2.9368,-0.093907,-0.0061328,1.2015,-0.084585,0.16954,-0.52781,1.9331,-0.07063,-0.041071,-0.41187,0.4928,0.010372,0.05803,-0.70778,-0.16641,0.037052,0.92184,0.11327,0.11751,-0.19962,-0.1854,-0.32907,-0.4088,1.351,-0.19233,0.15496,-0.53842,0.23756,0.33898,-0.37519,0.16519,-0.12433,0.1805,0.24244,-0.48794,-0.77342,-0.068097,-0.29647,-0.39969,0.18544,0.15218,0.018368,0.038537,-0.051519,0.32372,-0.043477,0.027071,0.038163,-0.49634,0.027719,0.029123,-0.1716,-0.38996,0.45224,0.41726,-0.18631,-0.068798,-0.22373,-0.041471,-0.047233,-0.13149,-0.15866,0.013831,-0.23015,-0.37996,0.20594,-0.0062427,-0.11057,-0.13253,1.0891,-0.044754,-0.13132,-0.27652
TCGA-31-1955-01A-21-1559-20,OV,Primary,35,-0.0051112,0.14659,0.30683,1.1629,0.33741,-0.37747,-0.41448,-0.29532,-1.0443,-0.70175,-0.5577,-0.46652,2.0851,0.83461,0.1982,-0.39738,-0.34368,-0.67981,-0.17696,0.066312,0.78972,-0.10616,-0.11428,0.35963,-0.061999,0.07457,0.44333,0.03048,0.03151,-0.75118,-0.25046,0.14425,-0.15546,-0.15677,0.17086,-0.062509,0.45502,0.52925,-0.12298,0.52443,0.85299,0.053767,-0.068549,-0.026228,0.080595,0.30066,0.73108,-0.083497,0.29889,-0.26257,-0.10196,-0.034338,-0.22406,1.2856,0.33838,-0.50418,-0.5686,-0.095975,0.53509,-0.43519,-0.17448,-0.60983,-0.43381,-0.16538,-0.0045511,-0.053171,-0.31001,1.1969,-0.28605,0.051927,0.21934,-0.4544,0.17182,-0.55482,-0.13441,0.11706,0.66225,-0.096514,-0.27543,0.16682,0.38761,0.28994,0.34563,0.98423,-0.73062,-0.46488,0.14413,-0.20549,0.2141,0.12956,-0.12245,0.4405,-0.48346,0.63703,0.11956,-0.6711,0.0091683,-0.16009,-0.70264,-0.44101,0.29915,-0.92637,-0.32128,0.22659,0.47964,0.11057,0.94191,-0.073561,-0.13372,0.056218,0.25547,-0.052939,0.42003,0.10072,-0.054158,0.14513,0.038724,-0.070743,0.26777,0.85145,0.096593,-0.27066,-0.039341,0.49734,-0.78541,0.19983,0.20843,0.47965,1.6314,-0.093886,0.12443,0.088321,0.36008,-0.15717,0.094707,-0.022032,0.18318,0.26641,-0.28111,-0.14866,-0.39415,-0.60078,0.38259,0.049321,-0.26916,0.61577,-0.078109,0.12149,-0.40623,0.02338,1.2039,0.10204,0.097438,0.097536,-0.13932,-0.26179,-0.25288,0.83206,-0.16395,-0.11585,-0.40785,-0.41406,0.012705,-0.001462,0.38612,0.16797,0.37008,0.048221,0.062194,0.086431,-0.04538,-0.10946,0.13675,-0.6374,-1.7305,-0.023334,-0.079263,2.9433,-0.079865,0.81367,-0.25297,0.06872,0.1434,0.12305,0.14104,-1.2478,-0.29808,0.069652,0.22463,0.025783,0.11688,0.012301,-0.0020705,-0.17771,0.24731,0.79224,0.18237,-0.12465,-0.15519,0.19683,0.0099884,0.3173,0.075048,0.71269,0.68354,0.66921,-0.08645,-0.082048,-0.13109,-0.033033,-0.26228,0.0068464,-0.011248,0.046606,-0.13929,-0.24699,-0.31908,0.13666,-0.25158,-0.16672,-0.026152,0.025032,-0.048624,0.51029
TCGA-29-1711-01A-21-1559-20,OV,Primary,35,-0.097738,-0.37075,0.18297,0.12752,0.10138,-0.36823,-0.36598,0.43359,-0.65524,-0.72755,-0.23797,-0.014532,-0.80486,0.60632,-0.084627,-0.26625,-0.36286,-0.43981,-0.24593,-0.081373,0.67565,-0.32888,0.34367,0.049505,-0.37984,0.017108,0.049526,0.24005,0.005087,0.1804,-1.1735,0.17667,0.30477,-0.23543,-1.0552,-0.11599,1.0432,0.38786,-0.17509,0.53831,0.12855,-0.51314,-0.1764,1.5471,0.060025,0.54011,0.85498,-0.71251,0.73766,0.030079,-0.32234,-0.092253,0.31127,1.253,-0.048823,0.52313,0.13722,-0.086906,0.94476,0.18194,-0.11456,0.11534,0.092243,0.022873,0.35054,-0.1619,-0.74078,0.42483,2.3687,-0.417,-0.33416,0.044624,-0.2707,0.4175,-0.027092,0.9726,-0.052981,0.63351,-0.087801,0.039051,0.40386,0.44987,0.036895,1.3739,0.37114,-0.43624,0.20312,-0.15125,0.19025,0.23643,0.84697,0.17729,0.20707,0.16584,0.82687,-0.51274,-0.1993,-0.28319,-0.22959,0.27017,0.65415,-0.33816,0.34767,0.23374,-0.25028,0.13898,0.21936,-0.35919,-0.17293,1.0731,-0.47947,0.24127,0.19281,0.12093,0.81065,-0.35448,0.015972,-0.49431,0.3468,-0.31611,0.34807,0.67283,-0.073131,1.2651,-0.047697,-0.031437,0.30219,-0.22663,-0.1854,-0.12622,0.4326,-0.25231,0.3673,-0.070977,0.27407,0.43187,0.73047,0.68863,-0.45548,-0.29562,-0.53245,-0.66043,0.50926,-1.2184,0.34246,-0.27956,-0.18623,-1.9512,0.50484,-0.11341,-1.6608,0.028203,-0.1203,0.026648,-0.24617,-0.11694,0.49306,0.91199,-0.14948,-0.23831,-0.042668,1.0293,0.44084,-0.21777,0.27946,-0.041357,0.78159,0.8001,-0.08082,0.12238,-0.27732,-0.16122,-0.17922,-0.091771,-0.69434,0.091615,-0.23663,-0.25006,-0.20802,0.42819,1.0428,0.08943,0.12297,0.10007,0.081755,1.0541,0.44449,0.11722,0.64843,0.644,-0.013416,0.027937,0.22344,0.013528,0.44788,0.77705,-0.042965,-0.095014,-0.073911,-0.68996,-0.12971,0.17794,0.016076,-0.12866,0.68523,0.89084,-0.19901,0.055703,0.37781,-0.063893,-0.35993,-0.19368,-0.06351,-0.0059129,0.12778,-0.016791,0.38469,-0.084238,0.32987,-0.13497,2.1122,-0.26126,0.018064,0.45604
TCGA-61-1734-01B-21-1559-20,OV,Primary,35,0.073979,0.09786,0.0079658,0.49402,-0.81413,-0.84281,-0.41541,-0.10963,0.65686,0.66462,-0.48709,-0.85697,2.0767,0.28683,-0.97377,-0.21087,-0.20999,-0.39349,-0.28755,0.14034,0.40561,-0.19762,0.28915,0.35351,-0.046224,-0.010717,-0.48265,-0.18463,0.034223,-0.74485,-1.4399,0.00093761,0.53676,0.30097,0.23502,-0.0078523,0.55638,0.56455,-0.18854,0.69728,0.25352,0.81429,-0.13455,0.97703,-0.028084,-0.0899,0.40666,-0.9925,0.27964,0.018362,-0.043373,-0.054304,-0.047841,1.1877,0.040336,-0.67322,-0.87531,0.23727,0.32776,-0.41007,-0.30558,-0.28194,-0.55283,-0.10088,-0.11359,-0.063558,1.3489,0.29516,-0.26316,-0.32122,-0.1539,-0.34719,-0.54814,0.17706,-0.25063,2.0562,-0.5803,0.37212,-0.084854,0.16672,-0.22864,0.20013,1.1576,0.058235,-0.57521,-0.48662,-0.15032,-0.26231,0.21387,0.17582,0.99148,0.059783,-0.51426,-0.24643,0.41908,-0.90983,-1.0647,0.095357,-0.54584,0.56584,0.016745,-0.62363,0.042499,0.028931,0.22803,0.42331,-1.0041,-0.12096,0.096163,0.9789,-0.10277,-0.76898,-0.64776,0.20636,-0.089394,-0.34491,0.063799,-0.54954,0.67485,0.1127,0.043697,-1.5241,0.089357,0.87613,-1.2718,-0.23778,0.19166,0.079484,0.58465,-0.030549,0.38085,-0.12928,0.77975,0.11743,0.3134,-0.59631,0.3733,0.40236,-0.14298,-0.20887,-0.31603,-0.48658,0.21445,-0.61918,0.020844,0.80543,-0.27555,0.3135,-0.14783,-0.14249,-1.6427,0.20855,-0.12058,0.15829,-0.35505,-0.13035,-0.61072,0.81351,0.13126,0.0078437,-0.26687,-0.79623,0.66185,-0.085363,0.3542,-0.18438,0.035919,-0.73752,-0.20464,-0.053087,-0.030508,-0.05472,-0.011578,-0.77937,-1.3587,0.44,0.23796,2.2348,-0.08274,0.47734,0.082373,0.19633,0.63671,0.08667,0.0078683,0.63837,-0.61953,0.34818,0.062066,0.50268,0.0021768,2.6808,2.4233,1.8427,-0.054995,0.13748,5.5311,1.1825,0.16146,1.9249,4.7978,-0.57846,0.10412,0.36533,0.77882,0.60634,0.022832,0.10126,-0.08758,0.1189,-0.21419,-0.075368,-0.0093712,0.10052,-0.0027651,-0.22603,0.53712,-0.01839,0.2136,-0.42084,2.5318,0.10999,-0.18491,1.9447
TCGA-29-1766-01A-21-1559-20,OV,Primary,35,0.11131,0.062964,-0.17969,-0.20685,0.29697,-0.51158,-0.32976,0.09136,-0.34148,-0.92642,-0.17416,0.58325,0.68582,-0.04365,-0.30901,-0.26743,-0.012364,-0.4434,-0.27858,-0.15896,-0.0017871,-0.14509,0.34806,0.17661,-0.10665,-0.088885,-0.00072326,-0.043306,-0.25345,-0.71196,0.50736,-0.096065,-0.041943,-0.27825,-0.048193,-0.32473,0.52033,-0.0087848,-0.28334,0.78211,0.79571,-0.13426,-0.10233,0.72323,-0.032,0.4309,-0.36296,-0.83522,0.15004,-0.1807,0.0040895,-0.13529,-0.0049936,1.2603,-0.59616,0.34669,1.1501,-0.077483,0.77623,-0.50218,-0.16766,-0.45298,-0.026049,0.1193,0.090833,-0.10329,-0.019224,2.4271,0.046324,0.0048861,0.62113,-0.33878,-0.40937,-0.23268,-0.19305,0.99061,0.15639,-0.20107,-0.026755,-0.056017,-0.012551,0.10384,0.42979,0.45279,-0.53237,-0.2231,0.13789,-0.080407,0.054041,-0.10082,0.39117,-0.2476,-0.11098,-0.025001,0.25807,-0.19084,0.25637,-0.14619,-0.35063,0.27436,0.33406,-0.60341,-0.15554,-0.00045849,-0.19891,-0.067041,0.52869,-0.2314,-0.10879,-0.14543,-0.35204,0.40735,0.34084,0.10415,0.41828,-0.24304,-0.056255,-0.096308,0.32308,0.14801,0.44895,0.22846,-0.048396,0.57989,-0.11173,-0.23657,0.075092,0.055344,0.10609,0.11586,0.021419,-0.18771,0.19635,-0.056675,0.25845,-0.23599,0.093238,0.13498,-0.42181,-0.047704,-0.30908,-0.24857,0.32472,-0.73495,0.037188,-0.051329,-0.022348,-0.68925,-0.30247,0.02501,-0.95209,0.31007,0.043538,-0.19135,0.3179,-0.17186,-0.39161,0.41934,-0.057616,-0.13043,-0.20213,-0.52956,0.39203,0.17318,0.33116,0.12488,-0.37263,0.1031,-0.088611,-0.28763,-0.2494,0.11892,-0.1607,0.97054,0.1231,0.35884,0.063127,2.3188,-0.010729,0.83683,0.18372,0.11741,0.0079124,0.28673,0.22017,0.1862,-0.37396,-0.078881,0.23331,0.38953,0.14815,-0.0061496,0.0014395,-0.308,-0.11296,-0.10999,-0.18401,-0.13455,-0.096421,0.39709,-0.24231,0.088886,0.29568,0.046892,0.15029,0.52661,-0.46306,0.093088,-0.0025391,0.20793,0.022492,0.19137,0.16094,-0.034451,0.0066262,-0.60331,-0.10609,0.042195,0.091849,-0.30176,1.7717,0.23083,-0.092525,0.12951
TCGA-29-1777-01A-21-1559-20,OV,Primary,35,-0.022305,-0.13097,-0.1862,0.7447,-0.45115,-0.69826,-0.76465,0.045269,-0.41726,-0.50802,-0.43654,-0.66634,1.2849,0.13255,-0.61798,-0.24925,-0.51155,-0.32778,-0.28277,0.071778,0.49872,-0.18506,0.042329,0.33176,-0.096616,-0.033592,1.1256,-0.080123,-0.15273,-0.59605,0.57913,0.065761,-0.1054,-0.11418,0.020315,-0.13485,0.09197,0.25371,0.01552,0.22175,0.43691,-0.36708,-0.13372,0.11389,-0.3637,0.34112,0.6482,-0.99586,0.50993,-0.12904,-0.088743,-0.16067,-0.48348,1.1329,-0.38119,-0.27962,0.91261,-0.082557,0.99013,-0.048359,-0.38478,-0.22485,0.23845,0.25554,0.98256,-0.097609,-0.18148,1.4324,0.79857,0.15763,0.13992,0.1469,-0.28503,-0.27176,-0.1377,1.1097,0.13027,-0.20157,-0.12366,0.099651,0.084989,0.17655,0.14426,0.35767,-0.10808,-0.48149,0.11743,0.039909,0.15374,-0.33794,-0.052267,-0.1959,-0.39175,0.070385,0.35506,0.010426,0.071911,0.058679,-0.33563,0.026198,0.39002,-0.0048235,0.43696,0.11893,-0.24504,0.15633,0.38325,-0.38062,-0.044941,0.29874,-0.48296,0.80891,0.87141,0.12472,0.11644,-0.091585,-0.029997,-0.9532,0.1814,-0.18518,0.39808,-0.079436,0.088842,0.74708,-0.26889,0.16894,0.068802,-0.20758,0.30941,0.31549,0.19976,-0.14285,0.35531,-0.20059,0.16075,0.12832,0.41362,0.18652,-0.4924,-0.099161,-0.37293,-0.14272,0.42708,-1.158,0.19864,0.40799,0.10649,1.6641,-0.097729,-0.085826,-0.75225,0.45326,0.059514,0.63282,0.32526,-0.12984,-0.24891,1.4582,-0.10025,0.046801,-0.3273,0.16734,0.43887,-0.28067,-1.2465,0.27578,0.3986,0.13408,0.064067,0.047061,0.090786,-0.11413,-0.23782,-0.56858,-1.0034,0.641,0.096077,2.587,0.16726,0.38191,0.60896,-0.096565,-0.38067,-0.11211,-0.0078343,-0.068321,-0.78565,-0.24276,-0.30362,-0.062321,-0.10525,0.066603,0.036953,-0.05448,-0.040018,0.30343,0.056889,-0.2253,-0.078973,-0.99246,-0.10108,-0.080496,0.25497,0.12451,0.13698,0.53989,-0.21179,-0.10713,-0.050543,0.086069,-0.37695,-0.19637,-0.048153,0.020366,-0.2875,-0.41052,0.20546,-0.12864,0.40628,-0.38795,1.9272,0.079296,-0.11165,0.55485
TCGA-24-1842-01A-21-1559-20,OV,Primary,35,0.017177,-0.35998,-0.16265,-1.1828,0.4628,-0.52394,-0.25743,-0.043435,-1.474,-1.1712,-0.40401,0.42847,0.20815,0.65849,-0.2236,-0.25477,-0.19748,-0.40263,-0.11953,0.18169,-0.17014,-0.07459,-0.060237,-0.12431,-0.32017,0.077605,0.61191,-0.066145,-0.073441,0.31945,-0.23267,0.2257,-0.058394,-0.035464,0.092922,-0.17573,0.44339,0.2614,-0.23278,0.97971,0.36989,1.0511,-0.088011,1.3964,-0.11591,0.36639,-0.071651,-0.015622,0.99218,0.19368,-0.36066,0.013478,-0.28403,0.18705,-0.54475,-0.21841,0.70928,-0.28539,1.125,-0.048245,-0.26059,-1.2702,-0.17107,-0.089225,0.39071,-0.11958,0.81153,0.54417,0.62555,0.05063,-0.11686,-0.36937,-0.18658,0.055623,0.15837,0.14472,0.47217,-0.33372,0.12875,0.24663,0.27003,-0.096983,0.60237,0.18807,-0.21237,-0.30112,0.10242,0.17133,0.1973,-0.45783,-0.5856,0.44377,0.15064,-0.16676,-0.10223,2.9463,0.048842,0.15905,-0.42718,-0.10181,0.32986,-0.56298,-0.27453,0.059175,-0.23011,-0.33322,0.84226,-0.40337,0.001925,-0.85021,0.37172,-0.016467,-0.13246,0.038945,0.22509,-0.2003,-0.091216,-0.66423,-0.065689,-1.1019,0.089442,-0.049688,0.14207,0.24265,-0.27159,0.17088,-0.28374,-0.15604,-0.38343,0.18925,-0.23186,-0.20453,0.24,0.04626,0.11193,0.048828,-0.060802,-0.22261,-0.23983,-0.082348,-0.26951,-0.1032,0.34994,-1.2774,0.13648,0.39992,0.24851,0.90923,-1.2727,-0.042733,-1.4878,0.33697,0.056932,-0.49266,0.13135,-0.10943,-0.17821,0.31638,-0.12801,-0.10682,-0.076209,-0.59653,0.37384,-0.061035,-0.57404,0.2465,0.32419,0.0089584,-0.12002,0.12932,-0.19821,0.1531,0.0744,-0.40846,-0.50746,0.54805,-0.35845,1.4689,0.097485,0.41069,1.5018,0.12064,0.084073,0.033276,0.062455,0.89008,-0.12912,-0.17145,-0.23256,-0.13522,-0.0087319,0.10351,0.15403,0.04462,-0.086262,0.011561,0.16833,-0.11533,0.016791,-0.35856,0.17714,0.16845,0.35956,0.64605,0.58507,0.76188,-0.26824,-0.12555,-0.22264,0.25096,-0.26912,0.012764,-0.12245,-0.0083998,-0.039629,-0.19837,-0.23532,-0.026655,0.21874,-0.17529,2.0161,-0.45123,0.2839,0.78907
TCGA-30-1859-01A-21-1559-20,OV,Primary,35,0.029777,0.20982,-0.29982,0.20345,0.3208,-0.40355,-0.57336,-0.083936,-1.0119,-0.91282,-0.27088,0.10621,1.3998,0.73692,1.2658,-0.11017,-0.42004,0.15327,0.11932,-0.16233,0.93991,-0.14522,0.71031,0.47396,-0.27814,0.056766,0.64922,0.28132,0.018009,-1.0956,-0.65145,0.046452,0.039854,-0.11374,0.051122,-0.053968,0.37011,0.32743,0.17923,-0.20634,0.28098,-0.69881,0.17696,0.33441,-0.031863,0.10282,1.1236,-0.7717,0.48094,-0.31884,-0.12816,0.011626,0.27192,1.6996,0.12685,0.073033,-0.80652,0.23178,1.0113,-0.35112,0.086427,0.067379,-0.19135,-0.058778,-0.066456,0.02669,-0.23674,1.9208,-0.94413,-0.040173,-0.045246,-0.54147,0.44143,-0.43022,-0.071388,0.11862,-0.33346,-0.24773,-0.20659,0.2718,0.38848,0.057982,0.44057,-1.2709,0.016092,-0.22479,0.092356,0.61564,0.24027,0.1431,0.11545,0.37506,0.027855,0.25348,0.0035703,-0.36864,-0.12206,-0.15262,0.080019,0.035681,0.24021,-0.63365,-0.21328,0.52537,-0.1548,-0.093976,0.67652,0.4844,-0.053238,0.38517,-0.52924,-0.75577,-0.37283,0.092388,0.21545,-0.078799,0.15535,-0.52214,0.10025,0.4118,0.16953,-0.65593,0.02185,1.7562,0.021756,-0.1297,0.40076,0.67166,1.8636,-0.099902,0.27059,-0.24234,0.13117,-0.093934,0.67139,-0.49121,0.28604,0.8734,-0.19188,-0.084417,-0.37323,-0.64733,-0.13416,-1.109,0.18577,-0.11026,-0.15259,1.0756,0.53783,0.09289,-1.4289,-0.026571,0.013597,0.73315,-0.12454,-0.087226,-0.27788,0.41936,0.18686,-0.2936,-0.30578,0.7878,0.2929,-0.056168,-0.78289,0.24146,0.67059,-0.052489,0.09624,0.10767,-0.017315,0.003895,-0.038664,-0.48439,-0.48832,-0.16398,0.13213,0.59566,-0.098814,0.90101,-0.70764,0.010611,0.56254,0.18297,0.18849,0.98194,-0.71906,0.5797,0.18095,-0.24442,0.3244,-0.039945,0.18632,-0.14537,0.24102,0.59824,-0.16408,-0.14988,0.0044376,0.19217,-0.098518,-0.25627,-0.070097,-0.47538,0.20485,1.0366,-0.014303,-0.38989,0.060959,0.090625,-0.1037,-0.15714,0.015835,0.069969,0.18986,-0.11185,0.12466,0.12757,-0.16195,-0.33149,0.85409,-0.12498,-0.047148,-0.46436
TCGA-61-1895-01A-21-1559-20,OV,Primary,35,0.22619,0.75288,0.4111,1.3884,-0.16824,-0.97819,-1.3352,-1.1781,0.28059,0.45499,-0.030054,-1.0443,-0.31879,-0.17422,-0.45897,0.22409,0.41838,0.024629,-0.058856,-0.37,-1.0107,-0.38387,0.21238,0.19006,-0.081039,0.1307,-0.71504,-0.42328,0.59988,-0.34367,-1.5893,-0.12847,-0.16831,-0.21656,0.93684,0.33034,0.24752,0.49606,-0.20619,0.72851,0.19568,-0.23147,-0.098163,0.65373,0.80452,0.096058,0.95468,-2.0369,0.063774,-0.3578,0.31257,0.020077,0.3699,0.68516,-0.58291,-1.9323,1.8871,0.6387,0.12918,0.051721,-0.37077,-1.144,-0.92005,-0.048839,-0.58597,0.39215,0.7255,1.8034,-1.5061,-0.056923,0.46928,-0.66214,-1.2051,0.18317,-0.19538,2.3663,0.18108,0.8221,0.075589,0.31163,-0.30571,0.32416,0.44344,-0.71532,-0.39019,-0.30072,-0.42089,0.5074,0.28065,0.3004,1.1397,0.047662,-0.5264,0.16022,-0.00090229,2.7869,-1.3227,0.15782,-0.96824,0.94738,-0.33224,-1.1942,-0.71884,-0.10969,-0.14744,0.19617,-0.30296,-1.3121,-0.023515,-0.15457,-0.18545,0.9016,0.25452,0.24532,0.42178,-0.15789,0.15374,-0.27265,0.63873,0.88733,0.19447,-1.8936,0.35492,0.50503,-1.7081,0.22375,0.20716,0.6099,1.4859,-0.35741,0.66214,0.31753,0.73921,0.051594,0.086309,-0.57073,1.0334,0.08844,0.10724,0.0096283,0.29315,-0.96353,-0.057501,-1.5728,0.26996,0.28677,0.07163,-0.51216,-1.1571,0.033588,-1.0796,-0.095338,-0.25181,1.8371,-0.12617,-0.31329,-0.097261,0.39677,0.97416,0.48138,-0.84333,-0.4749,0.53317,-0.51878,-1.0724,-0.52874,-0.43501,-0.90292,0.31583,0.22826,0.15015,0.24872,0.19602,-0.65825,-2.868,0.39136,0.066258,-1.4727,-0.47696,-2.3989,1.4817,0.068291,0.71052,0.083262,0.11416,0.5123,-0.50276,0.20402,-0.41305,-0.72042,-0.28886,-0.075588,0.18832,-0.12798,-1.158,-0.62007,-0.24934,-0.23522,0.14467,0.41744,0.25258,-0.33498,-0.11021,0.32018,0.41832,-0.29211,-0.12526,0.037339,0.346,0.23539,0.29879,-0.12803,-0.28234,0.005559,-1.216,-0.22088,0.57693,0.027923,-0.64286,-0.89478,2.5498,0.27672,-0.021339,-0.611
TCGA-61-1913-01A-21-1559-20,OV,Primary,35,-0.015768,0.43956,-0.2253,-0.15862,-0.37507,-0.28252,-0.3662,-0.081366,-1.2952,-1.2271,-0.73573,-0.15088,0.49918,0.89167,0.35969,-0.34796,-0.28213,-0.22456,-0.21303,0.060076,0.15926,-0.20672,0.66465,0.046013,-0.43667,0.021798,1.2971,0.1306,-0.12975,0.0054026,-0.45858,0.070199,-0.27342,0.29201,0.16146,-0.056421,0.43873,0.43687,0.23335,1.1546,0.27075,1.1854,-0.17549,1.0648,-0.36434,0.30413,0.2472,-1.0687,0.29041,-0.1421,0.086705,-0.040763,-0.045471,1.0535,-0.00090158,-0.67745,1.1206,0.0027929,1.3373,-0.29468,-0.32331,-0.85405,-0.42813,-0.19775,0.072993,-0.18744,0.37282,0.6995,0.3263,-0.27217,-0.10616,-0.12284,0.27461,0.21528,0.0048857,0.20638,0.20902,-0.24779,-0.19784,0.24483,0.067697,0.019667,-0.13886,0.47389,-0.58211,-0.32117,-0.02483,-0.41143,0.21682,-0.29208,-0.71709,0.56943,0.40935,-0.21974,-0.00046576,0.54333,-0.022215,0.0893,-0.61855,-0.36051,0.345,-0.43616,0.14239,0.054509,0.35698,-0.1823,0.32491,0.55922,-0.055237,0.17421,-0.13379,-0.66423,-0.39016,0.078747,0.98476,-0.20059,0.0068859,-0.52178,0.5201,0.80015,0.40197,0.37897,-0.16016,1.6195,-0.34883,0.024716,0.22242,0.073269,0.47639,0.086828,-0.23235,-0.088928,-0.03739,-0.16189,0.050862,0.28082,0.0030563,0.55775,-0.17217,-0.044996,-0.085063,-0.16619,0.34852,-0.080283,-0.015035,0.50094,-0.040135,-0.85559,-0.69661,0.16704,-1.5631,0.37823,-0.066614,-0.18537,0.13759,-0.14798,-0.3262,0.18904,-0.079062,0.10563,-0.21989,-0.2443,0.3884,-0.085172,-0.55374,0.29094,0.85738,0.089452,0.056146,0.077413,-0.021925,0.05647,-0.078305,-0.058147,-1.0248,0.77863,-0.17755,0.51312,-0.083922,0.50769,0.50554,0.098891,0.19098,-0.055937,0.042022,0.34872,-0.25592,0.03233,0.19058,0.14757,0.080134,0.00075053,0.30362,-0.13653,0.41072,0.61524,0.13195,-0.1095,0.0066579,-0.31014,-0.074159,0.035368,0.22308,1.1451,0.24937,1.1334,0.070696,-0.016532,0.18012,0.12155,-0.35468,-0.027243,-0.26139,0.099511,-0.53024,-0.23986,-0.12796,-0.068778,1.0712,-0.14305,2.0127,0.053717,0.20565,1.0704
TCGA-24-1924-01A-21-1559-20,OV,Primary,35,0.048321,-0.13277,-0.093245,-0.15426,-0.73746,-1.2858,-0.64888,-0.026501,0.39662,-0.45577,-0.10719,0.2295,0.89295,-0.023018,-0.18106,0.045628,0.15681,-0.18999,0.16991,-0.095102,-0.39168,-0.075224,1.076,0.27306,-0.049849,0.088618,0.013747,-0.30192,0.15299,0.053759,1.2513,0.099041,-0.17154,0.2588,0.23786,0.064498,0.51031,0.44785,-0.3195,0.63395,0.50147,0.58876,-0.072678,0.56537,-0.21765,0.21932,-0.34354,-0.98426,0.20532,-0.18212,0.37988,0.053607,0.10446,1.1197,-0.32302,-0.22571,0.29278,0.18927,0.47476,-0.029044,-0.22331,-0.69831,-0.544,0.095484,-0.0059363,0.024607,0.10317,1.5315,-0.52956,-0.061811,0.38901,-0.021385,-0.73845,0.47524,-0.12641,1.5044,0.47097,0.098796,0.0086416,0.29301,-0.33989,-0.094546,0.58122,0.09784,0.0014674,-0.14973,0.15528,-0.19929,0.26565,0.15487,0.25259,-0.032612,-0.36958,0.79952,-0.14866,0.44702,-0.19832,-0.038224,-0.28295,0.4878,-0.023396,-0.77498,-0.20354,-0.090655,-0.095858,-0.18639,0.52134,-0.037535,-0.036842,0.36253,-0.68361,0.87283,0.54816,0.37939,0.2736,-0.28582,0.0011122,-0.15915,0.43502,0.71046,0.59681,-0.65226,0.2485,0.50636,-0.61749,0.41493,-0.080738,-0.063418,0.84677,-0.13043,0.14315,-0.051885,0.17023,0.17491,-0.056873,-0.38886,0.030613,0.32811,-0.084659,-0.032258,-0.095938,-0.67786,0.065837,-1.3799,0.41108,0.13048,0.19479,-1.6582,-0.56554,0.28965,4.004,-0.055251,0.067337,0.54823,0.17769,0.12473,-0.58605,-0.35002,0.20903,0.2275,-0.31731,-0.55054,0.29504,0.090033,-0.55387,-0.11488,-0.77798,3.4567,0.13361,0.045986,-0.25886,0.12325,-0.022088,1.621,-0.52819,0.012432,0.0018962,0.51235,-0.1788,-0.24,-0.27196,0.10717,0.16405,0.051178,0.051838,-0.53679,-0.0084086,-0.4374,-0.69262,-0.16589,-0.10488,-0.040482,-0.01857,-0.1658,-0.24332,-0.27621,-0.34216,-0.050696,0.34485,-0.59077,-0.065605,0.18028,-0.26566,-0.19611,0.037127,-0.22223,-0.091957,-0.015663,-0.18106,0.099555,-0.23399,-0.56035,-0.25221,0.046773,-0.68474,-0.53754,-1.1897,0.029578,-0.043832,-0.35243,1.7061,0.31552,-0.089752,-0.71558
TCGA-61-1995-01A-21-1559-20,OV,Primary,35,-0.066467,0.30414,0.12454,1.253,0.90156,-0.25797,-0.47351,-0.080782,-1.4358,-0.9427,0.095765,-0.14758,0.82203,0.35668,1.9651,-0.53001,-0.37916,-0.58927,-0.26806,0.10678,1.0825,-0.13052,-0.010335,0.30608,-0.24009,0.011873,0.39077,0.26473,0.11193,-1.0263,-0.21737,0.021786,-0.2891,0.032141,-0.27221,0.027218,0.31747,0.18608,0.15513,0.54578,0.31662,0.98126,-0.15613,0.45024,-0.17747,0.37672,0.6321,-0.50669,0.55431,-0.34294,-0.2025,-0.1293,-0.37203,1.74,-0.3475,-0.15755,-1.007,-0.12547,1.4371,-0.30177,-0.043315,0.068914,-0.19408,-0.16278,0.33214,-0.062357,0.41685,1.5368,0.13566,-0.11288,-0.16349,-0.31381,-0.25119,0.19748,-0.068508,0.97965,0.54025,0.75658,-0.23604,0.083781,0.38193,0.3507,-1.9601,0.24978,-0.47983,-0.62484,-0.033002,-0.14702,0.1414,-0.14395,-0.11273,0.50631,-0.26057,0.84739,0.43556,-0.97377,0.58502,0.20242,-0.40301,-0.31632,0.41858,-0.37946,-0.011713,0.38178,-0.081939,0.034093,1.218,-0.07789,-0.2002,-0.5337,0.77897,0.42031,0.53926,0.19494,0.59575,-0.095381,-0.16376,-0.66526,0.2416,0.21226,0.022148,0.54934,0.053424,1.5876,-0.64499,0.52471,-0.27093,0.50573,1.4004,-0.25995,-0.048368,0.023997,0.33545,-0.31122,0.48238,-0.05867,0.56206,0.52852,-0.42846,-0.19665,-0.22035,-0.73414,0.30412,-0.95779,0.042602,0.69471,-0.34645,1.5531,0.1298,-0.10481,-0.14261,0.12704,-0.15295,-0.34975,-0.00054581,-0.2993,0.46379,1.5725,-0.1245,-0.27094,0.36612,0.82537,0.051499,-0.13225,0.36985,0.20267,0.79244,0.57439,0.2353,0.013228,-0.11279,-0.12722,0.1091,-0.41847,-0.3165,0.66629,-0.38573,2.087,-0.062387,-0.27103,0.62529,-0.074063,-0.065987,-0.16413,-0.080206,-0.051382,0.13339,-0.10038,0.35558,-0.13142,-0.18416,0.0018056,0.41306,-0.020115,1.2494,1.3719,-0.020336,-0.29466,0.033348,-0.39222,-0.21037,0.0036398,0.044034,0.06779,0.65231,0.8616,0.038372,-0.018219,-0.17734,0.20667,-0.3619,-0.20922,-0.10697,0.094415,-0.3582,-0.7353,0.23421,-0.22666,0.25131,-0.35486,1.4736,-0.2635,-0.3168,0.74953
TCGA-30-1718-01A-21-1559-20,OV,Primary,35,-0.1277,0.079978,-0.22598,0.18707,-0.40433,-0.2482,-0.30362,0.40644,-0.14227,-0.53558,-0.22887,0.68214,1.1488,0.088695,0.031142,-0.03752,-0.19322,-0.4441,-0.14539,-0.24218,0.03077,-0.21471,0.77042,0.32968,-0.49822,-0.034344,1.0198,-0.056211,-0.15569,-0.73155,-0.14426,-0.28554,-0.54206,0.19314,0.085812,-0.037584,0.32453,0.19986,0.13654,0.19261,0.40382,0.2573,-0.10097,0.41521,0.10397,0.23712,0.43137,-0.75984,0.29666,-0.077386,0.13656,-0.18066,0.36508,0.62943,-0.036278,0.29444,1.987,0.045946,0.34858,-0.0042069,-0.11308,-0.02038,0.050686,0.11847,0.023105,-0.10092,-0.66646,2.3694,-0.89842,-0.078069,0.54796,0.28869,0.3161,0.16824,-0.26365,1.3376,-0.056735,0.26721,-0.15203,0.091089,0.20174,-0.0030894,-0.094578,0.88755,-0.17025,0.065625,0.19008,-0.29186,0.17002,0.35295,0.54157,-0.24397,-0.32485,0.19163,0.1049,-0.62387,0.10206,0.059451,-0.41636,0.34425,0.34909,-0.8827,-0.307,0.064928,-0.049394,-0.065248,0.55604,-0.21868,0.10853,1.2726,-0.66028,0.29224,0.36383,0.30081,0.14193,-0.14418,-0.070053,-0.46796,0.090807,0.25012,0.47156,-0.32899,-0.17598,1.326,-0.10876,-0.14631,-0.0031352,-0.019419,0.54122,-0.041345,0.10987,-0.092944,0.23644,-0.20065,0.028785,-0.39161,0.25739,0.31429,-0.72763,-0.30244,-0.23409,-0.75134,0.11807,-0.0035824,0.21702,0.47639,-0.20493,-1.5778,0.28794,-0.21113,-1.5797,0.096948,-0.28,-0.2253,0.27589,0.020174,-0.35424,0.3637,-0.035672,-0.078745,-0.24088,0.10628,0.26858,-0.17093,0.16629,0.32789,0.58752,0.33682,-0.14803,-0.027241,-0.36206,0.00357,-0.18535,-0.46733,-1.1339,0.65623,-0.15121,2.4585,-0.18656,1.7019,0.25539,-0.15318,0.30218,-0.0018361,0.0038528,0.82963,-0.68562,-0.040132,0.19824,-0.21396,-0.3019,-0.060881,0.071201,-0.13325,-0.12295,0.2893,-0.34576,0.046663,-0.10553,-0.48587,-0.10034,-0.0032322,0.074568,0.040038,-0.30717,0.38428,-0.31307,-0.41808,0.14178,0.036905,-0.37668,-0.45298,-0.15435,-0.073026,0.15132,-1.0171,-0.069832,-0.24626,-0.061144,-0.53323,1.5254,-0.012514,-0.37951,-0.039776
TCGA-61-1736-01B-21-1559-20,OV,Primary,35,0.011846,0.079064,-0.36623,-0.1636,-0.14325,-0.65568,-0.436,0.089278,-1.1236,-1.0786,-0.52544,0.22777,1.2183,0.99635,0.65154,-0.20995,-0.32602,-0.22421,0.053951,0.038131,0.0487,0.12952,1.0712,0.41434,-0.32219,-0.030852,1.1891,0.063895,-0.17053,-1.0224,-0.17239,0.19185,-0.035792,0.25476,0.065819,-0.049616,0.16219,0.23609,0.25184,1.1522,0.74252,1.3878,-0.045739,1.2057,0.2012,0.50026,0.50174,-0.84055,0.29894,0.01821,0.59904,-0.019682,-0.30637,0.54698,-0.1584,-0.68834,-0.39224,0.20333,1.5106,-0.089183,-0.27564,-0.77289,0.063307,0.33605,0.060338,-0.079477,0.59134,0.51815,-0.028828,-0.17983,0.12647,-0.3347,-0.53037,0.068829,0.0098755,0.19398,0.18156,-0.53563,-0.18116,0.27792,-0.032202,0.069719,0.14536,0.1755,-0.71429,-0.28231,0.11995,-0.17446,0.15482,-0.5696,-0.40462,0.99682,-0.076719,0.19418,0.34097,-0.57172,-0.16103,-0.10446,-0.61681,-0.36125,0.38937,-0.75861,-0.20556,0.10301,0.26722,-0.18265,0.99199,0.22818,0.045803,0.015156,-0.044662,0.44385,0.45369,0.3414,0.074409,0.27481,0.062479,-0.40122,0.039609,0.067709,0.24937,-0.20142,-0.0075585,1.2767,-0.48608,-0.55918,0.44033,0.21214,-0.058243,-0.0025588,0.2303,-0.12285,0.043961,-0.13907,0.57115,-0.27264,0.055924,0.58578,-0.39617,-0.17246,-0.1458,-0.1194,0.27715,-0.37859,-0.15141,0.86305,-0.1033,-1.4986,-0.58698,0.19692,-1.7151,0.086625,-0.098888,-0.77311,0.46271,0.04798,-0.17758,1.0296,-0.15867,0.087669,-0.02899,-0.60738,0.41819,-0.19513,0.33126,0.071847,0.24691,-0.08161,-0.22667,0.11382,-0.20032,0.21118,-0.14998,-0.809,-0.90343,0.63549,-0.42578,2.24,-0.0804,0.64066,0.66005,0.24586,0.28287,-0.036229,0.0084608,0.77139,-0.27631,0.05514,0.15536,0.15762,-0.11012,-0.014975,0.028246,-0.062178,0.2039,0.21139,0.23958,-0.14406,0.11375,0.23054,0.0018589,-0.10666,-0.025142,1.4145,0.62152,0.80793,-0.24119,-0.0089042,-0.15286,0.045563,-0.33723,-0.077878,-0.14853,0.011899,0.094362,-0.28363,0.23562,-0.07678,0.67112,-0.23822,1.8197,0.0021348,-0.088485,0.48675
TCGA-29-1768-01A-21-1559-20,OV,Primary,35,0.29086,0.27486,-0.13998,0.46982,-0.53216,-1.3769,-1.2808,0.0054516,-0.34068,-0.12936,-0.46849,-0.59617,-0.080182,-0.10512,-0.48347,0.57558,0.28838,0.039032,0.26547,-0.45139,-0.93044,0.55511,0.098199,0.58576,0.45924,-0.16212,0.32789,-0.050717,-0.031798,-0.13344,2.2747,-0.45301,0.57875,-0.53724,0.11474,-0.089876,-0.58828,-0.42063,-0.30717,-1.4786,1.0358,-1.7791,0.32308,-0.32281,0.0089264,0.20823,-2.8489,-0.76031,-0.40365,0.15676,0.20051,0.15459,0.084945,-0.44368,-0.55673,-0.23526,2.2626,0.23557,0.33811,0.37068,-0.60228,-0.16565,-0.49151,0.29609,0.60392,0.037775,1.7394,1.9753,0.10108,0.30023,0.073687,-0.13932,-1.342,0.73776,-0.24758,1.3781,0.73118,0.23969,0.74993,0.022361,-0.60299,-0.13258,1.1992,0.76497,0.30669,0.02094,0.3015,0.34399,-0.16589,-0.025822,0.55859,-0.61928,0.023018,0.92064,0.024883,3.9502,0.81682,-0.16719,-0.19788,0.79118,-0.20466,-0.030538,0.064779,-0.19139,-0.18299,0.0073556,0.48224,-0.18325,0.25395,-0.80196,-0.66102,1.1838,0.60085,0.24193,-0.21209,0.36733,0.23489,0.20012,0.2096,0.62428,-0.12937,-0.6163,-0.0039439,0.53059,-0.73005,0.67861,-0.25388,0.25017,0.68149,0.23909,0.36325,-0.27239,0.37892,0.19894,-0.16617,-0.8203,0.071521,-0.24223,-0.23217,0.267,2.6156,1.0315,-0.021453,-1.5417,0.44693,-0.66848,0.24132,0.097508,-0.026358,0.55932,-1.1556,0.49436,0.22722,1.3614,0.86014,0.23798,-0.32218,-0.71226,0.13156,0.35345,-0.19135,-0.40881,0.56436,0.64222,-1.062,0.6967,-0.65275,-0.3803,-0.07884,-1.221,0.1253,0.48187,0.259,-0.46958,-1.5363,-0.38884,-0.039867,-0.46767,-0.27538,-0.37951,-0.27455,0.32075,0.28578,0.34558,0.60273,0.7017,-0.54899,-1.1496,-1.5112,-0.47157,0.020916,0.24496,0.379,-0.38699,-1.0928,-0.86806,-0.22847,0.18577,0.33233,-0.34019,0.35094,0.17909,0.5301,-0.24335,-1.6781,-0.37158,-1.3874,0.13212,-0.39013,0.80849,-0.11891,-1.3089,-0.6819,-0.2485,-0.89578,-1.1477,-0.027496,-0.10076,0.63961,-0.92801,-0.51776,0.22162,0.36227,-2.483
TCGA-29-1778-01A-21-1559-20,OV,Primary,35,0.079386,0.068709,0.038129,0.35726,0.10565,-0.54068,-0.6935,-0.31312,-0.82536,-0.70443,-0.39038,-0.34334,1.2965,0.42283,-0.34581,-0.098611,-0.54905,0.086915,-0.029224,-0.098073,0.39219,0.18902,0.49265,0.2574,-0.35997,0.074842,0.84929,0.088647,0.18946,-0.36745,-0.47594,0.01184,-0.54775,-0.10421,0.13747,0.20502,1.1155,0.80137,-0.11041,0.68808,0.14221,-0.67811,0.23649,0.61827,0.55787,-0.01743,0.2705,-0.75452,0.82566,-0.19355,0.15611,-0.031949,0.064153,1.683,-0.15042,-0.44709,-0.33832,0.34409,2.9166,-0.55019,-0.48885,-0.33923,-0.09963,0.34028,-0.20611,0.1879,1.2001,1.4358,0.47489,0.51668,0.11812,-0.67562,-0.3885,-0.068869,-0.2291,0.7409,-0.08923,-0.23734,-0.22106,0.37877,0.083008,-0.09175,0.60515,0.69279,-0.11518,0.16979,0.18749,0.43024,0.26959,-0.079675,0.16828,0.47353,-0.52438,0.26998,0.057083,-1.1734,0.20015,-0.19117,-0.35555,-0.37779,0.2316,-0.97973,-0.75229,0.19659,-0.084033,0.2249,-0.21714,-0.31397,-0.15309,-0.30861,-0.50543,-0.67632,-0.70492,0.24784,0.45545,-0.40766,-0.085297,-0.53648,0.23907,0.4967,0.10993,-0.03058,0.26192,1.604,-0.18165,0.49107,-0.15867,0.11693,0.91375,-0.19498,0.014685,-0.053506,-0.017109,-0.19213,0.048508,-0.19527,0.16454,0.5605,-0.22607,-0.063167,-0.64153,-0.80959,0.32443,-1.1716,0.095168,0.21308,-0.24971,-1.1879,0.011096,-0.039552,-1.8094,0.027008,0.076968,0.98059,-0.17935,0.11208,-0.3,0.23967,0.08589,0.32591,-0.29918,0.44374,-0.11366,-0.033993,-0.75055,-0.0052394,0.36018,0.15671,0.17509,0.086253,0.042465,0.098716,-0.030152,-0.60564,-1.4937,-0.27656,0.23122,4.0073,-0.28271,0.001676,-0.66745,0.020233,-0.086496,0.096288,0.061005,0.5168,-0.67734,-0.1971,-0.26408,-0.11705,0.014685,-0.15542,0.14857,-0.27882,0.049654,0.37326,-0.10376,-0.15672,0.12999,0.22879,-0.16935,-0.062237,-0.15891,-0.1846,0.59964,1.36,-0.057843,-0.6483,-0.23296,0.20018,-0.35109,-0.24465,-0.2963,0.083942,-0.21179,-0.31785,-0.30396,0.045421,0.089104,-0.51576,0.7569,0.097123,0.057338,0.030915
TCGA-24-1844-01A-21-1559-20,OV,Primary,35,0.13274,-0.2817,-0.061812,0.18568,0.23325,-0.34014,-0.56905,-0.2355,-0.53654,-0.81806,-0.28641,0.32578,0.74117,0.060418,0.46025,-0.3224,-0.49664,-0.35911,0.03082,0.19419,0.85128,-0.19046,1.0248,0.046933,-0.21324,0.058116,0.58945,0.023631,-0.069855,-1.3352,-0.023283,0.21853,-0.37054,-0.17874,0.0005471,0.21871,0.16498,0.40118,0.13165,1.0727,0.86347,-0.29104,-0.0030534,0.83471,0.02335,0.35356,0.30652,-0.98159,0.18375,-0.2152,-0.055733,-0.042346,-0.44264,1.5445,0.25529,-0.52553,-0.74081,-0.020358,1.2335,-0.093685,0.0061494,-0.38813,-0.1892,-0.11387,-0.11995,-0.060887,0.31579,1.5731,-0.16176,0.1517,0.16418,-0.3616,0.46395,-0.60891,-0.10993,0.89888,-1.0816,0.19841,-0.18875,0.29046,0.32309,0.21424,0.258,0.1226,-0.20866,-0.37754,-0.14169,0.18617,0.161,-0.2644,0.062974,0.64577,0.36185,-0.023214,0.2862,-0.70605,0.14369,-0.14527,-0.17095,-0.35203,0.25919,-0.48282,-0.035569,0.1671,0.37271,-0.049873,-0.018329,0.60394,-0.28427,0.084228,-0.51529,-0.42843,-0.27413,0.10351,-0.090892,-0.20755,0.060721,-0.54161,0.073652,0.56256,0.33504,0.056086,-0.030723,0.63778,0.061099,-0.14774,0.16585,0.2569,0.72934,-0.21719,-0.072686,-0.32306,0.50041,-0.0089693,0.46521,0.59769,0.41992,-0.50832,-0.2143,-0.059011,-0.21347,-0.68319,0.0035058,-0.81309,0.09696,-0.034968,-0.15163,-1.6977,-0.22663,0.19041,0.52073,-0.027945,-0.079233,0.57653,-0.10211,0.17866,-0.2655,1.116,-0.04486,-0.060616,-0.12295,0.06272,0.30432,-0.17175,-0.51191,0.31882,0.83053,0.56172,0.16889,0.15785,0.4272,0.083916,-0.15971,-0.72208,-0.80417,0.13409,0.12719,3.1139,-0.02681,0.96795,0.066166,0.13821,0.22515,0.029696,0.10221,-0.23952,-0.21001,0.31219,0.48622,0.47905,0.10446,0.040112,0.036988,-0.066871,0.22582,0.13698,0.1496,-0.17288,-0.024005,0.51595,-0.10158,-0.59092,-0.22866,0.21506,0.45399,0.75911,-0.33139,-0.018486,0.1927,-0.17846,-0.13093,-0.13363,-0.24511,-0.014917,-0.13264,-0.31184,-0.22733,-0.071509,-0.22263,-0.2289,-0.066431,-0.25573,-0.18634,0.69298
TCGA-30-1860-01A-21-1559-20,OV,Primary,35,0.13559,-0.2483,-0.29394,0.57552,-0.47658,-0.47634,-0.49433,0.29165,0.075956,0.16933,-0.48961,-0.97395,-0.8856,0.66969,0.23891,-0.22779,0.00030645,-0.39413,-0.13773,-0.0049373,-0.53093,-0.23347,-0.10226,0.30468,-0.17288,-0.057148,-0.21396,-0.13232,0.070839,0.96612,-1.5692,0.043254,-0.2284,0.31266,0.086569,0.14627,-0.12208,0.20216,0.13586,-0.33516,0.38447,1.5019,-0.17368,0.1549,-0.39545,0.53945,-0.8887,-0.84242,0.73465,-0.0071923,-0.19839,-0.093677,-0.22495,0.45,-0.49046,-0.22409,1.412,0.018235,0.49191,-0.26553,-0.22177,0.15268,-0.45093,-0.23418,0.044539,-0.40274,-0.74139,-0.0039797,-0.71332,-0.17572,0.14852,-0.31086,-0.31941,0.64997,-0.060532,0.82997,-0.031881,0.17148,0.051677,0.14338,-0.041643,0.33705,0.69116,1.1088,-0.50793,-0.33164,0.41878,-0.18507,0.16181,-0.12571,0.14945,0.15356,-0.36947,0.15979,0.29266,2.2197,-0.13622,0.093638,-0.018694,0.23597,0.4245,-0.74544,-0.15527,0.19288,-0.25067,0.35503,-0.60779,-0.2038,-0.0065842,-0.28944,-1.2729,0.27213,0.35441,0.22468,0.50591,-0.16064,-0.15356,-0.14328,0.37947,0.22415,0.63988,0.71849,0.044475,1.0761,0.26747,-0.51505,0.10758,0.29352,0.49369,-0.2866,0.32873,-0.33433,0.21747,0.060242,-0.033398,0.072015,0.48236,0.017915,-0.28704,-0.13735,-0.22134,-0.13509,0.11197,0.09186,-0.035667,0.64374,0.13985,-0.96412,0.30534,-0.024398,-1.6169,0.10959,-0.082314,0.89828,0.17135,0.21024,-0.2264,0.93461,0.019289,0.02324,0.17587,0.45567,0.65781,-0.27161,-0.81757,0.32563,0.21751,-0.27393,0.12487,0.15075,0.093926,0.051277,0.12287,-0.28177,-0.5792,0.98065,0.67827,-0.36409,-0.25226,0.45395,0.57517,-0.0051026,-0.58327,-0.083739,0.026399,0.47169,0.53806,-0.31825,-0.026159,0.019803,-0.07375,0.015875,0.225,0.017707,0.34312,0.81214,-0.34732,-0.32852,-0.016012,-0.69239,0.059539,0.063875,-0.085247,0.90013,0.039413,-0.023211,0.053308,0.033134,0.22613,0.26044,-0.17106,-0.27528,-0.12578,0.088556,-0.12277,-0.33373,-0.083879,-0.1359,0.44653,-0.27007,1.2599,-0.036834,0.52899,-0.50969
TCGA-61-1899-01A-21-1559-20,OV,Primary,35,0.097523,-0.088903,-0.11132,-0.26036,0.35591,-0.46096,-0.77955,-0.094289,-0.47877,-0.63762,-0.098014,0.34005,1.4541,-0.3405,1.293,-0.43745,-0.61203,-0.5171,-0.14686,-0.036804,0.26423,-0.11341,0.31305,-0.12166,-0.15664,0.022722,0.79736,0.10673,0.043716,-1.1994,-0.015999,0.12342,-0.41001,0.12869,-0.11746,0.050756,0.84599,0.45815,-0.02944,0.93664,1.5995,0.11694,-0.11139,1.6079,0.30413,0.3873,-0.28032,-0.44236,0.33274,-0.073866,0.028265,-0.15444,-0.27787,1.6383,0.61335,-0.14794,-0.10545,0.04193,0.70762,-0.18466,-0.41641,-0.087148,-0.44405,-0.30632,0.075077,-0.041242,0.053405,0.1229,-0.059871,1.2278,0.059375,-0.3694,0.42759,-0.57394,-0.063168,0.87967,0.41191,0.16854,-0.31016,0.15517,-0.0065675,-0.040039,-0.27088,0.69409,-0.24542,-0.17315,0.11266,-0.11821,0.17096,-0.41647,0.38554,-0.1019,-0.1484,-0.13868,-0.034851,-0.79688,-0.10433,-0.27288,-0.13956,-0.081949,-0.065452,-0.45541,0.024409,-0.027604,0.33863,0.055409,0.64255,-0.22622,-0.16518,1.0341,-0.52929,-0.81534,-0.6164,0.11297,-0.17044,-0.13537,0.07064,-0.045799,0.14353,0.59809,0.43884,0.7516,-0.042157,0.40868,0.24172,0.22943,0.051939,0.37289,1.4687,0.13674,-0.012836,-0.46811,0.10324,0.028125,0.51958,0.054023,0.21479,0.48252,-0.25156,-0.094595,-0.35812,-0.40517,0.24008,-0.84594,0.10663,1.2531,-0.11962,-0.017505,-0.061432,0.025773,3.6477,0.060571,0.038941,0.44405,0.058953,0.036506,-0.028542,0.72265,-0.0024287,-0.053944,-0.2362,-0.11067,0.076317,-0.11684,0.042944,-0.013087,0.34056,0.70519,0.14101,0.1957,0.073191,0.13353,-0.2725,-0.43431,0.30559,0.26722,0.39316,2.3838,-0.059215,0.348,-0.11337,-0.00093261,-0.40289,0.22888,0.15432,-0.5666,-0.41686,-0.21071,0.022738,0.06807,-0.070283,0.02661,-0.031366,-0.16394,0.30338,0.88904,-0.26861,0.023082,-0.068647,0.12616,0.051259,-0.22289,-0.23325,0.097216,0.28092,0.46316,0.2518,-0.36169,-0.13927,-0.26225,-0.29416,-0.21538,1.0626,0.17597,-0.067356,-0.19471,0.17639,-0.035168,-0.2977,-0.23313,1.431,0.051806,-0.068924,-0.58065
TCGA-61-1914-01A-21-1559-20,OV,Primary,35,0.011174,-0.74776,-0.12591,0.34392,-0.43053,1.2484,1.266,-0.17531,-0.44383,-0.61093,0.20916,0.99209,0.59927,1.7906,0.44372,-0.36238,0.0096947,-0.59904,0.092076,0.0097311,1.0722,-0.073797,0.53846,0.095847,-0.15373,0.0099921,-0.24791,-0.10087,0.24854,0.071372,-0.091596,0.17408,-0.40058,-0.19468,0.21076,0.2129,0.090184,0.32949,0.16236,-0.20635,0.59405,-0.39126,-0.085055,0.87471,0.26894,0.28576,0.40792,-0.67915,-0.53251,-0.19421,0.52842,-0.077813,-0.012604,1.4844,-0.47832,0.14052,0.11254,-0.19824,0.47114,-0.49702,-0.062056,0.43753,0.29325,0.41716,0.092749,-0.08585,-0.69517,0.89119,-0.53251,-0.30273,0.18912,-0.16144,-0.22157,-0.24471,-0.022538,1.3723,0.26811,-0.088387,-0.30045,0.24835,0.24579,0.64586,-0.048187,1.3582,0.14458,-0.27228,0.23385,0.033891,0.20241,0.067189,0.23724,0.5818,-0.29011,1.0942,0.24778,-0.23304,-0.27333,-0.35055,-0.63543,0.39527,0.41245,-0.49428,0.037168,-0.038444,0.096044,0.037969,0.71003,0.054245,-0.27761,0.04111,-0.22151,1.7293,1.8336,0.26162,-0.13852,-0.44963,-0.2345,0.35602,0.47072,1.3503,0.5454,-0.19041,0.010156,-0.21879,-0.90627,-0.67055,0.21895,0.064176,0.60845,-0.26956,0.28579,-0.0018329,0.25283,-0.21048,-0.00012087,0.6563,0.51597,0.11858,-0.10935,-0.10671,-0.30791,-0.74029,0.13753,0.067335,0.0038597,0.10022,-0.04063,-0.94939,0.29124,-0.14329,1.1459,0.26237,-0.23694,0.61337,0.047455,0.14472,-0.30192,0.63678,-0.22985,0.089641,-0.10204,-0.24669,-0.025744,-0.17923,-1.1225,0.23153,0.47869,-0.1608,0.27124,0.13093,0.049851,0.088567,0.095113,0.050196,-0.51099,0.30044,-0.095754,1.302,-0.18475,0.32464,0.15229,-0.013744,-0.078778,-0.084334,-0.017669,-0.70125,-0.053046,-0.025502,-0.13983,-0.12939,0.063591,-0.12852,-0.0041456,-0.18857,-0.35856,0.016897,-0.23982,-0.19969,-0.058529,0.1023,-0.22499,-0.14996,-0.039581,0.29645,0.16961,-0.053467,-0.18085,-0.1967,0.48563,0.12061,-0.15486,-0.20542,0.42538,0.0097921,-0.26524,-0.53931,-0.42908,-0.12834,-0.2441,-0.34593,0.40993,0.21617,-0.17159,0.24876
TCGA-24-1927-01A-21-1559-20,OV,Primary,35,0.017932,-0.17003,0.038366,0.83757,0.01996,-0.45362,-0.33913,0.11036,0.68186,0.56599,-0.87559,-0.82858,1.2784,1.3272,0.015812,-0.47463,0.066283,-0.85781,-0.034588,-0.040064,0.21973,-0.20114,0.42756,0.49644,-0.46408,-0.029923,0.18603,0.20942,0.30541,0.35502,-1.0659,0.19295,-0.1082,0.19769,0.44158,0.22025,0.5435,0.49401,0.17812,0.53898,0.20578,1.2126,-0.19952,0.077622,0.35843,0.25175,0.47562,-0.64013,0.30024,-0.52836,-0.060704,-0.16248,0.16823,1.1445,-0.38702,-0.17938,0.68961,-0.36039,1.2827,-0.20525,-0.10386,0.41671,-0.45824,-0.20784,-0.26644,-0.22964,-0.54514,0.52042,-0.67896,-0.498,0.23155,-0.24414,-0.63158,-0.15283,-0.098155,1.1365,0.29467,-0.033033,-0.22282,0.19827,-0.091371,0.31159,-0.15053,0.77854,0.19859,-0.23143,0.36247,-0.35751,0.14308,-0.1425,0.76686,0.16244,-0.40091,0.2028,0.14735,0.46776,-0.34728,0.30194,-0.45184,-0.086276,0.2885,-0.90746,-0.7047,-0.055396,-0.22326,0.29405,-0.19946,0.099601,0.23215,-0.39896,0.070082,1.1626,0.98702,0.35736,0.92087,-0.28854,-0.087179,-0.40619,0.4901,0.30923,0.30829,-0.71441,-0.06955,0.71068,-0.41034,-0.15212,0.17432,0.49392,1.3924,-0.36409,0.21721,0.093548,0.060121,-0.20289,0.24348,-0.209,0.40035,0.24621,-0.089485,-0.19436,0.18096,-0.63198,0.2125,-0.4816,0.23859,0.83494,-0.076141,-0.49541,0.028144,-0.08652,-1.4847,0.29496,-0.24777,0.55828,0.53747,0.07998,-0.2799,1.1377,-0.05994,-0.14373,-0.44605,-0.14436,0.16716,-0.23865,-0.32105,-0.078733,0.31736,-0.79361,0.04163,0.14188,-0.11738,-0.0091708,-0.14737,-0.55433,-0.36406,0.73508,0.23478,1.4787,-0.19266,-0.81015,0.93269,-0.050219,0.3792,-0.18486,-0.080917,-0.052005,-0.2432,-0.022276,0.3452,0.046203,-0.39483,-0.16539,0.072888,-0.093289,0.34894,0.74823,0.0023355,-0.34655,0.070747,-0.54509,-0.098813,-0.092744,0.047889,0.52275,0.41865,0.14759,0.048659,-0.055183,0.18094,-0.10346,-0.26881,0.028228,-0.35249,0.10989,-0.19307,-0.53994,-0.26077,-0.20735,0.088351,-0.4264,1.6191,-0.06136,-0.096527,0.76118
TCGA-61-2000-01A-21-1559-20,OV,Primary,35,0.05977,0.00081657,-0.39181,-1.1091,0.31124,0.17006,0.64556,-0.014422,-1.4094,-1.3501,-0.40495,0.5856,-0.73652,0.34911,0.59101,-0.24968,-0.43699,-0.49128,-0.031658,-0.067769,-0.35835,-0.10706,0.53961,-0.33925,-0.39442,0.016605,0.80843,0.10149,-0.094181,0.61968,-1.0119,0.12606,-0.43962,0.038633,0.1238,-0.027859,1.5922,0.29324,0.27994,-0.024596,0.41767,1.0905,-0.14155,0.3802,0.25813,0.32653,-0.20737,-1.0168,0.44478,-0.43491,-0.24795,-0.090617,-0.26296,1.733,-0.39457,-0.6031,1.0977,0.12861,0.22967,-0.3228,-0.28273,-1.9862,0.034319,0.036592,0.21968,-0.2227,-0.47738,0.70149,-0.0058362,-0.27769,-0.30374,-0.28952,0.10078,0.071439,0.050235,-0.93411,-0.21551,-0.97032,-0.1633,0.19966,0.12046,-0.080981,0.054648,-0.37121,2.1178,-0.083719,0.43479,-0.47312,0.17982,0.059083,-1.2968,0.61793,0.56501,-0.29328,-0.23974,0.24093,-0.14398,0.037871,0.0091739,-0.11971,0.59154,-0.068631,0.56748,-0.021458,-0.23379,-0.50183,0.49928,0.41947,0.16215,-1.3138,-0.53239,-0.67148,-0.65782,0.045198,0.61522,-0.26018,-0.01734,-0.77876,0.025492,-1.1138,0.40145,0.84917,-0.065907,0.72859,0.005807,-0.24671,0.16408,0.13667,-0.39641,-0.00033561,-0.28689,-0.41093,-0.075277,-0.12993,0.396,-0.12482,-0.14426,0.4969,-0.10008,-0.037135,-0.1096,-0.065072,0.27275,-0.65676,-0.23948,0.96504,0.041023,-0.045636,-1.4635,0.1727,2.6529,0.10093,0.07741,-0.50245,0.062898,0.021453,0.097906,-0.11024,0.10671,0.063679,0.079299,-0.64962,0.45328,-0.093262,-0.60543,0.31806,0.47084,0.72052,-0.079087,0.13293,0.06509,-0.0089143,-0.069406,-0.34632,0.74437,0.58379,-0.392,1.9974,-0.13422,0.81468,1.1344,0.094392,0.16687,-0.072813,0.187,-0.85526,0.12716,0.12961,0.39109,0.40947,0.13739,-0.12723,-0.12074,-0.060911,0.8397,1.4464,0.1714,-0.059452,0.0050409,0.90229,-0.078609,-0.071136,-0.0027307,-0.38073,0.47177,0.87257,-0.14119,-0.056698,-0.19473,-0.077142,-0.1808,-0.068303,-0.15939,0.031564,0.085328,-0.12859,-0.033659,-0.045471,0.27814,-0.21417,1.7772,-0.2128,0.020226,0.76275
TCGA-61-1721-01A-21-1559-20,OV,Primary,35,0.039492,-0.51914,-0.27287,0.70432,-0.0093781,-1.1965,-0.96994,0.41666,-0.13847,-0.78785,-0.39119,-1.1056,1.5806,-0.49809,1.3166,-0.23785,-0.5975,0.99239,-0.33737,-0.12827,0.34474,0.029107,0.73964,0.36974,1.8792,0.037406,0.17199,0.13255,0.022144,-1.2934,1.8231,0.049185,-0.20815,-0.46298,0.045143,0.029378,-0.9497,0.22226,-0.078974,-1.2096,1.4617,-2.3921,0.031311,-1.043,0.65849,0.049315,-2.0873,-0.83704,-0.051787,0.063672,0.35229,0.013281,-0.13162,1.0213,0.20264,0.1953,-0.066404,0.34443,0.40804,-0.47822,-0.18732,0.77999,-0.43239,-0.0086434,0.11483,0.095087,0.49418,0.27174,-0.82146,0.39213,0.10289,0.13184,0.50452,-0.15449,0.11744,1.5914,0.30513,-0.27743,-0.065119,0.25295,-0.026349,0.44966,0.36497,0.2994,0.11301,-0.20707,0.18081,1.3871,0.15984,-0.11507,0.24145,-0.053344,0.0060493,1.1649,0.44411,-0.43978,0.11869,-0.4341,-0.21824,-0.29612,0.18846,1.2062,1.5542,0.28781,0.5083,0.29419,0.65753,-0.077866,-0.34424,-0.87555,-0.52059,1.4162,0.88829,0.19219,0.11965,0.57712,0.094081,-0.1271,0.26144,1.3219,0.77469,0.60104,0.07923,-0.90767,0.26345,0.23292,0.17959,0.41636,1.7781,-0.098154,0.3068,-0.31847,0.14708,0.030757,0.1125,-0.23474,0.51959,-0.054546,-0.35668,-0.18325,-0.4772,-0.63584,-0.074518,-1.908,0.3301,-0.91499,0.094062,-2.0891,0.64512,-0.070625,3.8201,-0.2089,-0.16735,1.507,0.15335,0.43183,-0.71382,1.6572,-0.0041497,0.092855,-0.39422,0.51846,0.20042,-0.069086,-0.96683,0.13658,0.062977,0.83281,0.32798,0.14842,-0.0048372,-0.1048,-0.22881,-0.62225,1.4035,0.20862,0.43965,0.55241,-0.11384,0.67119,-0.76035,0.20779,-0.092968,0.34832,0.086977,0.89848,-0.86738,-0.030249,-0.85146,-0.49213,0.021712,0.17212,0.002517,0.17192,0.010305,0.42741,-0.10416,-0.16351,-0.0051744,-0.010459,0.10161,0.12942,-0.39007,-0.51447,0.68819,0.84521,-0.36033,-0.08817,-0.22557,-0.13723,-0.15648,-0.37075,0.60494,-0.043425,-0.46965,-0.32359,-0.027765,0.0072167,-0.19396,-0.23813,-0.93522,0.66634,-0.25689,-1.2531
TCGA-61-1738-01A-21-1559-20,OV,Primary,35,0.12459,-0.059067,-0.30511,0.28337,-0.16095,0.50041,0.23989,0.13802,-0.42251,-0.26303,-0.31653,-0.56563,0.54145,1.5532,-0.33679,-0.42204,-0.33855,-0.72894,-0.2339,-0.08994,-0.06908,-0.005148,0.19551,0.56816,0.4067,-0.093398,0.27083,-0.011375,-0.059376,-0.57901,-1.6451,0.18967,-0.3935,-0.041709,-0.11005,-0.13734,-0.22388,0.065493,0.34089,0.49589,0.13257,0.96311,-0.2216,1.151,-0.73701,0.41142,0.12722,-1.3263,0.11928,-0.16258,1.1945,-0.16619,0.19567,1.6815,-0.062457,-0.30871,-0.53628,0.10869,-0.51297,-0.59381,-0.16301,1.146,2.1761,1.4674,-0.14203,0.22208,-0.43198,1.54,-0.80377,-0.43233,0.25571,-0.2861,-0.0018678,-0.14439,-0.27093,1.4469,-0.16619,0.46422,-0.27668,0.060365,0.37872,0.51312,-0.24966,0.47739,-0.3067,-0.072388,0.28395,0.16362,0.11569,-0.34,0.68182,0.48247,-0.0095845,0.1902,0.55251,-0.28226,-0.1373,-0.16833,-0.13159,-0.31725,0.33053,-0.60678,-0.066084,-0.016726,-0.20809,0.19566,0.43203,-0.034344,-0.24642,0.48226,-1.1133,0.29391,0.094747,0.52838,-0.070895,-0.50541,-0.0707,-0.4127,0.38962,0.3413,0.26959,-0.080133,-0.049237,1.6047,0.5236,-1.0127,0.064582,-0.040496,0.18169,-0.18876,0.17889,-0.16062,0.41952,-0.1121,0.27304,0.1654,0.637,0.18891,-0.33955,-0.19592,-0.56294,-0.54881,0.48577,0.89297,0.0057499,0.36329,0.072276,-1.3129,0.94143,-0.035396,-1.5826,0.0072412,0.052346,0.51779,-0.28531,0.044192,0.34462,0.88428,-0.06161,-0.022464,-0.10025,0.68984,0.48832,-0.10888,0.88298,0.26864,0.059613,-0.011323,-0.015469,0.19804,-0.016913,-0.20487,-0.37629,-0.61802,0.3104,0.11543,0.53572,0.33164,-0.26792,0.046251,1.2529,0.057342,0.0094777,0.26703,0.21273,0.014867,-0.42281,-0.24481,-0.34398,0.60637,0.19037,-0.09642,-0.037901,-0.062751,-0.26925,-0.19561,-0.18519,-0.22705,-0.12784,0.085974,-0.22079,-0.15517,-0.2777,0.21898,0.17316,0.35454,-0.05374,-0.25427,0.066652,-0.53496,-0.27702,-0.13248,-0.096747,0.054798,0.067693,-0.01284,-0.1944,-0.032797,1.1073e-06,-0.28594,1.7428,0.32544,0.15645,0.040715
TCGA-29-1769-01A-21-1559-20,OV,Primary,35,0.23883,1.1938,0.01089,1.3271,0.14582,0.49494,0.6692,0.06578,-0.11579,-0.5335,-0.31936,0.67462,-0.081703,-0.56908,0.78976,0.3637,0.38821,0.74467,0.2883,-0.57059,-0.15025,0.22667,0.60285,0.067453,0.2125,-0.22606,0.57105,-0.087782,-0.19522,-1.1614,1.2081,-0.93655,-0.282,0.18234,-0.043364,-0.17883,-0.1238,-0.45301,0.16335,0.11472,0.95368,1.1268,0.090281,-0.11597,0.67657,0.04347,0.050113,1.3574,0.36817,-0.17737,-0.12696,0.055119,0.071705,0.47944,-0.20023,-0.29162,0.64841,0.7323,0.8049,0.26006,-0.30961,-0.035816,-0.20479,-0.02088,-0.38639,-0.0063397,0.64447,0.74933,-2.0855,-0.076188,-0.055184,0.26472,-0.16416,0.63514,-0.38967,0.59448,0.17385,0.18101,-0.12854,-0.26973,-0.35368,-0.19826,-0.071241,0.94493,-0.65149,0.37885,0.41192,0.95319,-0.60263,-0.11213,0.64282,-0.71177,-0.085415,0.02001,0.43274,-0.067246,0.28593,1.1661,-0.34021,0.74746,0.44045,-0.75264,0.15424,0.33465,-0.21347,-0.067361,0.87732,-0.50801,-0.36794,0.12946,-0.64246,0.82428,0.58856,-0.36426,0.067045,-0.1467,0.28108,-0.60032,-0.029475,0.17207,0.4895,0.72684,-0.0085136,0.47315,-0.051045,-0.37145,-0.27303,0.54363,0.58669,-0.37774,0.54493,0.29247,-0.032859,0.11598,0.30191,-0.15174,0.09454,0.56007,-0.83761,0.0448,0.52786,-0.76838,0.25771,0.30826,0.11585,1.3172,0.31819,-0.51406,0.65944,0.518,-0.23492,-0.39831,-0.18501,0.80831,0.19691,0.24752,-0.16006,0.18661,-0.32484,0.22587,0.049436,0.3982,0.21918,0.20688,-0.71671,-0.16602,-0.093223,-0.86843,-0.62593,0.1227,-0.046879,0.46518,-0.10116,-0.17772,-1.0004,0.50618,0.0052167,0.94131,-0.0172,-0.2359,0.09636,-0.18279,-0.070323,-0.15127,-0.086139,0.38705,-0.22835,-0.31363,0.19794,-0.56425,-0.22242,-0.40157,-0.057012,-0.47122,0.60709,0.58889,-0.65014,-0.66178,-0.027221,-0.40146,-0.47449,0.15228,-1.0515,0.25013,0.31224,-0.016488,-1.0695,-0.23547,-0.096312,-0.20912,-0.67844,-1.5287,-0.65714,-0.15194,-0.66095,-1.0085,-0.42379,-0.38197,-0.36201,-1.0454,1.6789,-0.71863,-0.69578,0.2777
TCGA-29-1781-01A-21-1559-20,OV,Primary,35,0.024398,-0.11229,-0.19174,0.3682,0.20135,-0.36433,-0.65502,-0.18312,-1.0389,-0.78229,-0.64047,-0.042929,-0.0967,0.75674,0.71542,-0.17003,-0.018125,-0.2532,0.084142,0.0041727,0.089971,0.025834,0.81927,-0.16601,-0.34319,0.079597,0.11229,-0.043851,-0.071548,1.1407,-1.2661,0.2836,-0.1247,-0.030327,0.38052,0.20706,0.42465,0.42634,-0.056303,-0.10901,0.29829,0.69032,0.025567,0.60172,0.15283,0.11328,0.14708,-0.18565,0.50833,-0.22625,-0.4607,-0.072239,-0.16467,1.4844,-0.45143,0.069923,0.29764,0.10613,0.37682,-0.54028,-0.17047,-0.29492,-0.24423,0.094047,0.15831,-0.085982,1.2991,2.4442,-0.44519,0.52604,-0.12101,0.0025999,0.050408,0.72784,-0.10395,-0.14375,0.17838,0.21704,-0.12504,0.3946,0.25501,0.046203,0.62593,1.4265,-0.055244,-0.004448,0.21665,0.22387,0.22286,-0.099848,-0.34045,-0.0010459,-0.26652,0.42765,0.042645,-0.019932,-0.73353,-0.30836,-0.46107,-0.041954,-0.019582,-0.36865,-0.17112,0.35204,-0.25054,0.080194,-0.029153,-0.18714,0.15771,-0.080556,-0.043428,0.089864,0.25163,-0.037207,-0.015156,-0.65654,-0.12607,-0.30283,-0.062279,-0.59447,-0.14115,0.43732,0.23314,1.4751,-0.22953,0.013603,0.018268,0.11523,-0.083355,-0.15646,-0.19059,0.023575,0.15935,-0.33365,0.11759,-0.18527,0.31575,0.61475,-0.31682,-0.090897,-0.24599,-0.089955,0.12287,-0.4168,0.17872,0.73885,-0.070938,0.070233,-0.71401,-0.13179,-0.87895,0.19303,0.080069,-0.044009,0.1162,0.49049,-0.12875,0.5659,-0.20083,0.22038,-0.14837,0.23565,0.37847,-0.10739,-1.252,0.30745,0.64984,-0.37235,0.026887,0.078475,0.22704,0.058717,0.25806,-0.31221,-1.1401,0.6242,0.033043,2.4501,-0.030434,-0.45564,0.42445,0.0095171,0.3986,-0.043452,0.011092,-0.8525,0.24851,0.20794,-0.45095,0.3082,-0.17296,0.023691,0.10269,-0.020269,0.6724,1.2155,0.36662,-0.20125,0.16327,-0.65651,-0.25716,0.16825,-0.12523,0.49324,0.58623,0.74363,-0.25425,-0.34165,-0.42007,0.088992,-0.43852,-0.26753,-0.42731,0.016823,-0.31144,-0.47776,0.086107,-0.13211,0.3467,-0.30696,2.0174,-0.60975,0.22107,1.4257
TCGA-24-1845-01A-21-1559-20,OV,Primary,35,0.18482,0.64686,-0.08337,0.48128,-1.4338,-0.59388,-0.56694,-0.37822,-1.3898,-0.67596,-0.55546,-0.91482,0.3244,0.74913,-0.039407,0.024922,0.090732,0.22675,0.25635,-0.071568,-0.768,0.0082234,0.85357,0.081436,-0.29049,0.075913,0.11403,-0.33535,-0.01629,-0.38785,-1.8869,0.21737,0.63769,0.01048,0.27649,-0.011624,0.99619,0.5281,0.026345,1.8288,0.27753,0.082046,0.13265,0.94758,0.49149,-0.093261,-0.11951,-0.7847,0.73285,0.45652,0.4676,0.1107,-0.015311,0.43043,-0.4783,0.43016,-0.067058,0.09506,1.0282,0.40348,-0.32996,-1.2956,0.10452,0.26848,0.039394,-0.050312,0.96377,-0.05246,-0.9475,-0.043543,-0.15787,0.021533,-0.17169,0.076287,-0.039325,-0.21795,0.42688,-0.79713,0.10163,0.37154,-0.22047,-0.28651,0.38792,-0.4832,-0.14101,-0.15692,0.92026,0.36887,0.11757,-0.017425,-1.0987,0.068013,0.19953,0.059483,-0.18009,0.7051,-0.78261,0.46301,-0.49663,0.15641,-0.10896,-0.74957,-0.65286,-0.17831,0.058039,-0.37306,0.17545,0.023203,0.15297,0.2894,-1.0029,-0.7223,-0.84402,0.30651,-0.037833,-0.38377,-0.021787,-0.76651,0.50532,-0.5653,-0.10339,-0.094239,0.25011,0.42756,-1.2149,-0.96077,-0.030764,0.35573,0.40845,-0.28066,-0.12942,0.18143,0.068394,0.37666,-0.14673,0.53985,0.23455,-0.41012,-0.17232,-0.022299,-0.23366,0.050448,0.22782,-0.75698,0.25721,0.17941,0.81638,-0.34088,-1.4295,0.16456,-1.713,-0.042556,0.17205,-0.034991,0.35947,-0.11408,0.11568,-0.34392,0.023136,-0.10674,-0.24021,-1.2507,0.63749,0.26838,-0.84874,0.082266,-0.40221,-0.75666,0.14949,0.19253,0.068308,0.083309,0.17306,-0.67873,-1.2446,0.49445,-0.19844,1.8549,-0.1867,1.2308,0.54326,0.13392,-0.02552,0.25123,0.20361,0.96871,-0.81217,-0.43149,-0.51424,-0.30578,0.15153,-0.0082569,0.23501,-0.12752,-0.18426,0.23438,0.010331,-0.026131,0.098125,0.54575,-0.13756,-0.45381,-0.16843,0.8432,0.27002,0.26415,-0.22105,-0.65683,0.092739,0.1319,-0.11133,-0.1438,0.1869,-0.0036759,-0.41753,-0.38906,-0.46049,0.051582,-0.24726,-0.47517,1.8537,0.092425,0.59846,0.11426
TCGA-30-1861-01A-21-1559-20,OV,Primary,35,0.16707,-0.26422,-0.1496,0.79669,0.33453,-0.10596,-0.0034948,0.21539,-0.43212,-0.78642,-0.44636,0.1836,-0.42307,-0.56172,0.87811,-0.048135,0.050764,-0.61664,0.21042,-0.13733,0.69153,-0.097355,0.7829,0.40689,-0.37379,0.062338,-0.19568,0.41394,0.13911,-0.75068,-0.95186,-0.047879,-0.36195,-0.13196,0.069229,0.23105,0.50699,0.49774,0.57725,0.94693,0.74607,-0.53106,-0.022889,-0.13627,1.2437,1.0497,0.56599,-0.37303,0.27411,-0.31381,-0.10256,-0.024135,0.012946,1.1484,-0.33585,0.38236,1.2114,0.14215,1.7502,-0.28584,0.23611,0.027658,0.16263,0.038693,-0.1675,-0.087988,0.8329,2.1818,-0.67919,0.045926,0.84864,-0.25563,0.16241,-0.38913,0.087198,0.92514,0.35017,0.64172,-0.070212,0.27812,0.10929,0.055425,-0.057994,0.61013,1.4944,0.0081616,0.0050798,-0.48908,0.10216,0.097685,1.0401,-0.17203,0.1667,1.0832,-0.10116,-0.22919,-0.059187,-0.11323,-0.22491,0.10857,-0.076086,-0.27885,0.32112,-0.036741,0.065929,-0.017221,0.85919,0.36824,-0.16861,-0.2751,-0.55673,0.49901,0.56311,0.1043,0.42932,-0.39918,-0.13192,-0.047415,-0.034901,0.85102,-0.11926,-1.0174,0.056881,0.012229,-0.073245,0.34346,0.10379,0.30469,1.719,-0.37994,0.13309,-0.0072977,0.17122,-0.042394,-0.21015,-0.33074,0.6477,-0.05247,-0.15853,-0.12154,-0.23699,-0.82922,0.44688,-0.40019,0.35981,0.36112,-0.082877,0.68011,0.028375,-0.072087,-0.24491,0.53692,-0.15245,-0.35799,1.0512,0.023384,-0.47228,-0.052408,0.16129,-0.086113,-0.22619,0.24236,0.13188,-0.084737,-1.5135,0.16365,0.037161,-0.26381,0.30882,0.25758,0.21779,0.12973,0.30216,-0.27227,-0.11053,0.36873,-0.1059,4.2395,-0.23196,-1.2167,1.4187,-0.035735,0.32065,-0.070323,-0.040573,1.4898,-0.48972,0.042607,-0.42956,-0.4208,0.086298,-0.040173,0.088685,-0.091593,0.11039,0.4725,0.018661,-0.20656,0.066532,0.095266,-0.12702,0.33309,0.18866,0.21687,0.11907,-0.066161,-0.2998,-0.16719,-0.23199,-0.032887,-0.23538,-0.42169,-0.14482,-0.025571,-0.073633,-0.60564,-0.36986,-0.024355,0.006557,-0.65353,0.15504,0.048432,-0.45431,-0.27723
TCGA-61-1900-01A-21-1559-20,OV,Primary,35,0.22142,-0.26761,-0.069405,0.50305,-0.49104,-0.7779,-0.58815,-0.12573,0.80156,0.43605,-0.49122,-0.42553,0.97435,-0.25376,0.58481,-0.15166,-0.40435,0.17012,-0.049415,-0.046195,0.062501,0.19527,1.131,0.79056,0.2562,0.084684,0.74177,-0.25102,0.28433,-0.56749,-0.20272,0.19895,-0.096768,0.058757,0.12766,0.16798,-0.46497,0.30264,-0.2218,0.29124,1.0306,-0.21673,0.21743,-0.63303,-0.10116,0.61112,-0.16395,-1.1114,-0.11457,-0.20175,0.19616,0.13259,-0.10307,0.14463,-0.30909,-0.82509,0.74847,0.12431,-0.031151,-0.31881,-0.35326,-0.35768,-0.32061,0.12955,-0.34793,0.2324,0.90732,1.2224,-0.6387,0.32317,0.49237,-0.31845,-0.71339,-0.3156,-0.17466,1.1223,0.25627,-0.21468,-0.1381,0.36782,-0.20083,0.24042,0.65406,-0.2565,-0.45604,0.089523,0.33825,-0.10486,0.22098,0.027799,0.16306,0.096694,0.37449,2.2915,0.091846,0.069725,0.31655,0.14061,-0.6497,-0.48704,-0.035797,-1.0726,-0.33957,-0.1053,0.17974,0.24057,0.093157,-0.095342,0.0058968,0.8511,-0.54301,1.3691,1.2752,0.27418,-0.25549,0.021024,0.041414,-0.15194,0.13457,0.90308,0.5359,-0.84102,0.4047,-0.58695,-0.32559,-0.15833,0.086972,-0.028607,0.1634,-0.53754,0.2697,-0.1384,0.15465,0.00037121,0.14594,-0.61702,0.55315,0.38071,0.06355,-0.042405,-0.24724,-0.57482,0.02913,-0.6922,-0.00036306,0.71273,-0.027416,-1.3957,-0.090851,-0.033686,4.6072,-0.4136,-0.0037178,1.1365,0.48484,0.13908,-0.31689,0.45058,-0.055285,-0.010261,-0.44536,-0.91492,-0.17434,0.12428,0.13472,-0.15781,-0.56491,1.4087,0.349,0.15795,0.026146,0.24217,0.025224,-0.982,-1.1887,0.31329,0.3452,1.6087,-0.20532,0.08277,-0.57703,0.033791,-0.73208,0.035507,0.024893,-0.85303,-0.99981,-0.18421,0.43328,-0.35454,-0.073553,0.07264,-0.040714,-0.087489,0.33505,0.66811,0.40509,0.1069,0.16525,-0.015738,0.45124,-0.1227,-0.29622,-0.66581,0.24615,0.12862,-0.18626,-0.20925,-0.14698,0.11569,-0.26783,-0.24916,-0.48422,0.029482,-0.15511,-0.41849,-0.35269,-0.013499,-0.36439,-0.48521,-1.0971,0.18995,-0.21318,0.22847
TCGA-61-1915-01A-21-1559-20,OV,Primary,35,0.11729,-0.41151,-0.42862,0.60157,0.75633,-0.70911,-0.85935,-0.36885,-1.5307,0.68089,0.24669,0.62837,1.7157,0.31968,0.81527,0.22523,-0.1651,-0.23756,-0.039231,0.043392,1.3289,-0.27656,0.55495,0.42686,-0.17882,0.043712,0.91224,-0.19801,0.093058,-0.73342,-1.107,0.011103,-0.3339,0.47627,0.1409,0.26016,-0.30081,0.30364,0.29421,2.0476,0.42767,-0.53201,-0.052012,0.21782,0.61145,-0.025962,1.6511,-0.80699,1.0783,-0.64127,-0.0025657,-0.12134,0.55248,2.2733,0.13981,-0.7442,-1.0205,0.31199,0.72207,-0.33946,-0.19784,-0.46229,0.0941,0.058412,0.017131,0.17806,-0.80099,0.75862,-0.47085,-0.036777,0.45372,-0.82907,-0.46368,0.61266,-0.093265,0.5422,0.4313,0.098829,-0.51823,0.19403,0.20211,0.11309,0.18923,2.904,-0.38017,-0.63674,0.0044244,-0.0444,0.14715,-0.16198,-0.1816,-0.0026221,-0.40595,0.23489,0.018691,-0.95798,0.12046,0.0056969,0.093866,-0.50564,0.13172,-0.46896,0.11199,0.082054,-0.038723,-0.053488,0.38161,0.1507,-0.33041,-0.060852,-0.84697,-0.60812,-0.47002,0.094765,0.65276,-0.32692,0.2313,-0.3777,0.28279,0.6116,0.34457,0.18443,0.089439,1.141,-0.09942,-0.41938,-0.1126,1.0238,2.0558,-0.73792,0.0010048,0.020025,0.11871,0.15353,-0.19693,0.78132,0.21172,0.32069,-0.091278,-0.044212,0.2161,-0.33062,-0.0077461,-1.5193,-0.00058937,-0.083262,-0.03287,-0.31037,0.021118,0.037587,-1.0543,0.27438,-0.10929,0.24694,-0.45687,0.12191,-0.42633,0.18214,0.44513,0.45365,0.24639,-0.32578,0.70898,-0.017628,-0.62376,0.19434,0.1636,-0.20177,0.2871,0.38128,0.59365,0.28212,0.3055,-0.53475,-1.4906,-0.0052139,0.45872,1.7818,-0.12917,-0.23895,-0.25567,0.3425,0.22015,-0.18788,0.17072,-0.19018,-0.12853,0.35199,-0.038303,-0.21426,0.0028921,0.59427,0.85575,0.27916,0.11739,0.10743,1.8267,0.074681,0.26681,1.4944,1.5873,0.025441,-0.21274,-0.042185,0.32488,0.58873,-0.042261,-0.26998,0.3534,1.0337,-0.49517,-0.42963,-0.18293,0.034963,-0.61221,-0.45393,-0.22671,-0.089332,0.79653,-0.67176,0.58281,-0.21693,-0.1867,-0.30513
TCGA-24-1930-01A-21-1559-20,OV,Primary,35,-0.075587,-0.33039,-0.42302,-0.040372,-0.093232,-0.33951,-0.52936,0.48121,-1.0883,-1.2018,-0.45158,0.75577,-0.63241,-0.096049,1.669,-0.064981,0.22921,-0.47785,-0.0088007,0.20687,0.010044,0.14954,1.1486,-0.00070356,-0.47499,0.17348,0.82242,-0.21517,-0.19583,0.26454,-1.2512,0.20624,-0.5486,-0.21049,0.086152,0.12979,-0.092127,0.18349,0.47392,2.3346,0.09921,-0.27986,-0.097652,1.2752,-0.0040212,0.35274,0.50409,-0.56747,0.58891,0.0047836,-0.34059,-0.13787,0.046235,2.3306,-0.3404,0.38045,0.75345,0.091901,1.4815,-0.21398,0.18439,-0.62773,0.058573,-0.31693,0.40288,-0.097018,0.11759,1.4502,0.74314,-0.06209,-0.088035,0.055654,0.0064717,0.24962,0.28093,0.64654,0.33183,0.38494,-0.17245,0.41541,0.40407,0.020212,-0.054615,0.46004,0.076152,-0.11229,0.04602,0.50728,0.17241,0.01168,-0.26744,-0.1223,0.012946,0.036753,-0.041558,0.58685,-0.15348,-0.38425,-0.10999,0.59967,0.039984,0.075458,0.091004,0.048528,-0.23996,-0.096459,0.45541,0.79331,-0.33132,0.007332,1.1408,0.15325,0.17307,0.15988,0.51762,-0.68022,-0.16747,-0.78469,0.0088218,-0.97166,0.12656,1.0602,-0.069635,1.6726,0.20259,0.13496,-0.48328,0.21068,0.2646,0.13084,-0.31171,-0.079057,-0.02763,-0.25637,-0.46455,0.35294,0.39052,0.31874,-0.20708,-0.2595,-0.55542,-0.3027,0.55134,-1.1136,0.50408,-0.18469,-0.17891,2.7195,-0.9053,-0.28062,-1.2321,0.35287,-0.23974,0.32236,0.0548,0.17827,-0.44336,1.2263,-0.33259,-0.13902,0.16411,0.19128,0.010293,-0.13157,0.35438,0.66103,0.99278,0.073324,-0.16194,0.11864,-0.31317,-0.18962,0.47845,0.11621,-0.21634,0.65463,-0.40278,3.342,-0.031507,-1.5562,1.0924,-0.01611,0.41855,-0.098258,-0.093697,0.17048,0.83828,0.38485,-0.01836,0.63393,-0.17234,-0.010909,-0.064387,0.27019,-0.15203,-0.0029295,-0.20728,-0.12023,0.064693,0.59929,-0.35802,0.32928,0.21353,-0.63206,0.33358,0.94099,-0.43749,-0.045096,0.017942,0.17057,-0.4797,-0.26945,-0.48036,-0.042616,0.13522,-0.56262,-0.067347,-0.30232,0.1344,-0.34079,1.7626,-0.5593,-0.044419,0.59346
TCGA-61-2003-01A-21-1559-20,OV,Primary,35,0.0083056,-0.43163,-0.045182,0.16442,0.11019,-0.52533,-0.6535,0.14109,-0.3628,-0.66272,-0.3649,0.30794,0.037756,0.068477,0.29449,-0.15332,-0.21721,-0.35589,0.053981,-0.11902,0.22851,0.087063,0.51191,0.22001,-0.21194,0.1096,0.20917,-0.065667,0.047436,-0.48528,0.47278,-0.0047422,-0.30579,-0.06829,0.17044,0.17054,0.011301,0.25494,-0.02172,1.1032,0.45171,-0.039924,-0.035677,1.3204,-0.076879,0.4612,0.066533,-0.45557,0.36132,0.20022,0.10033,-0.0092766,-0.2678,0.29878,-0.38494,0.0061437,1.5031,0.093548,0.2871,-0.18644,-0.066222,-0.022346,-0.1133,-0.039544,-0.0069512,-0.18453,-0.42843,2.6199,-0.19252,0.031342,0.28801,-0.050785,-0.49024,0.070069,-0.10502,1.1225,0.11738,0.39532,-0.11299,0.24802,0.16215,0.13412,-0.094036,1.0907,-0.39955,0.048831,0.31706,0.64917,0.18085,0.33796,0.51011,0.29532,-0.13742,-0.083513,0.073257,-0.63547,0.10506,-0.053663,-0.20632,0.92163,0.13966,-0.24057,0.28529,0.068409,-0.10452,0.012987,0.59958,-0.044719,-0.27422,0.12774,-0.061584,0.42951,0.1589,0.23158,-0.0023689,-0.37903,-0.083721,-0.35077,0.056099,0.42032,0.3385,0.16524,0.10793,0.23674,-0.06636,-0.033457,-0.36215,0.13155,0.98326,-0.10764,-0.061939,-0.17638,0.37271,0.01434,-0.050127,-0.0087064,0.40763,0.14782,-0.1055,-0.13933,-0.30247,-0.44148,0.21354,-1.5116,0.22665,0.10386,-0.02213,-1.4179,-0.11865,-0.12356,2.2924,0.10269,-0.040306,0.45075,0.38766,0.16311,-0.29867,0.47308,-0.04989,-0.054686,0.084558,-0.087739,0.17471,-0.11639,-0.10438,0.15362,0.38815,0.34793,0.10034,0.072717,-0.17024,0.073206,-0.046319,0.21568,-0.20329,-0.19863,0.1958,3.1663,-0.15889,1.0987,0.33037,-0.15048,-0.020667,-0.073582,-0.042513,-0.18697,0.25525,-0.14507,-0.21658,0.040812,-0.2568,0.11085,-0.023853,-0.1211,-0.25499,-0.0030854,0.13041,-0.10038,0.099389,-0.032756,0.18127,-0.063634,-0.12974,-0.3326,0.0066931,0.56141,-0.33606,-0.028992,-0.065764,-0.064164,-0.37118,-0.38519,-0.31014,-0.033738,-0.23526,-0.71889,-0.11991,-0.19254,-0.053165,-0.47568,1.1211,-0.18204,-0.34273,0.081956
TCGA-61-1722-01A-21-1559-20,OV,Primary,35,0.17818,-0.48117,-0.036736,0.072943,0.47687,0.28311,0.056046,-0.17605,-0.60419,-0.0041485,-0.53488,-0.49509,0.64346,0.39963,0.98882,-0.16784,-0.432,-0.071713,-0.0066183,-0.068708,-0.033297,0.41447,0.61607,-0.14344,0.14565,0.10473,0.36552,-0.011322,0.076398,0.42457,-0.36127,0.11191,-0.33597,0.065361,0.064744,0.088937,0.019329,0.41541,-0.013968,0.6241,0.8659,0.0755,0.12643,0.5986,-0.26601,-0.16181,-0.47095,-0.51064,0.20332,-0.034443,0.022628,0.10044,0.087092,1.5608,-0.23412,-0.37826,0.21873,0.15743,2.1267,-0.53983,-0.12287,0.23108,0.2025,0.26476,0.60959,-0.050646,0.075397,2.6423,-0.53924,0.049069,-0.33466,-0.28224,-0.030328,0.34986,-0.17123,1.0885,0.028095,0.31104,-0.00086398,0.23599,-0.16394,0.020925,0.46313,1.0704,-0.58582,0.033258,0.4632,0.23852,0.29585,0.015478,0.70905,0.28506,0.027729,0.26228,0.19648,-0.50493,-0.13139,-0.12877,-0.32767,-0.38275,0.0041226,-0.1306,0.61699,0.1837,0.032034,0.17445,0.45136,-0.26813,-0.27259,-0.32395,-0.013705,-0.20244,0.34174,0.12026,-0.04376,-0.20044,-0.094512,0.25339,0.16527,0.6814,0.10599,0.45678,0.21703,0.52213,0.22615,-0.76514,0.20502,-0.041949,0.48315,-0.22253,0.10161,-0.043557,0.35796,-0.14882,-0.18894,-0.18034,0.16359,-0.079666,-0.42066,-0.14974,-0.43037,-0.50669,0.35385,-1.3428,0.18129,0.0064068,0.049209,-2.3505,0.45811,-0.16612,-1.0659,0.050651,0.52976,0.63067,0.2633,0.23851,-0.45121,0.18246,-0.078957,0.10768,-0.61279,0.023357,0.13701,-0.010534,-0.97171,0.14863,0.29285,0.22541,0.071901,0.097839,0.57625,-0.1751,-0.0048934,-0.38984,-0.5413,0.10158,0.35425,1.1537,0.12996,0.038062,-0.050059,0.037958,-0.31015,0.1264,0.075013,-0.20767,-0.47392,-0.14464,-0.0048485,0.078377,-0.072469,0.045653,-0.10297,0.084104,-0.013448,0.030733,-0.19392,-0.11595,0.055047,-0.11116,-0.070324,0.29938,-0.26909,-0.37297,0.069902,0.2089,-0.11513,-0.14493,-0.24622,0.0028503,-0.3849,-0.28703,-0.14403,0.045486,-0.2364,-0.37988,-0.47014,-0.082735,0.014271,-0.35332,1.3645,-0.10032,0.19331,-0.17456
TCGA-61-1740-01A-21-1559-20,OV,Primary,35,0.17094,0.15258,-0.25126,-0.43179,-0.35242,-0.63408,-0.32936,0.63859,-0.3937,-0.9275,-0.12328,0.78217,-0.42622,1.6173,1.0947,-0.17647,-0.044586,-0.19121,-0.026743,-0.12344,-0.13821,0.24037,0.46658,-0.18386,-0.14092,0.0079338,-0.14434,0.063489,-0.20086,0.18044,-0.79252,0.17835,-0.44427,0.11567,0.0094978,-0.0059939,0.1202,0.19652,0.1444,0.83184,0.37191,0.64699,-0.14405,0.48703,-0.27328,0.17652,-0.026215,-0.49924,0.18536,-0.17798,-0.32127,-0.028241,-0.14578,0.56,-0.56611,0.022012,0.1881,0.11894,0.93067,-0.49804,0.051747,-0.59376,-0.52076,-0.23033,0.1448,-0.16541,0.56592,0.30463,-0.99159,-0.20626,-0.093909,0.14981,-0.80375,0.51119,-0.17881,0.33989,0.44708,-0.3844,-0.079478,0.18071,0.015245,-0.12098,0.25219,0.47648,0.33906,-0.057469,0.10406,0.33383,0.18571,0.15573,-0.19018,1.1279,-0.065309,-0.1401,-0.012924,-0.11564,-0.27338,0.55714,0.039998,0.15552,0.32419,-0.44176,0.13198,0.088487,-0.22915,-0.081504,0.74895,0.063711,-0.04147,-0.77168,0.48993,0.16161,-0.18246,0.031002,-0.10122,-0.36481,-0.12033,-0.36304,-0.026123,-0.51758,0.10826,0.23208,0.05458,1.1682,0.21474,-0.45382,0.37354,-0.38175,-0.20875,-0.21176,-0.0059066,0.10918,0.14057,-0.054139,-0.10369,0.035783,-0.036188,0.68309,-0.41568,-0.17887,-0.023348,-0.2768,0.10985,-0.41549,0.141,1.0643,0.032785,-0.46062,-0.64728,-0.13137,2.6625,0.16069,-0.12127,0.79189,0.36079,0.28788,-0.40323,0.024096,0.031855,0.054563,-0.014964,-0.42861,0.5819,-0.18298,0.92035,0.29074,0.21908,0.20489,-0.3091,0.10647,0.057,-0.30173,0.011062,-0.23366,0.47409,0.44691,-0.073022,3.1031,-0.14371,0.64398,0.43695,-0.078671,0.25224,-0.03941,-0.049348,-0.7457,0.17578,0.069491,0.26807,0.51207,-0.11905,-0.18893,0.079975,-0.026526,0.20043,0.64175,-0.13419,-0.35162,0.076563,0.17596,-0.30802,0.15746,-0.15408,0.98087,0.37643,0.4024,-0.38152,-0.23558,-0.28987,-0.45707,-0.28783,-0.29947,-0.36025,-0.058198,-0.20488,-0.4043,-0.06873,-0.21038,0.12951,-0.40752,1.6681,-0.48255,0.013115,0.68697
TCGA-29-1770-01A-21-1559-20,OV,Primary,35,0.1025,-0.25235,-0.093315,0.49581,-0.014249,0.2046,0.0096419,0.8516,0.93252,-0.17305,-0.44367,-0.04517,0.80222,1.5202,0.31171,-0.30466,-0.24799,-0.47903,-0.16556,-0.2147,0.47124,-0.055575,0.26257,0.62539,-0.18868,-0.14565,0.41523,-0.038417,0.072841,-0.80197,-0.28508,0.0031026,-0.29328,-0.15576,-0.15288,-0.20983,0.12245,-0.0014475,0.17094,-0.015961,0.56975,-0.57956,-0.021868,0.74229,-0.31558,0.83331,-0.43498,-0.7036,0.2481,-0.29034,-0.028954,-0.1695,-0.28068,0.58826,-0.74105,0.42195,0.99414,0.26989,1.5857,-0.55017,-0.038528,0.67745,-0.12927,0.038844,0.23645,-0.22001,-0.51214,1.8354,-0.0091965,-0.16293,0.098792,-0.023071,-0.58894,-0.5677,-0.089708,1.8578,-0.1375,0.58072,-0.11296,0.070915,0.21398,0.29608,0.10677,0.35482,0.80704,-0.20101,0.010987,-0.2027,-0.026917,-0.11608,0.29041,0.33703,-0.26779,0.35385,0.49388,0.67437,0.5536,-0.05659,-0.2452,0.43502,0.4736,-0.2511,0.18325,0.045244,-0.23411,0.39062,0.43132,-0.018971,-0.11503,0.78526,-0.15984,0.86884,1.0009,0.23785,0.54878,-0.56739,-0.17236,-0.66597,0.31945,0.38429,0.25683,-0.57463,-0.092035,1.0694,0.011973,0.5402,-0.32883,0.0074619,0.48777,-0.10321,0.16265,-0.29225,0.35759,-0.27723,-0.13376,0.046214,0.30375,0.067372,-0.26739,-0.17795,-0.72932,-0.47004,0.43245,-0.3716,0.53557,0.018226,-0.091339,-0.093586,0.63102,-0.048805,0.55496,0.46629,-0.019523,1.936,0.48964,-0.085602,-0.23586,0.60497,-0.14142,-0.33781,0.1412,0.52949,-0.01416,0.17673,-0.25232,0.34603,0.081112,0.18295,-0.08455,-0.046611,-0.092998,0.2219,-0.21299,0.1146,-0.40802,0.12183,0.49169,1.028,-0.13615,0.75381,0.54589,-0.042262,0.13977,0.054999,0.11945,0.38883,-0.52274,-0.24869,-0.25974,0.10195,-0.27654,-0.0040406,0.04172,-0.14899,-0.34508,-0.24808,-0.22014,-0.19935,-0.055858,-0.37025,-0.27665,0.23076,0.39669,0.70164,0.14278,0.38154,-0.25318,-0.13601,-0.073409,0.052671,-0.22735,-0.25634,-0.24738,0.0039101,0.10262,-0.67132,0.07944,-0.012936,0.064006,-0.6025,1.4921,0.2601,-0.27588,0.22249
TCGA-29-1783-01A-21-1559-20,OV,Primary,35,0.054406,-0.065548,0.079769,0.55514,0.28028,-0.56158,-0.71492,-0.082825,-0.46995,-0.86049,-0.78459,-0.092871,0.36832,0.72824,0.67784,-0.1321,-0.32744,-0.089811,0.21987,-0.18042,0.29198,-0.11929,1.2377,0.28465,-0.22623,0.093947,0.45741,-0.22946,-0.17484,-0.63133,-0.096603,0.0010168,-0.43987,-0.19023,0.2108,0.072289,0.39862,0.32846,0.13421,0.27591,0.52653,-0.21591,0.081557,0.71962,0.20256,0.25003,0.18302,-0.85075,0.55211,-0.12453,-0.024863,-0.085249,0.17542,1.1303,-0.36271,-0.13248,0.91645,0.22624,1.1632,-0.1308,-0.076092,-0.066926,-0.1489,0.085752,0.094717,-0.098388,0.56074,1.7779,-0.39566,-0.014424,0.37361,-0.31491,-0.36299,-0.085791,-0.12668,1.1809,0.32938,-0.075302,-0.14887,0.23785,-0.038784,0.052088,0.57453,1.1438,-0.20358,-0.19685,0.17632,0.47473,0.1218,-0.16864,0.014126,-0.2134,-0.19359,-0.092623,0.24722,-0.34708,-0.0036832,-0.16549,-0.47603,0.16429,0.017673,-0.69013,-0.27271,0.035714,-0.18499,-0.099436,0.2624,0.1745,-0.28239,0.079029,-0.24489,-0.0020852,-0.0098943,0.095216,0.0070583,-0.51813,-0.1891,-0.22532,0.17842,0.36858,-0.070937,0.3585,-0.071029,0.76031,-0.42113,-0.065061,-0.40583,0.18981,0.84825,-0.10887,0.057734,0.070414,0.11789,-0.019872,0.13054,-0.17777,0.42551,0.53566,-0.20276,-0.061534,-0.33811,-0.32165,0.37878,-1.2981,0.10692,0.19311,-0.042854,1.409,0.17715,0.059636,2.5121,0.12557,0.18724,0.97699,0.34205,0.2147,-0.28906,0.63129,0.021218,0.19772,-0.019486,-0.025204,0.039739,-0.060645,-0.1619,-0.034929,0.61433,0.087645,0.031287,0.12496,0.1444,0.063482,0.28468,0.35322,-1.6462,0.16006,0.040546,2.8039,-0.1788,0.36203,-0.14878,-0.022647,-0.038252,0.11889,0.11239,0.59907,-0.020726,-0.12776,-0.08708,0.25742,0.11832,-0.079662,0.040207,-0.17189,-0.0023717,0.14792,-0.036079,-0.18686,-0.020591,0.051317,-0.22478,0.09574,-0.18973,-0.23429,0.26841,1.2239,-0.24969,-0.18133,-0.25142,-0.12442,-0.4445,-0.3254,-0.18569,0.017748,-0.10688,-0.34734,0.075776,-0.092884,-0.0068343,-0.36245,1.3895,-0.074098,-0.11318,0.48396
TCGA-24-1846-01A-21-1559-20,OV,Primary,35,0.10713,0.13507,-0.34623,0.35926,-0.11471,-0.98174,-1.2368,0.26389,-1.1886,-0.51124,-0.057196,0.43023,0.49816,-0.10027,1.4931,-0.20547,-0.14597,-0.11573,0.070228,0.1994,0.37281,-0.11424,0.79283,0.55115,-0.53337,-0.0040768,1.1365,-0.10448,-0.2065,0.6142,-1.5706,0.083065,0.054924,0.013713,0.22331,0.0089496,0.088074,0.15075,0.31677,2.3992,0.31106,0.18741,-0.16346,0.25658,-0.25435,0.39661,-0.026785,-0.72487,-0.11916,-0.2175,0.35735,-0.13932,-0.26006,0.66176,-0.3703,-0.17583,0.74819,-0.037653,2.0209,-0.16728,-0.15724,-0.77999,-0.26014,-0.049684,0.24415,-0.12337,-0.47773,0.048317,0.51429,0.035147,0.11726,0.073125,-0.03231,-0.096751,0.044502,0.47886,0.79658,-0.13691,-0.019857,0.27741,0.13168,0.094401,-0.28643,0.18448,-0.48144,-0.034371,0.17666,-0.5528,0.19285,-0.072989,0.083718,-0.16041,-0.1191,-0.36716,0.13189,0.98539,-0.048665,0.22719,-0.47397,0.036703,0.17049,0.21109,0.56991,0.031012,0.14052,-0.1148,0.43827,0.83239,-0.22685,-0.5816,0.0089628,-0.65729,-0.45583,0.33263,0.21222,-0.23832,0.056725,-0.52392,0.59529,0.18274,0.53162,0.11456,0.038882,0.63896,0.078643,-0.43473,-0.32532,0.46573,1.4115,0.19807,0.00056051,-0.091088,0.03979,-0.083579,-0.2159,0.79321,0.4261,0.45123,-0.43116,-0.21625,-0.44699,-0.4676,0.2902,-1.2707,0.15499,-0.12249,0.0043668,-1.7438,-0.62503,-0.23367,-0.61247,0.12428,-0.28987,-0.61478,0.022321,0.21243,-0.39895,0.94662,-0.14697,-0.028867,-0.48415,-0.68855,0.52056,-0.17598,-1.0579,0.40801,0.4457,0.29152,-0.083271,0.1346,-0.12858,-0.24383,-0.093887,-0.32231,0.6894,1.1061,-0.44682,1.3532,0.1912,0.12385,0.81106,0.37152,0.37238,-0.18935,-0.081199,-0.17744,-0.35855,0.3636,-0.078053,0.22201,-0.16768,0.63986,0.52464,0.35596,0.48315,0.88903,2.0634,-0.086481,-0.063558,1.1985,1.839,-0.13695,0.0093412,0.83569,0.092677,0.71724,-0.14995,-0.14997,-0.078342,0.079979,-0.34819,-0.21867,-0.33612,0.025735,-0.33413,-0.59474,-0.457,-0.1249,0.96877,-0.33724,2.0468,0.21859,0.3865,0.48967
TCGA-30-1869-01A-21-1559-20,OV,Primary,35,-0.12407,0.015529,0.22326,0.52776,0.80002,0.21961,0.18961,0.8934,-0.55661,-1.1055,-0.43464,0.25724,0.97424,0.73502,0.4557,-0.22397,0.036456,-0.22949,0.24443,0.06695,0.97161,0.18893,0.49224,-0.43527,-0.69114,-0.092155,1.1863,0.035503,-0.28977,-0.040618,-0.077344,-0.063412,0.0034592,-0.15484,0.11112,0.10424,0.82395,0.13036,0.32099,1.5534,0.48133,0.8467,-0.1211,0.51207,0.13504,0.12422,0.34808,-1.1906,0.58622,-0.46595,-0.67792,-0.22987,-0.22427,0.59263,-0.27278,0.35283,-0.55769,-0.28544,0.013886,-0.58633,0.23643,-0.46628,-0.39119,-0.70265,1.0831,-0.37861,-0.22312,1.4957,0.17768,-0.13142,-0.057156,0.47935,0.22389,-0.2753,0.10547,1.0972,0.33278,0.16857,-0.4098,0.162,0.39636,0.1269,0.60921,-0.29285,1.4699,-0.66165,0.061072,-0.013904,0.13015,-0.26757,-0.35756,0.15517,0.11893,-0.14214,-0.18875,0.5023,-0.27505,0.2041,0.37016,0.68658,0.16697,0.24158,0.31857,-0.18803,-0.037008,-0.48167,1.2239,0.25451,0.26114,-0.58961,0.61031,-0.15259,0.21545,0.14829,0.39176,-0.45209,-0.18799,-0.91636,-0.36956,-0.21544,0.15261,-0.38851,0.048451,1.7563,0.47467,-0.086925,-0.41137,-0.16521,0.83154,0.24552,-0.30775,-0.23507,0.121,-0.40888,-0.063281,-0.54844,0.052716,0.74037,0.3048,-0.13928,-0.093624,-0.5822,-0.14086,0.012736,0.37205,1.0142,-0.19626,2.4289,-0.96251,-0.26618,1.4391,0.22527,-0.42009,-0.82839,0.7168,-0.16164,-0.14451,0.45333,0.42923,-0.49356,0.029921,-0.038477,0.40039,-0.27333,-0.39477,0.5976,0.42816,-0.14823,0.097975,-0.32421,0.025852,0.12638,0.34694,-0.37002,-0.83916,0.63465,-0.55758,1.2404,0.26763,0.16145,0.47427,-0.31067,0.03325,-0.45509,-0.22787,0.17378,-0.69959,-0.10367,0.27823,0.023925,-0.39651,0.090544,0.35436,0.099192,1.1909,1.407,0.35782,-0.38456,-0.032625,0.31848,0.090571,0.28593,0.30111,0.61274,-0.1602,0.35975,-0.60795,-0.21533,-0.11021,-0.059705,-0.149,-0.41407,-0.52854,-0.13087,-0.51652,-1.0882,-0.22458,-0.41124,-0.24808,-0.71416,1.8609,-0.55396,-0.54388,0.6278
TCGA-61-1903-01A-21-1559-20,OV,Primary,35,0.17965,0.16148,-0.15535,0.11329,-0.42336,-1.1225,-0.81417,-0.37823,-0.93407,-0.54773,0.0086553,-0.60224,-0.69941,-0.054607,-1.9729,-0.26605,0.25719,-0.063672,0.019015,-0.17034,-0.87086,-0.16912,0.15585,0.018105,0.014773,0.16337,-0.23594,-0.39089,0.28815,-0.40402,-1.5579,0.18739,0.071349,0.069174,0.513,0.19565,-0.43317,0.39481,-0.24355,2.1424,0.13809,0.11962,0.012921,0.88967,-0.32348,0.45847,1.1729,-1.8501,-0.63737,-0.33655,-0.10495,0.044119,-0.08976,0.8371,-0.33887,-1.0593,0.65209,0.20001,-0.24903,-0.20992,-0.33207,-0.97741,-0.97604,-0.43411,-0.2922,-0.53705,-0.071006,0.27119,-0.62626,-0.20554,0.070111,-0.46559,-1.3741,0.28299,-0.30153,1.9094,0.4099,0.31465,0.047605,0.18214,-0.48208,0.0721,-0.00047224,-1.2117,-0.28927,0.37882,-0.054954,1.0703,0.29771,0.10952,0.61846,0.71712,-0.94647,-0.025237,0.047298,-0.046237,-1.3668,0.63773,-0.20576,0.75707,0.055347,-1.1781,-1.2402,0.031699,-0.20484,-0.21621,0.33063,-1.6568,0.011616,-0.65283,0.20703,0.2912,-0.13408,0.26634,-0.028803,0.027693,0.17609,-0.57369,0.19856,0.11456,0.26407,-1.9888,0.32564,0.50217,-1.6151,-0.14167,0.40229,0.12191,-0.56113,-0.37148,0.33947,-0.36528,0.26819,0.12148,-0.35075,-0.8049,0.54315,0.45957,0.04175,-0.039935,0.083348,0.044016,-0.1715,-0.49206,-0.077344,0.47986,0.062238,0.10785,-0.70837,0.12801,-1.4758,0.12016,0.091049,1.5401,-0.18978,0.030841,-0.4761,1.1373,0.60198,0.21513,-0.64562,-0.59369,0.31202,-0.016584,1.8394,-0.58268,-0.099756,-0.99052,0.10186,0.19018,0.071545,0.28144,-0.053398,-0.07139,-2.9699,0.61336,-0.19718,-0.31159,-0.27904,-0.92245,1.2132,0.21775,0.48117,0.027209,0.1411,-0.011473,-0.42824,-0.015881,-0.18438,-0.32333,0.052202,1.1521,1.2206,0.55374,0.076109,0.39881,3.3839,0.50863,0.2219,0.83643,2.9952,-0.58671,0.15061,0.54565,0.50747,0.12961,0.13946,0.29245,0.42482,0.42296,-0.095446,0.15667,-0.083296,0.097769,-0.869,0.39772,0.77646,0.22409,0.20235,-0.40297,2.3642,-0.17782,-0.13225,1.4062
TCGA-61-1916-01A-21-1559-20,OV,Primary,35,0.042714,-0.56797,-0.2541,0.44636,-0.16227,-0.14323,-0.2432,0.060148,-0.66391,-1.0461,-0.35128,-1.1178,0.84751,-0.032587,-0.21082,-0.37242,-0.11836,-0.86759,-0.20553,0.053524,0.0037012,-0.37985,0.38479,0.5478,-0.45992,-0.022481,0.94423,-0.031121,0.053692,-0.69593,-1.2257,0.17722,-0.10227,0.057745,0.097153,-0.048566,-0.17428,0.2107,0.085937,0.66368,0.1161,0.39264,-0.16551,0.5705,0.15903,0.20283,0.018993,-0.98171,0.91696,-0.36807,0.059139,-0.19076,0.35273,1.0791,-0.19713,-0.23471,0.64445,-0.28819,3.1717,-0.35513,-0.55188,-0.014533,-0.28094,-0.075936,0.11203,-0.030333,-1.2094,1.1916,1.4281,-0.37888,0.3989,-0.67027,-0.36788,-0.70557,-0.16111,1.5727,0.67243,0.60907,-0.069648,0.0037613,-0.12105,0.37551,-0.17634,0.68347,-1.5221,-0.12592,0.25484,-0.028963,0.16296,-0.32767,0.36753,-0.23113,-0.4278,0.50329,0.73155,1.254,0.16566,-0.10538,-0.28099,0.22653,-0.040575,-0.84651,-0.24362,0.17998,-0.26278,0.027209,-0.059256,-1.5034,-0.098899,0.92215,-0.55563,1.163,0.95749,0.17293,0.67185,-0.27342,-0.18051,-0.68941,0.43166,0.074278,0.35538,-0.40204,-0.082653,0.82012,0.014609,0.040362,-0.22349,0.10252,0.13146,0.033061,0.49747,-0.32496,0.22063,0.47307,0.1788,0.24224,0.60779,0.28808,-0.23283,-0.1242,-0.21837,-0.48922,0.31645,-0.23238,0.047053,0.68162,0.15708,-1.0622,0.57056,-0.085951,-1.6559,0.29118,-0.14832,1.0471,0.16926,0.019497,0.17251,0.87769,-0.25552,-0.012432,-0.35856,0.53214,0.04067,-0.22296,-0.45689,-0.26502,0.22416,0.30343,0.30657,0.058185,0.007476,0.24628,0.040952,-0.36952,-1.0624,0.21891,0.097747,3.0121,-0.14826,-1.1531,-0.43366,-0.010627,-0.22967,-0.035382,0.0022808,0.4377,-1.0435,-0.37099,-0.2466,-0.10287,0.082444,0.033332,0.32752,-0.036926,0.14021,0.13767,0.054166,-0.12396,-0.048161,0.37275,0.18179,-0.22665,0.21059,0.24863,0.66099,1.0403,0.0019532,-0.14428,0.2215,-0.00070102,-0.24426,-0.080243,-0.093342,0.097363,0.19538,-0.58196,0.078181,-0.10566,0.24955,-0.38456,1.7337,0.072303,-0.097716,0.24277
TCGA-31-1944-01A-21-1559-20,OV,Primary,35,0.14859,0.11972,0.049636,0.21643,-0.18968,-1.0051,-0.63959,-0.42384,-0.99647,-1.0103,-0.6157,-0.35524,-0.17355,0.29265,-0.028203,-0.21443,-0.25234,-0.64369,-0.15765,0.046823,-0.58344,-0.0072733,0.063838,0.036064,-0.0079769,0.065985,0.1384,-0.10113,0.092304,-0.3922,-0.059237,0.1614,-0.016991,0.041158,0.28958,0.12686,0.12299,0.44475,0.10443,0.49036,0.81815,0.62584,0.015001,0.38914,0.63659,0.52872,0.41491,-0.84148,0.37091,-0.51356,-0.21649,0.030534,0.37815,0.26753,-0.36708,-0.91471,1.064,0.096015,0.42251,-0.32356,-0.42022,-0.80801,-0.64166,-0.23943,-0.2791,-0.14613,0.11767,2.6663,-0.61032,-0.23456,-0.021924,-0.037427,-0.62081,-0.055376,-0.16607,0.079715,0.4828,-0.44993,-0.19904,0.26159,-0.22923,-0.032034,-0.034123,0.93436,-0.562,-0.20759,0.29396,-0.1485,0.23941,0.17359,-0.13465,0.080596,-0.055181,-0.1534,0.12791,0.12242,0.10881,-0.062868,-0.52809,-0.077633,0.19128,-0.89007,-0.28937,-0.067866,-0.16102,-0.052884,0.2278,-0.058895,-0.19354,0.28745,0.19985,0.057231,-0.13157,0.065935,0.32912,-0.02638,-0.13483,0.35789,0.15595,1.4019,0.18071,-0.5847,0.10829,-0.078592,-0.80312,0.21488,0.052948,0.46495,1.5483,-0.38084,0.21654,-0.11234,0.39081,-0.19904,0.35282,-0.41929,0.39917,0.3976,0.09963,-0.13878,-0.43657,-0.81801,0.53692,-0.2692,0.21525,0.19088,0.11844,-0.80629,-0.87786,-0.098129,2.3424,0.40328,0.026968,0.2695,0.29352,0.15422,-0.33643,0.66135,-0.035692,-0.019735,-0.46915,-1.0235,0.1198,0.048724,-0.66204,-0.14203,-0.10872,-0.18559,0.023775,0.094637,-0.035077,-0.055818,-0.063408,-0.37041,-1.6621,0.51048,-0.054803,1.9658,-0.18787,-0.063175,1.1106,0.10247,0.52631,-0.028991,0.033332,0.069845,0.51168,0.63402,0.082093,-0.28005,0.051771,0.023488,0.12361,-0.091345,0.13069,0.17869,0.19149,-0.070564,0.1883,0.16713,0.15068,-0.15253,0.27655,0.26788,0.43554,0.26472,0.091339,-0.035897,0.070055,-0.0091237,-0.28638,-0.032724,-0.13727,0.12443,-0.2668,-0.052524,0.18791,0.15132,-0.038676,-0.39705,1.383,-0.086846,0.00040355,0.93531
TCGA-61-2009-01A-21-1559-20,OV,Primary,35,0.15681,-0.14288,-0.24228,-0.30324,0.66508,0.20377,0.27247,-0.71728,-0.79064,-0.87097,-0.19581,0.77346,-0.48318,-0.017905,0.46557,-0.15863,-0.0080665,-0.33046,0.15679,0.05026,-0.043165,0.077056,0.14144,0.26103,-0.14062,0.06863,0.21384,0.025999,0.057808,-0.64214,-1.3303,0.13082,-0.16013,-0.16813,0.034843,-0.04086,0.34788,0.30715,0.28185,1.2644,0.44818,-0.27562,0.12549,0.45649,-0.41701,0.38846,-0.061322,-0.0181,0.26826,-0.2913,-0.1648,-0.041427,-0.2854,-0.94611,-0.49999,-0.2025,0.95811,0.087923,1.4168,-0.066806,-0.21408,-0.55979,-0.195,-0.10896,0.13489,-0.055262,-0.5125,0.95232,-0.32754,-0.053953,0.45976,-0.00024833,-0.28531,-0.092723,-0.1082,0.58971,-0.35599,-0.11729,-0.15061,0.25041,0.090082,0.11796,0.087657,0.55055,-0.31459,0.18675,0.21962,-0.19757,0.12026,-0.039821,-0.028671,0.35196,-0.057625,0.52012,0.17847,-0.058452,0.35677,-0.27316,0.42135,-0.1917,0.62054,-0.57134,-0.13701,0.17909,-0.18424,-0.046886,0.25195,0.049997,-0.1069,0.060647,0.37584,0.5057,0.67312,0.13763,-0.099641,-0.53064,-0.16964,-0.018432,-0.042025,0.16423,0.032748,-0.37959,-0.03369,-0.36583,0.055425,-0.15468,0.089585,0.025197,0.35042,-0.14122,0.088919,-0.15548,-0.021268,-0.016352,0.030404,0.264,0.10094,0.10164,-0.14252,-0.059443,-0.47603,-0.46385,0.3432,-0.29349,0.012008,0.0019226,0.013782,-0.2343,-0.47025,0.20131,-1.717,0.18952,0.14366,0.8997,0.47812,0.038795,-0.34153,0.20569,0.12113,-0.11109,-0.18966,0.040439,0.33339,0.093374,0.60262,0.14831,0.14618,0.15014,0.054575,0.1003,-0.060888,0.074471,0.0024596,0.68153,-0.98303,0.80705,0.031677,3.2006,-0.058551,0.75325,0.50844,0.066937,-0.041501,0.13473,0.16836,-0.76641,0.054011,-0.35704,0.082923,-0.011613,0.16334,-0.033766,-0.039029,-0.066929,0.059244,-0.14779,-0.26495,-0.055129,0.082413,1.303,-0.19843,-0.014,0.063214,0.3838,0.10738,0.25739,-0.11411,-0.13755,0.044677,-0.15672,-0.29588,-0.20442,-0.15266,0.04695,0.28416,-0.10239,-0.27131,0.058431,-0.22912,-0.30032,0.98825,-0.082973,0.026165,-0.52502
TCGA-61-1724-01A-21-1559-20,OV,Primary,35,0.22656,-0.24243,-0.21905,0.0083378,-0.42616,-0.070934,0.091422,-0.19734,-0.27857,1.1682,0.50809,-0.41668,-0.35233,0.097006,-0.50042,-0.038525,-0.21234,-0.48628,0.18519,-0.033782,0.10386,0.2988,1.1062,-0.11933,-0.512,0.10827,0.55751,0.15242,0.019489,-0.81494,-1.0687,0.16862,-0.3277,-0.11149,0.030535,-0.034267,0.025318,0.28391,-0.014554,0.21414,0.64748,-0.18195,-0.16909,1.0431,0.34396,0.97676,0.011731,-0.36057,1.0462,-0.12222,-0.28965,0.048202,0.1391,0.45452,0.1416,0.5711,1.0677,0.093002,0.36016,-0.47278,-0.13752,0.088429,0.011928,0.036575,0.29169,-0.20578,-0.52681,0.80094,0.22564,0.016536,-0.27867,-0.37705,0.03299,0.43567,-0.06473,0.51114,-0.19199,-0.21946,-0.071341,0.1865,0.11073,0.11106,-0.23834,0.4726,0.50292,-0.24133,0.12798,0.47066,0.25192,-0.41983,0.033672,-0.067819,-0.14221,-0.11594,0.46669,0.15073,-0.068494,-0.14231,-0.23479,0.73826,0.95735,-0.71267,-0.30915,0.24238,0.083693,0.23792,0.68745,-0.30863,-0.02585,0.4764,-0.057746,0.0746,0.072264,0.010855,-0.087585,-0.56963,-0.03009,-0.16674,0.19812,-0.36102,-0.16687,-0.35149,0.094708,1.8669,-0.41548,0.79327,-0.069581,-0.28053,0.098715,-0.095485,0.22125,-0.093603,0.39783,-0.017898,0.28921,0.83407,0.56018,0.14901,-0.20228,-0.20451,-0.4407,-0.71777,0.77904,-0.71439,0.61647,-0.00061761,-0.012029,-0.60763,0.565,-0.22865,1.3021,0.49935,-0.23407,0.28007,0.13893,0.21339,-0.091691,0.42461,-0.24326,0.0040695,-0.10098,0.001793,0.89986,-0.40639,-0.84273,0.13251,-0.34018,0.38037,-0.057887,0.11709,-0.032577,0.3652,-0.22319,-0.041072,-1.7598,0.68921,0.038574,-0.34771,0.11564,1.2049,0.77063,0.074841,0.84098,0.0080933,-0.007936,0.1396,-0.13135,-0.061046,-0.067359,0.27305,-0.12132,0.16175,0.16683,0.048975,0.03708,0.27222,-0.20004,-0.13956,0.027363,-0.33822,0.16573,-0.23227,0.46337,-0.017641,0.18259,0.66719,-0.28135,-0.21781,0.30772,-0.064059,-0.35603,-0.17613,-0.19782,-0.037836,-0.024676,-0.45451,0.036186,-0.088013,0.045149,-0.44292,1.6507,-0.32478,-0.10846,-0.5563
TCGA-61-1743-01A-21-1559-20,OV,Primary,35,0.0096564,0.14455,0.037082,0.5019,1.1287,-0.14577,-0.28572,1.1461,-0.066546,-0.3112,-0.16365,0.37131,0.9688,1.3206,-0.27713,-0.44517,-0.37733,-0.59885,0.059606,0.10352,0.83363,-0.01966,0.43053,0.35234,-0.64798,-0.041022,0.6121,0.087023,0.12385,-1.3053,-1.1884,0.12657,-0.074306,-0.085929,0.010182,-0.04171,0.94757,0.4677,0.052605,-0.0362,0.44377,0.35415,-0.021085,0.83141,-0.018324,0.33964,0.47639,-0.98199,0.99115,-0.33629,2.3231,-0.084425,0.42943,1.2134,-0.17687,0.46462,-0.36118,0.33869,2.6893,-0.36356,0.13461,0.57942,3.7194,3.3569,0.069145,-0.0052714,-0.74689,3.287,-0.44735,-0.16442,-0.10421,-0.35371,0.42872,-0.49417,-0.063886,1.601,0.10086,0.88782,-0.23115,0.036127,0.20023,0.23515,-0.046462,0.55276,-0.52299,-0.10869,0.055038,-0.50114,0.43584,0.29787,1.3368,-0.15214,-0.49179,0.11081,0.66505,-0.25136,0.25487,-0.017046,0.014014,0.20964,0.020928,-0.89221,-0.49806,0.26769,-0.25253,0.22855,0.23128,-0.52431,-0.21536,0.76362,-0.35918,-0.13678,0.19372,0.20706,0.65745,-0.28849,0.042043,0.30965,0.50607,0.68731,0.38575,-0.46994,-0.041441,1.9235,0.23439,-0.20853,0.17727,0.014002,0.91873,-0.25586,0.41489,-0.1774,0.55438,-0.48943,0.31856,0.60311,0.57764,0.22645,-0.53108,-0.23954,-0.55815,-0.63682,0.45682,-0.49508,-0.0061037,0.27107,-0.1601,-0.028483,0.72061,-0.23938,-1.5645,0.15084,-0.21078,0.019973,-0.31959,0.089681,-0.36668,0.71621,-0.021586,0.010881,-0.70435,0.67795,-0.23238,-0.34341,-0.72992,-0.3197,0.68523,-0.051478,-0.15968,0.059472,-0.12328,-0.23334,-0.12137,-0.51267,-0.25134,0.00058676,0.397,2.1429,-0.24834,1.7044,-0.13296,-0.048275,0.34669,-0.18827,-0.08258,0.18124,-1.104,0.36213,0.28993,0.8569,-0.12335,-0.0077405,0.368,-0.020483,0.027201,0.17452,-0.1453,-0.18579,-0.028812,0.15388,-0.19472,0.030275,0.039303,0.49611,0.60749,1.0186,-0.29573,-0.2451,0.24577,-0.19414,-0.3932,-0.091073,-0.29186,-0.0070803,-0.10317,-0.4782,-0.052299,-0.13185,0.096852,-0.3968,2.349,0.14751,-0.22283,0.68593
TCGA-29-1771-01A-21-1559-20,OV,Primary,35,0.049001,-0.6065,-0.31259,0.13205,0.20025,-1.0524,-1.1719,-0.047437,-0.5287,-0.94898,-0.34651,-0.1625,0.45756,-0.032955,0.78975,-0.13482,-0.37388,0.025291,-0.095117,0.15886,0.20612,0.024621,-0.20429,0.176,-0.046093,0.091759,0.91962,-0.084703,0.039299,-0.54962,0.74467,0.15202,-0.23586,-0.34479,0.28402,-0.040152,-0.16791,0.25174,0.039672,0.87568,1.3715,-1.6518,0.015182,-0.26087,-0.26675,-0.038037,0.3603,-1.2003,0.30381,-0.1919,0.26243,-0.055799,-0.15111,1.2299,-0.090542,-0.15691,-0.59631,0.088719,0.36632,-0.25659,-0.49598,0.020707,-0.51377,-0.21435,0.76218,0.027131,1.9568,1.5989,0.89207,0.201,0.055672,-0.20787,-0.27168,0.044131,-0.011695,1.4783,-0.096835,0.17824,-0.20634,0.34808,-0.16144,0.22477,0.53367,-0.08846,-0.28969,-0.12406,0.08154,0.21848,0.17431,-0.12123,0.44831,0.20229,-0.4323,0.20073,0.1805,-0.51555,-0.27612,-0.47932,-0.14666,-0.27911,-0.0029025,-0.29071,0.22929,0.10836,0.094101,0.017848,0.25553,-0.088369,-0.36013,-0.6109,-0.20028,0.61982,0.34298,0.25315,0.10815,0.046507,-0.00033916,-0.033136,0.26682,0.6382,0.27514,-0.15764,0.21943,0.4163,-0.084332,-0.29581,-0.52966,0.26396,1.4146,0.097442,0.15755,-0.28183,0.025065,-0.073649,-0.16983,-0.58914,0.4479,-0.13454,-0.14158,-0.055684,-0.55831,-0.17971,-0.35418,-1.517,0.24175,-0.4602,-0.09755,-2.3115,-0.011609,-0.0071093,1.8711,0.087409,0.026315,0.27229,0.178,0.070328,-0.29807,1.3083,-0.077601,0.16222,-0.40307,0.14101,0.09252,0.063585,-0.019017,-0.17512,-0.014406,-0.071643,0.026954,0.14621,-0.13251,-0.11994,-0.128,-0.483,-0.15383,-0.035672,0.19789,1.8475,0.30824,1.2191,-0.11154,0.29972,-0.23008,0.26307,0.1977,0.99435,-0.25918,-0.1144,-0.37755,0.15117,0.20685,0.18447,0.12657,-0.06682,-0.084783,-0.1936,-0.17551,-0.24603,0.066868,0.25265,0.02769,-0.030069,0.011876,-0.47148,0.35477,-0.12721,-0.10476,-0.26416,-0.095581,0.29564,-0.25548,-0.21562,-0.13453,0.051189,-0.30501,0.16851,-0.14881,0.11825,-0.21492,-0.23186,1.4148,0.25859,0.038727,-0.76117
TCGA-29-1785-01A-21-1559-20,OV,Primary,35,-0.05766,-0.33073,-0.14324,0.19087,0.17369,-0.24121,-0.42906,-0.018622,0.46146,0.22101,-0.36258,0.41625,-0.71156,-0.31507,-0.055119,-0.24912,-0.28851,-0.77016,-0.030251,-0.14327,0.81077,-0.20935,0.48807,0.0069736,-0.59871,0.045512,0.78886,0.052097,0.11653,-0.46066,-1.2485,0.039108,0.074275,0.20455,0.12992,-0.031222,-0.174,0.21352,0.22155,0.39826,0.18759,1.3302,-0.085242,0.96084,-0.10028,0.48334,0.26276,-0.9909,0.52308,-0.061206,0.093768,-0.151,-0.10126,1.4576,-0.53052,-0.059107,1.2085,-0.10313,1.3073,-0.60762,-0.018323,0.37881,-0.09083,0.046717,0.54839,-0.23683,-0.35596,2.0568,1.0813,-0.31272,0.042896,-0.77589,-0.226,-0.0018601,-0.016674,1.6431,-0.17189,1.936,-0.29346,0.198,0.23218,0.30334,-0.30445,0.76688,-0.44496,-0.63274,-0.025172,-0.014602,0.15462,-0.16011,0.42807,-0.13432,0.033411,-0.34484,0.6531,-0.49363,0.419,-0.39121,-0.55055,0.23412,0.67047,-0.5123,-0.16494,0.11486,-0.30381,0.11538,0.11865,0.22017,-0.16214,0.67966,0.050088,0.18414,0.39988,0.21338,0.22146,-0.52402,-0.16493,-0.56621,0.27345,0.053516,0.02979,0.093461,-0.16011,1.5998,-0.012114,-0.35589,0.024226,-0.090434,0.80298,-0.12832,0.11169,-0.0123,0.5784,-0.33999,-0.23726,0.23384,0.63557,0.37223,-0.47558,-0.17598,-0.53241,-0.53207,0.10838,-0.63183,0.1836,0.98394,-0.16817,-0.67629,0.29322,-0.19667,-1.0582,0.31214,-0.30209,1.2944,0.182,-0.027353,-0.46685,1.0317,-0.28628,0.029941,0.0086935,-0.017159,-0.00092979,-0.32091,-0.39518,0.41991,0.93596,0.41512,0.10804,0.066644,-0.38173,-0.058199,-0.015061,0.55373,0.30769,0.16633,0.25659,2.6149,0.025895,0.56241,0.28834,-0.084618,0.093939,-0.16008,-0.13224,-0.17433,-0.10742,0.49899,-0.062525,0.46451,-0.35056,0.099789,0.064658,-0.042446,-0.00033005,-0.16229,0.38733,-0.17733,0.081818,-0.096566,0.45012,0.13161,0.099737,0.55351,-0.1284,0.81889,-0.34807,-0.1388,0.053918,-0.088992,-0.36771,-0.26302,-0.40889,-0.028348,-0.13895,-0.58063,-0.11522,-0.26375,0.18438,-0.31233,2.0048,-0.080322,-0.12232,-0.26032
TCGA-24-1850-01A-21-1559-20,OV,Primary,35,0.1169,-0.48676,-0.025954,0.60087,-0.42584,-0.39179,-0.075732,-0.12735,0.44119,-0.55914,-0.20175,-0.63087,0.26632,-0.024718,0.21615,-0.29732,-0.23501,0.50567,-0.21415,0.022758,-0.019882,-0.095564,0.72043,0.36512,0.091818,0.11639,0.082944,0.1452,0.089891,-0.33875,0.64139,0.17706,-0.079253,-0.058325,0.049512,0.1043,-0.12839,0.33158,-0.030846,-0.58585,0.78199,-0.12362,0.019167,0.43972,-0.32599,0.29553,-0.78993,-0.89946,0.027153,-0.28531,-0.099638,-0.0011698,-0.1787,0.88292,-0.36183,-0.23863,1.2186,0.14908,0.11791,-0.46043,-0.23547,-0.030086,-0.47434,-0.20277,0.32766,-0.059604,1.1022,1.8953,-0.21059,0.026182,0.38195,-0.055893,-0.50952,-0.03839,-0.10305,1.3715,0.079986,-0.02809,0.0063436,0.24414,-0.11944,0.33905,0.071572,0.48916,-0.23269,-0.27323,0.21394,0.24882,0.12714,0.010892,0.46211,0.027042,-0.2635,0.62611,0.17291,0.54679,0.10004,-0.19461,-0.21228,0.069201,-0.068813,-0.37394,0.27631,0.02249,-0.097491,0.18395,0.37145,-0.15817,-0.27397,0.29904,-0.79423,0.64799,0.64268,0.1594,-0.12497,-0.37077,-0.13852,-0.39744,0.2356,0.8269,0.22142,-0.35916,0.020846,0.62803,-0.16594,0.44413,0.017901,0.020114,0.68817,0.014283,0.06937,-0.090749,0.074364,-0.12789,0.076812,-0.12812,0.30537,0.14239,0.02881,-0.063839,-0.57653,-0.38289,0.10522,-1.2218,0.39338,-0.01747,-0.0096668,-0.89192,-0.17271,-0.1215,4.1486,0.34813,-0.1412,0.69363,0.47343,0.22613,-0.42381,0.44005,-0.087751,-0.032182,-0.13512,-0.13726,0.011196,0.01637,-0.65492,0.10796,-0.24912,3.0306,0.14877,0.18766,-0.19753,0.14202,-0.055177,0.4714,0.61598,0.38926,0.25548,0.90182,0.0089126,0.54036,-0.047972,0.036555,-0.18528,-0.050738,0.055786,-0.2632,0.097226,0.13803,-0.27004,-0.070166,-0.090573,-0.00073056,-0.057482,-0.10999,-0.023126,-0.061295,-0.17488,-0.1461,-0.021821,-0.27906,-0.084738,0.29191,0.3108,-0.72419,0.34192,0.40971,-0.16415,-0.16457,-0.037267,0.78566,-0.12473,-0.14777,-0.237,0.03302,-0.089226,-0.35248,-0.22739,-0.0014091,-0.18807,-0.39378,1.1069,0.33761,0.045362,-0.013403
TCGA-25-1878-01A-21-1559-20,OV,Primary,35,0.19239,-0.14591,-0.12931,-0.50907,0.16827,-0.61424,-0.33188,-0.38977,-1.1184,-1.1111,-0.20082,0.55073,-0.13021,0.062212,0.94222,-0.18809,-0.021303,0.26623,-0.1576,-0.078341,0.37441,-0.020765,0.88434,-0.10447,-0.10985,0.037085,0.53536,-0.024783,-0.057521,-0.25329,-0.65367,0.054147,-0.35233,0.046172,0.04755,0.030175,0.5805,0.32738,-0.06929,0.80113,0.46336,0.45335,-0.013328,0.0024927,-0.16935,0.22199,0.50429,-0.33509,0.58854,-0.32951,-0.13322,-0.022407,0.16961,0.83289,-0.3678,0.20042,-0.18682,0.13407,1.5088,-0.10119,-0.13777,-0.71626,-0.12784,-0.12187,-0.30775,-0.096413,-0.1068,1.5004,-0.87559,-0.2582,-0.19379,-0.41245,0.0031433,0.46548,-0.12429,-0.48556,0.19539,-0.4791,-0.13621,0.20994,-0.1672,-0.11998,0.19777,0.41443,0.03278,-0.11998,0.2252,0.033001,0.1683,0.24761,0.0093441,-0.13313,0.13143,-0.11567,-0.26319,-0.84925,-0.19175,0.018796,0.080743,-0.0094933,0.24313,-0.64923,0.18225,0.0067304,-0.12862,-0.2649,0.2287,-0.46442,-0.12439,0.77119,-0.24389,-0.25246,-0.43499,0.19734,0.087658,-0.22385,-0.10375,-0.31,0.10159,-0.1295,0.32812,0.28126,-0.081285,0.9865,-0.2461,-0.28834,0.10602,0.029163,0.34473,-0.49505,-0.13067,-0.16843,0.067159,0.0078582,0.060663,0.28903,0.074111,0.33575,-0.065594,-0.036482,-0.23766,-0.7605,0.33938,-0.50428,0.035626,0.4481,0.22172,-1.0612,-0.69021,0.073122,-1.3401,0.0011809,0.025108,0.61697,0.03098,0.175,-0.49759,0.12312,0.25727,0.22776,-0.11975,-0.27564,0.30208,0.0032566,-0.085868,-0.16885,0.39909,-0.13393,-0.065876,-0.04996,0.04539,0.036321,-0.023605,-0.48523,-0.26861,0.40686,-0.09764,2.0739,-0.20504,0.051773,0.35835,-0.068864,0.16781,0.11219,0.076961,0.40469,0.10318,0.42434,0.13224,0.30472,0.167,-0.13363,0.142,-0.19249,-0.06313,0.089475,0.33734,-0.16875,0.020069,0.48867,-0.19283,-0.13616,-0.16957,0.10186,0.24462,0.70319,-0.11102,-0.082212,0.10705,-0.020966,-0.19573,-0.16543,-0.037666,0.044709,-0.073102,-0.14348,-0.17871,-0.037163,0.21078,0.047685,0.05844,-0.14571,0.23282,1.5763
TCGA-61-1906-01A-21-1559-20,OV,Primary,35,0.10899,-0.15546,-0.36218,0.14851,-0.30708,-1.0225,-0.82323,-0.31689,0.32496,-0.44383,-0.45189,0.049886,0.6576,0.59217,0.5497,-0.32888,-0.26118,-0.27469,-0.1673,-0.035347,-0.21142,-0.24037,0.38107,0.6509,0.17305,0.053995,-0.03268,-0.22715,0.047622,-0.88524,1.5405,0.31987,-0.024464,0.023586,0.093949,0.045409,-0.2837,0.33873,0.031639,0.086686,1.1188,0.19926,-0.015992,0.41432,0.34747,0.26313,-0.27493,-1.1922,0.44332,-0.24125,0.26041,-0.015748,-0.10541,0.68087,-0.26632,-0.64855,0.60324,0.056207,0.57161,-0.20855,-0.35919,-0.16182,-0.40721,-0.0027959,-0.075774,-3.368,0.2269,1.1554,-0.5678,-0.11206,0.59469,-0.29323,-0.75642,-0.51915,0.007454,1.604,-0.047815,0.07757,-0.18211,0.24448,-0.32569,0.3199,0.39626,0.020942,-0.17965,-0.16033,0.028576,0.0074787,0.1631,-0.042212,0.69473,0.35318,-0.24781,0.72888,0.26178,0.16307,0.095525,-0.24398,-0.55641,0.060081,-0.16247,-0.7185,0.049404,0.068564,0.16715,0.10407,0.82874,-0.31217,-0.11632,0.14697,-0.18042,1.5631,1.2659,0.20326,0.10893,-0.17798,0.056782,0.12521,0.48538,1.1457,0.92439,-0.60628,0.061503,-0.047639,-0.38632,0.48829,0.051673,0.54022,1.3357,-0.094015,0.32559,-0.14996,0.14734,0.026824,0.23938,-0.2928,0.47825,0.13461,0.04967,-0.11157,-0.34855,-0.72019,0.029145,-1.3974,0.27006,-0.14393,0.062197,-2.2492,-0.18843,0.0033735,4.6313,0.26918,0.01005,0.86803,0.46318,0.18143,-0.50938,1.1528,-0.1736,0.021732,-0.41973,-0.31921,-0.038978,-0.040222,-0.73542,-0.3278,-0.42806,0.74832,0.15105,0.18498,-0.031681,0.22427,-0.086708,-0.8138,-0.2975,-0.12909,-0.013859,1.2758,-0.066516,-1.348,-0.19339,0.15727,-0.073558,0.14345,0.13498,0.27894,-0.53006,-0.34056,-0.79282,-0.32317,0.20781,0.037886,-0.013531,-0.12906,-0.14652,-0.14138,0.13763,-0.15236,0.27357,-0.33683,0.19925,0.07508,0.1234,0.25087,0.7588,-0.10113,0.0056336,0.024591,0.044221,0.10245,-0.18146,-0.11798,0.13149,0.075868,-0.25812,-0.29059,-0.31384,0.11618,-0.33493,-0.26292,1.054,0.61912,-0.02825,-0.060089
TCGA-61-1918-01A-21-1559-20,OV,Primary,35,0.066498,-0.13637,-0.35127,0.053283,0.40557,-0.61767,-0.83541,0.40896,-0.64498,-0.49516,-0.35017,0.35727,0.31677,-0.069032,0.91502,-0.28572,-0.55611,-0.54072,-0.057521,0.15304,0.79111,-0.039214,0.30249,0.052655,-0.11997,0.1197,1.3885,-0.011014,0.1879,-0.72321,1.2686,0.16462,-0.27872,-0.26286,0.011967,0.056382,0.0108,0.40937,0.26824,1.8437,1.3115,-0.65155,-0.031621,0.55526,0.088475,0.42248,0.80774,-0.68387,1.0025,-0.54746,-0.16891,-0.0075574,-0.16659,1.0355,-0.33813,0.44126,0.48687,-0.052041,1.0086,-0.24046,-0.21888,-0.1894,-0.26481,-0.12662,0.86049,-0.10431,-0.086999,1.7405,-0.17806,-0.27494,0.093315,-0.22246,-0.036004,-0.17737,0.031544,1.322,0.13665,0.38993,-0.31527,0.2526,0.30709,0.10102,0.61683,0.9211,-0.21751,-0.47151,0.10824,0.30309,0.19603,0.025194,0.36582,0.28859,-0.14279,-0.12522,0.12514,-0.44525,-0.04031,-0.33946,-0.14807,0.19833,0.7553,0.09486,0.6007,0.20273,-0.10076,0.035666,0.31765,0.17546,-0.024222,-0.42624,-0.41672,-0.49171,-0.38727,0.17895,0.11195,-0.29951,-0.067224,-0.28867,0.10889,0.6197,0.11193,0.12286,0.063437,1.8423,0.078941,0.13598,-0.40383,0.20961,1.1827,0.11823,0.0030993,-0.14115,0.46587,-0.17339,-0.0067697,-0.32303,0.24075,0.069148,-0.17021,-0.012964,-0.35252,-0.66096,0.25333,-1.3572,0.34378,-0.41345,-0.090553,-1.9495,0.13853,-0.14193,3.4805,0.36108,-0.057004,0.37198,0.26293,0.050462,-0.39968,0.73215,-0.097861,0.022026,-0.14155,0.16799,0.10153,-0.053749,-1.103,0.068872,0.91583,0.99658,0.084305,0.029697,-0.17306,0.14552,-0.040582,-0.48717,-0.71655,0.21157,0.37419,2.7294,0.19967,0.31398,-0.11019,-0.045233,-0.0098917,-0.17297,-0.0043217,-0.25948,-0.33385,0.14681,-0.091351,-0.18445,-0.14631,0.099235,-0.0089592,0.050261,0.19994,0.29779,-0.2123,-0.084654,-0.096963,0.0013801,-0.031978,0.11773,0.10463,-0.1334,0.4579,0.61668,-0.29024,-0.1669,-0.2439,-0.042956,-0.25947,-0.28123,-0.12168,-0.001748,-0.18596,-0.66628,0.10431,-0.037046,-0.058302,-0.27304,1.0811,-0.14695,-0.35754,-0.099576
TCGA-31-1950-01A-21-1559-20,OV,Primary,35,0.16442,-0.74051,-0.34872,0.30737,-0.17794,-1.0215,-1.2457,0.16266,-0.031063,-0.47199,-0.31583,-0.29643,1.0791,-0.68485,0.86357,-0.17088,-0.51194,-0.17973,-0.32862,0.20828,-0.26681,0.01547,-0.3949,0.55278,0.37627,0.14493,1.5476,-0.1039,0.15465,-0.86655,2.1651,0.25281,-0.1845,-0.17059,0.054009,0.078298,-0.66197,0.31319,-0.016552,-1.0274,1.3754,-0.53868,0.068749,-0.27916,0.16396,0.22881,-2.2749,-1.6706,-0.77984,-0.18748,-0.18452,0.10071,-0.29676,0.56261,-0.15651,-0.3567,0.62101,-0.10614,0.35,-0.2974,-0.598,-0.24458,-0.22594,-0.29881,1.8628,-0.019957,0.37856,1.4112,0.74581,0.023044,0.65418,-0.14738,-0.23271,-0.33709,0.037411,1.6341,0.1365,0.26082,-0.012343,0.27456,-0.19714,0.29843,0.15313,0.35414,0.083824,-0.32861,0.26181,0.69547,0.21336,-0.1468,0.61174,-0.014057,-0.12627,0.097801,0.14834,-0.28602,0.53197,-0.40053,-0.28208,-0.21251,-0.021424,0.47175,0.90867,0.2114,0.34037,0.062468,0.8636,-0.12224,0.06059,-0.63148,-0.8863,0.56185,0.77356,0.090886,-0.03153,0.17317,-0.027579,-0.11338,0.079226,1.1309,0.076729,0.098811,0.11648,-0.50542,0.18139,0.22351,-0.32825,0.46547,1.447,0.34951,0.18642,-0.51683,0.32828,-0.025136,-0.0013859,-0.69757,0.1818,-0.4572,-0.17592,0.18924,-0.49177,0.47111,-0.44891,-2.2946,0.26451,-0.39506,-0.0028139,-2.9669,-0.22233,-0.028529,2.6709,0.064904,-0.029925,1.5119,0.56454,0.027921,-0.57336,1.1226,-0.21155,0.09741,-0.42033,-0.00092716,-0.38564,0.19935,-0.92061,-0.27216,-0.50473,0.31719,0.3902,0.056797,-0.13809,0.055321,-0.15617,-0.57917,0.26676,-0.27904,0.42248,-0.99465,0.64096,-0.65348,-0.68901,0.11795,-0.27914,0.076705,0.18013,-0.36345,-0.23166,-0.66007,-1.0195,-0.53349,-0.11076,0.30189,0.010706,0.1908,-0.33059,-0.24274,0.028253,0.10003,0.079771,-0.56787,0.2921,0.069044,-0.072178,-0.76801,0.72381,0.050681,-0.37919,-0.1898,-0.28715,0.086374,-0.071759,-0.24806,0.36082,-0.03098,-0.61396,-0.61469,-0.40715,0.11506,-0.19951,-0.20115,-0.42892,0.26174,-0.22982,-1.111
TCGA-61-2012-01A-21-1559-20,OV,Primary,35,0.35325,0.37167,0.030696,0.28288,-0.44908,-1.2746,-1.1428,-0.90782,-0.5701,-0.72312,-0.10033,-0.16612,-0.25466,0.76801,-0.38246,-0.41614,0.10786,-0.52531,0.417,0.13037,-0.98416,-0.0064265,0.78216,-0.022223,0.10485,0.023618,1.1923,-0.84143,0.01113,0.25968,-0.7269,0.21418,-0.23865,0.28003,1.2932,0.19997,-0.44937,0.39167,-0.10867,1.3603,0.2114,1.2438,-0.027441,2.1372,-0.0060137,0.26695,-0.090794,-1.9652,-0.12562,0.15202,0.2939,-0.059722,-0.17733,1.362,-0.50441,-0.45288,0.56506,0.085099,1.8733,-0.4044,-0.33515,-0.69238,-0.98339,-0.14148,-0.21382,-0.091818,0.72024,2.8725,-0.77537,-0.10803,-0.017991,-0.71159,-0.73519,-0.43287,-0.10375,0.83873,-0.27584,-0.31164,-0.0053654,0.28755,-0.062106,0.38147,0.29913,-0.37944,-0.33871,-0.17646,0.28122,1.2007,0.19272,0.056283,0.052579,0.6871,-0.53019,0.12722,-0.066007,0.47584,-0.84928,-0.10741,0.3055,0.40808,-0.10972,-1.1901,-0.79514,-0.050299,-0.20135,0.16742,-0.21027,-0.82372,0.089299,1.1745,-0.1,-0.077483,-0.0094601,0.070154,0.065033,-0.46779,-0.20467,-0.15959,0.28254,0.35016,0.18831,-1.4636,0.16233,1.1614,-0.47296,0.014595,-0.024711,-0.032831,-0.12604,-0.45875,0.22322,0.10296,0.49154,-0.086772,0.059318,-0.52947,0.63299,0.12852,0.089205,-0.010797,-0.25613,-0.12926,-0.17985,-1.839,-0.020307,0.53046,0.16599,-3.2553,-0.67071,0.066061,-0.78033,0.039286,0.21914,1.1822,-0.071085,0.26105,-0.2065,0.23361,0.55323,0.3436,-0.77635,-0.86637,0.1706,0.013145,-0.63187,-0.52343,-0.18387,-0.4463,0.12473,0.10997,0.15421,0.088318,-0.038206,-0.45302,-1.8449,0.16972,0.28029,-1.7884,-0.24221,-0.64454,0.1565,0.2635,0.29859,0.28737,0.23283,0.28919,0.23866,-0.011599,-0.22888,0.0056412,0.30201,-0.18922,0.21287,-0.19101,-0.28925,-0.2512,-0.074686,-0.15136,-0.025396,0.22995,-0.026984,-0.0015032,0.047603,0.50641,0.43089,-0.28635,0.41394,0.23204,0.2264,0.25747,-0.097884,0.075323,0.034743,0.22414,-0.26303,0.093442,0.094901,0.23131,0.05807,-0.1347,1.5106,0.15,0.3464,0.40953
TCGA-61-1727-01A-21-1559-20,OV,Primary,35,0.092158,-0.29491,-0.14472,0.74898,-0.32566,-0.33413,-0.26273,0.30975,-0.57557,-0.63873,-0.62987,-0.16363,-0.47141,0.0089379,-0.19552,-0.18673,-0.035497,-0.082803,-0.065359,0.10045,-0.73473,-0.23204,1.0517,0.035202,-0.60201,0.078988,1.3034,0.19002,-0.080491,0.25687,-1.9683,0.14827,-0.51807,-0.31012,0.050332,-0.15513,0.53579,0.29515,0.14351,0.21173,0.44479,-0.25848,-0.29139,0.15505,-0.1874,0.41768,-1.5997,-0.42662,2.6212,-0.30874,0.18232,-0.14177,0.3166,2.0266,-0.0055963,-0.022013,-0.61393,0.17208,0.80258,-0.24927,-0.11678,0.1904,-0.20777,0.0029618,-0.32543,-0.036963,-0.82351,-0.47037,-0.82282,-0.22223,0.016304,-0.29058,0.16351,1.5555,0.070357,1.158,0.79261,0.3782,-0.38633,0.093984,0.1055,0.31743,0.61934,1.9751,0.35044,0.25539,-0.16926,-0.39364,0.21687,0.036135,0.60287,0.01618,-0.39412,0.19957,0.43693,-0.63099,-0.33076,-0.19157,0.070682,-0.093592,0.24746,0.085672,0.90402,0.24313,-0.24805,0.087902,-0.17102,-0.22056,-0.064745,1.7378,-0.48814,-0.25064,-0.2632,0.22873,0.33146,-0.47735,0.051539,-0.33779,0.29881,0.25107,0.56796,1.126,-0.17903,1.5568,0.17554,-0.8882,0.21909,-0.24698,0.27237,-0.21096,0.12958,-0.15555,0.28241,-0.0064141,0.067807,0.42624,0.4299,-0.17299,-0.59725,-0.12014,-0.14417,-0.30894,0.084711,-1.0653,0.037716,0.26066,-0.10978,-2.0911,0.44796,-0.023064,-2.2081,0.38275,-0.010589,-0.1221,-0.5216,0.13858,-0.33537,0.68233,-0.023428,0.055425,-0.12533,0.26942,0.56433,-0.26309,-0.067918,0.1582,0.57043,0.42541,-0.10939,0.15358,-0.077826,-0.03998,-0.23034,0.50908,-1.0927,-0.060263,0.34411,4.3825,-0.16676,-1.8151,0.24156,-0.012043,0.27299,0.10226,0.079286,0.10911,0.59592,0.19061,0.41808,-0.093058,0.10889,-0.062349,-0.056687,0.09325,-0.17956,0.08646,-0.093526,-0.21672,-0.11552,-0.74715,-0.45462,0.05246,0.25902,0.94236,0.32411,0.62921,-0.13997,0.009139,0.096907,-0.22033,-0.27194,-0.036502,-0.18676,0.0027599,-0.0227,-0.23661,-0.39079,0.064464,0.68696,-0.14322,-1.4489,0.17292,0.48643,0.67317
TCGA-29-1761-01A-21-1559-20,OV,Primary,35,0.062329,-0.35976,-0.38154,0.45774,-0.10896,-0.21251,-0.5251,-0.31466,0.39912,-0.52019,-0.49423,-0.13679,1.3509,0.44913,0.083199,-0.46241,-0.067262,-0.23443,-0.28958,-0.12535,-0.055816,-0.11842,0.27125,0.21145,-0.53247,-0.085574,1.4488,-0.19086,-0.25382,-0.95946,-1.0988,0.12164,-0.34193,0.10154,-0.15744,-0.14385,0.45731,0.35206,0.14675,0.75344,0.29217,1.1212,-0.22238,2.2374,-0.22931,0.017903,0.2662,-0.78661,0.73439,-0.40457,-0.050099,0.049056,-0.03756,2.9921,0.23398,-0.21368,1.4058,0.1391,0.019361,-0.38258,-0.060527,0.29264,-0.39375,-0.14985,0.49016,-0.027578,-0.89754,0.19966,-0.75296,-0.18403,-0.22354,-0.20153,0.28954,0.12261,-0.22935,1.0817,0.33439,0.86335,-0.35007,0.04835,0.30345,0.3395,-0.26729,2.0172,-0.40429,-0.14419,0.032949,0.4696,0.070422,-0.41373,-0.056242,-0.27613,-0.24002,-0.051541,0.2413,0.12316,-0.036366,-0.3405,-0.65549,0.098979,0.16849,-0.78481,-0.19775,-0.044958,0.52183,0.037921,-0.17161,0.17517,-0.37045,0.68867,-0.52618,-0.38639,-0.19672,0.29827,0.47234,-0.37905,-0.088926,-0.28526,0.19063,0.29334,0.20568,0.47828,-0.28458,1.2466,0.25332,-0.41632,0.37105,-0.52033,-0.32302,-0.16641,0.040253,-0.32493,1.4731,-0.26611,0.21115,0.38663,0.29818,0.67353,-0.49551,-0.19557,-0.543,-0.6476,0.2516,-0.57937,0.040486,0.93874,-0.29469,2.195,0.70026,-0.090463,-1.2175,0.17555,0.017827,0.96656,-0.026485,0.055456,0.011067,0.47269,-0.38326,0.0090377,-0.13214,0.020837,0.29377,-0.19969,-0.23264,0.13738,0.59549,0.28236,-0.25155,0.08763,-0.06264,-0.25718,-0.17903,-0.58494,-0.52122,0.84482,0.22738,1.0642,-0.071833,-0.70932,1.1149,0.13206,-0.20219,0.14268,0.15061,-0.57681,-0.03921,0.11716,-0.064906,0.50804,0.0825,0.018693,0.053705,-0.086375,0.09469,0.28481,0.048649,-0.22473,-0.18081,0.30947,0.34882,0.33831,0.007639,0.65226,0.0085002,0.98337,0.062536,0.56466,-0.040301,-0.16263,-0.4202,-0.16545,-0.057382,0.098338,0.00037811,-0.29488,0.40554,-0.089459,0.30118,-0.33108,1.2881,-0.04618,-0.091358,0.13622
TCGA-29-1774-01A-21-1559-20,OV,Primary,35,0.081064,-0.041358,-0.1832,0.13141,0.40332,-0.098122,-0.27045,-0.086793,-0.9031,-0.8625,-0.030731,0.35038,0.49312,-0.20835,0.86839,-0.32241,0.031486,-0.38521,-0.042778,0.054958,0.66805,0.044778,0.47237,0.49996,0.31468,0.084395,0.011981,0.07598,-0.064932,-0.98567,-0.50292,0.15353,-0.2543,0.21208,0.24263,0.13776,-0.066828,0.2905,-0.023684,0.6023,1.2159,0.73859,-0.0094107,0.06899,0.0018697,0.090393,0.30352,-1.0815,-0.32039,-0.31812,-0.0654,-0.042166,-0.09733,-0.72032,-0.12138,-1.0064,0.34212,0.28882,1.105,-0.52761,-0.11137,-0.12804,-0.24872,0.0097454,-0.10538,-0.077366,1.2308,1.1058,-0.43829,0.38503,0.24129,-0.2879,-0.10329,-0.52727,-0.022664,0.11337,0.026077,-0.28938,-0.090256,0.27222,-0.028203,0.0068566,0.63189,0.61338,-0.63591,-0.16043,0.29337,0.17519,0.18846,-0.13379,0.01017,-0.0029313,0.037519,0.013144,0.44138,-0.44927,0.43409,-0.02208,0.12072,-0.53466,0.15058,-0.44575,0.086783,0.22278,0.13993,0.018575,0.44095,0.14685,-0.12024,0.54529,-1.1721,-0.9295,-0.85173,0.12281,0.13873,0.056089,0.14244,0.41,0.59957,0.59072,-0.055057,-0.15277,0.12114,-1.3361,0.0057302,-0.52674,0.49711,0.4124,0.86951,0.00054874,-0.039435,-0.22002,-0.061833,-0.20218,0.26563,0.096177,0.23764,0.3758,-0.11729,-0.14056,-0.50613,-0.47877,0.20983,-0.61701,0.10917,0.30643,-0.228,-1.4253,-0.15802,-0.10306,-1.799,-0.062738,0.028947,-0.29856,0.41991,-0.0046364,-0.72996,0.68959,0.097229,0.0075492,-0.49629,-0.50224,-0.13274,-0.13579,-0.22088,-0.082081,0.41809,0.21846,0.083722,0.17541,0.0014557,0.11371,-0.097293,-0.74856,-0.32168,0.050832,0.0062971,0.91329,-0.062794,1.2489,-0.80527,0.077739,-0.23531,-0.027485,0.08996,-2.3224,-0.18738,0.21301,0.041491,0.23201,-0.035658,0.010845,-0.25965,-0.044219,0.47127,0.85648,-0.1095,-0.086088,0.042367,0.036469,0.021542,-0.093122,-0.23343,0.40359,0.58141,0.30667,0.0052526,-0.37538,-0.017808,0.076592,-0.25798,-0.14043,-0.21887,0.11116,-0.081965,-0.24325,0.091118,-0.018718,-0.23908,-0.46777,0.23008,0.2915,-0.24282,0.097456
TCGA-23-1809-01A-21-1559-20,OV,Primary,35,0.064946,-0.30878,0.18549,0.63961,0.77293,-0.30577,-0.69103,0.42403,-0.3881,-0.57906,0.17635,1.1442,-0.14016,0.67678,0.8369,-0.42897,0.060111,-0.89084,-0.19038,-0.080106,1.3251,-0.14495,0.39059,0.51918,-0.21352,0.06656,0.31998,0.042132,-0.02495,-0.95873,-0.62549,0.15112,0.057395,0.41473,0.30666,0.21621,0.26889,0.46897,0.13543,-0.16334,1.179,1.8753,-0.12157,0.24348,-0.085239,0.5897,0.014357,-1.0017,0.027704,-0.29673,0.026373,-0.067481,-0.26315,-1.1856,-0.25412,1.9919,0.20539,-0.16749,0.94826,-0.92878,0.067345,0.0011203,-0.5081,-0.2269,0.049953,-0.18035,0.19314,0.58999,-0.37563,-0.019773,-0.065276,-0.10038,0.68613,-0.68639,0.085552,-0.39376,-0.16289,0.059536,-0.13139,0.19042,0.43551,0.45843,1.2865,0.93177,-0.29163,-0.28941,-0.045186,0.01378,0.19437,-0.45347,-0.48912,-0.024745,-0.34758,0.14062,0.56708,-0.08038,0.38358,0.22981,-0.30955,-0.26257,-0.1255,-0.73264,-0.32678,0.13838,-0.11779,0.1421,0.39195,0.14841,0.020623,0.36894,-0.79268,-0.67502,-0.011434,-0.041229,-0.35073,-0.308,-0.12174,-0.50688,0.24332,0.44283,-0.060279,-0.24876,0.097327,-0.45654,0.46229,0.099229,0.32602,0.026577,0.80449,-0.0557,0.0062694,-0.14681,0.12066,-0.21592,0.63162,0.60168,0.26298,-0.90136,-0.32307,-0.17803,-0.26815,-0.67566,0.50773,-1.237,0.0044506,1.0836,0.0082974,0.29669,-0.12443,-0.14235,1.1103,0.20312,-0.15583,0.49112,0.22466,0.037955,0.077684,0.44751,-0.30633,-0.067243,-1.0236,-0.6865,-0.35297,-0.18939,-1.2058,0.18013,0.51142,1.0745,0.16981,0.12743,-0.044965,0.31414,0.053399,-0.5689,0.67591,0.056697,0.49811,1.7763,-0.19371,1.2951,1.049,0.043316,-0.49027,-0.126,-0.021037,-0.40963,-0.88798,0.50994,0.11713,0.28669,0.019127,0.089589,-0.0080703,0.012771,0.77693,1.4121,0.15447,-0.33268,-0.061789,0.46576,-0.047832,-0.088505,0.089593,-0.37065,0.51351,1.134,0.095337,-0.14278,0.040858,0.1181,-0.423,-0.15611,-0.060623,0.11329,-0.021221,-0.52088,0.37606,-0.11109,-0.039447,-0.32849,1.7679,0.31103,-0.24078,0.7657
TCGA-24-1852-01A-21-1559-20,OV,Primary,35,0.30065,0.12902,0.30861,0.90257,-0.33379,0.23878,0.17553,-0.41606,1.2633,0.23853,-0.62485,-0.53312,1.0003,-0.25012,0.77551,-0.061072,0.0077238,0.13155,-0.08625,-0.071174,-0.15344,0.20606,0.46054,0.13187,0.91192,0.18845,0.87995,-0.29547,0.19645,-0.64443,-1.1825,0.0097266,-0.092732,0.34021,0.26189,0.68284,0.58085,1.0363,0.028685,0.22129,0.15038,0.61527,0.14997,1.7244,-0.40314,-0.092411,-0.19417,-0.24916,0.58483,-0.23272,0.13961,0.094955,0.23903,0.79765,0.046529,-0.81933,0.16593,0.2684,-0.34285,-0.37333,-0.23705,-0.16778,-0.52961,-0.065523,-0.34465,0.054976,1.6318,1.5802,-0.98184,0.33277,0.20288,-1.3855,0.0696,-0.44298,-0.22035,0.63756,-0.34326,0.10921,-0.21627,0.37437,0.21654,0.15836,0.43037,0.56136,-1.6567,-0.047365,0.087621,-0.30914,0.31048,-0.078714,0.95971,0.023608,-0.42434,0.6976,0.20006,-0.40134,-0.47319,0.37029,-0.28388,-0.21366,-0.083518,-1.0484,-0.99257,0.042944,-0.005649,0.38604,-0.74703,-0.45559,0.12661,0.55553,-0.49051,-0.097727,-0.027922,0.24763,-0.089657,-0.24134,0.10606,0.15167,-0.015453,0.076286,0.19633,-0.070762,0.43711,-0.43288,-0.093307,-0.75377,0.3572,0.067364,0.1806,-0.38547,-0.11831,0.085764,0.027217,-0.032961,0.048623,-0.73036,0.34419,0.24741,-0.11846,-0.051565,-0.28023,-0.76338,0.19378,-0.10683,-0.17907,0.32639,0.33917,-2.1117,-0.21412,0.028808,-1.8719,-0.36151,-0.030614,1.1814,0.12116,0.043907,-0.56379,0.57248,0.017183,0.17608,-0.82365,-0.58323,0.14659,0.17155,-0.77919,0.19026,0.45665,-0.46359,0.38558,0.10858,0.19082,-0.038043,0.1816,-0.84813,-2.212,0.216,0.23193,1.623,-0.21455,-0.91501,-0.81284,0.26019,-0.61362,-0.025953,0.11973,-0.19915,-0.6112,0.44877,0.28446,-0.075863,0.064694,-0.089704,0.24524,-0.17149,0.50118,0.75496,0.21515,-0.012835,0.1396,-0.48495,-0.039193,-0.39892,-0.63911,-0.3613,-0.047527,-0.26201,0.19073,-0.66813,-0.26482,0.16355,-0.20674,-0.21507,-0.38842,0.13602,-0.25433,-0.47247,-0.22773,0.036255,-0.54461,-0.84329,1.9248,-0.41017,-0.26316,0.76414
TCGA-30-1887-01A-21-1559-20,OV,Primary,35,0.12734,-0.91275,-0.50306,-0.33194,-0.52738,-0.75693,-0.7603,0.0015527,-0.25592,0.15944,-0.40667,-0.19377,-0.53929,-0.28619,0.087906,-0.27573,-0.4003,-0.37927,-0.052925,-0.20176,-0.082885,-0.44293,0.26451,0.26216,-0.445,-0.17568,-0.24294,-0.25409,-0.18914,-0.48274,-0.59231,-0.019036,-0.45633,0.30022,-0.11317,-0.21418,-1.0265,-0.029336,0.11865,0.73209,0.50718,0.15317,-0.20516,0.8415,-0.40869,0.65473,-0.51912,-1.3529,-0.087283,-0.34775,0.14438,-0.31951,-0.21559,1.3762,-0.39502,-0.51298,2.0458,0.052665,1.0198,-0.27517,-0.11407,-0.24494,0.1247,0.14887,0.26022,0.019802,-0.31864,0.92359,0.29294,-0.18144,0.51893,-0.35616,-0.6655,0.29556,-0.10608,1.3001,-0.091302,0.40075,-0.36371,0.10359,-0.20842,0.18362,0.38334,1.3354,-0.11149,-0.32898,-0.062367,0.080798,-0.03532,0.0036511,0.65678,-0.23766,0.037508,0.095927,0.27124,0.21697,0.31459,-0.1628,-0.53907,-0.03503,0.1527,-0.41023,0.14587,0.18399,-0.22939,-0.19096,0.26479,-0.1742,-0.30368,0.35895,-1.1112,-0.079676,-0.26065,0.22801,0.22697,0.038413,-0.0020955,-0.57405,0.21893,0.3536,-0.12455,0.079606,-0.20961,0.53938,-0.4516,-0.13726,0.37993,0.37048,0.80812,0.16648,0.064457,-0.42012,0.43,-0.011154,-0.29098,-0.1682,0.47053,0.12963,-0.34772,0.0042759,0.047665,0.29158,0.21619,-1.0242,0.11451,0.39158,-0.01271,-2.0088,0.0531,0.0053744,-0.46306,0.60322,-0.19501,0.37339,-0.064261,0.083123,-0.51557,0.27601,0.090618,0.37729,0.23714,-0.1212,0.047079,-0.16987,-0.60605,0.080521,0.098928,-0.18041,0.23028,-0.087694,0.1125,0.2239,-0.0096883,0.87744,-0.30417,0.07703,0.2423,1.7556,-0.060329,0.002447,0.28356,-0.010576,0.46318,0.091083,0.22583,0.38615,-0.13176,0.039493,-0.44898,-0.07325,0.0087923,-0.063009,0.014203,-0.18562,-0.65645,-0.40087,0.12604,-0.20712,-0.23418,-0.14806,0.15358,0.48154,0.49567,0.17099,0.054645,0.34435,-0.017769,0.13991,0.011749,0.77646,-0.14498,-0.25882,-0.035087,-0.010115,-0.21705,-0.46961,0.23219,0.090193,0.83055,-0.2423,1.5798,0.51258,-0.12223,-0.63489
TCGA-61-1919-01A-21-1559-20,OV,Primary,35,0.12478,-0.12246,-0.062796,0.33132,-0.29463,-0.99371,-0.55469,-0.45175,0.26238,-0.42242,-0.65731,-0.64381,-0.28064,0.30054,-0.84184,-0.16378,0.23539,-0.486,-0.19409,-0.25327,-0.60304,-0.095277,0.21951,0.48908,0.13794,0.075541,-0.26071,-0.49564,0.13171,-0.47006,-0.95597,0.075072,-0.16944,0.12283,0.34172,0.13093,-0.15695,0.51664,-0.079263,0.24814,0.60438,0.29264,0.018568,0.47693,-0.022621,0.3655,-0.7567,-1.4915,-0.16014,-0.26972,0.01694,-0.029711,0.39896,0.20581,-0.34323,-1.4472,3.0884,0.23675,0.74627,-0.22599,-0.35464,-0.93498,-0.22154,0.11212,-0.32372,0.021409,0.7752,2.097,-0.9546,-0.0082448,0.65188,-0.61129,-1.0286,-0.02725,-0.17881,1.6062,-0.18424,0.0043674,-0.098653,0.30816,-0.31393,0.24259,1.0512,0.074833,-0.50933,0.0063277,-0.018454,0.032175,0.1651,0.17953,0.79707,0.35661,-0.14811,0.54873,0.03375,0.96067,-0.087791,0.076542,-0.38792,0.21549,-0.065117,-1.0184,-0.41254,-0.12128,-0.2153,0.16935,0.66262,-0.77252,-0.14208,-0.0023028,-0.62748,0.50018,0.2687,0.18265,0.31267,-0.24194,-0.091896,-0.40631,0.22138,0.43689,-0.06041,-2.0539,0.25359,0.43218,-1.0523,-0.15025,-0.017993,0.46807,1.0309,-0.1888,0.30544,-0.064024,0.22587,-0.025744,-0.002616,-0.056601,0.45292,0.22888,-0.055228,-0.047456,-0.097027,-0.50642,0.37372,-0.57682,0.24886,0.225,-0.09358,-0.85454,-0.68943,-0.047636,0.74937,0.45122,0.073575,1.3098,0.41226,0.088687,-0.52732,0.42122,0.41488,0.68213,-0.39097,-0.58167,0.14851,-0.042187,-0.57092,-0.13821,-0.11328,-0.72741,0.19645,0.20611,0.055577,0.20127,0.14808,-0.19905,-0.78557,0.25625,0.075738,0.047753,-0.26558,-0.30608,0.15261,0.092519,0.76177,0.046417,0.078664,0.28092,-0.24982,0.29991,-0.42322,-0.3488,0.19617,-0.14243,0.11601,-0.24667,-0.28782,-0.2703,-0.089614,-0.15689,0.067222,-0.13278,0.084694,-0.042276,0.26248,0.17562,0.38569,0.096086,0.081959,-0.013367,0.38187,0.25284,-0.1154,-0.049439,0.00087521,0.10037,-0.33604,-0.38094,0.040669,0.14877,0.010169,-0.50531,1.7315,0.093552,-0.11837,-0.19726
TCGA-31-1946-01A-21-1559-20,OV,Primary,35,0.057026,-0.36068,-0.1701,0.30811,0.27145,-0.82017,-1.052,0.37875,0.55125,-0.13088,-0.48353,0.064855,-0.35153,0.013338,0.62586,-0.23941,-0.20415,-0.7732,-0.12703,0.055015,0.027372,-0.053972,-0.27941,0.46297,-0.26247,0.050706,1.0251,0.03794,0.20757,-0.1072,-0.44958,0.21675,-0.2772,-0.20938,-0.041489,-0.034058,-0.02429,0.2955,0.17168,0.5235,0.69318,-0.46579,-0.030732,0.31632,-0.15461,0.42343,-0.20477,-0.54393,0.64454,-0.54128,-0.12205,-0.075132,-0.23369,0.61392,-0.28231,0.01563,0.91625,-0.11965,0.94376,-0.14625,-0.21797,-0.10518,-0.36613,-0.26881,1.0403,-0.17322,-0.0027349,0.94205,0.27162,-0.21401,0.50992,-0.0020281,-0.38804,-0.13691,0.059352,1.5215,-0.036499,0.7704,-0.25997,0.24569,0.18823,0.20303,-0.070803,1.066,-0.043133,-0.014379,0.080749,-0.33122,0.10652,-0.22616,0.36818,-0.31089,-0.11394,0.58258,0.23036,0.89896,0.20498,-0.38969,-0.47426,-0.19632,0.46646,-0.22007,0.19106,-0.077074,-0.18832,0.083463,0.31602,0.10685,-0.19497,-0.1013,-0.36044,0.93403,0.97374,0.11704,0.019313,-0.45601,-0.25824,-0.4922,0.20685,0.33972,0.236,0.088737,-0.10638,0.35889,-0.10791,0.10362,-0.48857,-0.047096,0.69684,0.34598,0.22581,-0.048591,0.31503,-0.30251,0.067235,-0.13015,0.29153,-0.17144,-0.25806,-0.055708,-0.7315,-0.44178,0.3269,-1.2213,0.22526,0.053844,-0.14229,-1.3036,-0.17415,-0.00035124,1.096,0.42088,-0.18837,0.39011,0.59349,0.041059,-0.39717,0.55877,-0.37183,-0.30882,-0.3494,0.10056,-0.063927,0.030557,-1.0026,0.20555,0.18491,0.33068,0.16398,0.088827,-0.14244,-0.17552,-0.10806,-0.21225,-0.483,0.23927,0.17886,1.6284,0.20975,0.60981,0.63053,-0.093762,-0.051971,-0.065385,0.0719,0.34103,0.010874,0.090154,-0.18778,-0.11623,-0.13065,0.064738,-0.10295,-0.098644,0.175,0.20535,-0.19432,-0.087286,0.026052,-0.18314,0.081245,-0.12608,0.23944,-0.44956,0.16925,0.069541,-0.24929,-0.28539,-0.34305,-0.01159,-0.47338,-0.40107,-0.36604,0.0020736,-0.29584,-0.48017,-0.24672,-0.10917,-0.15025,-0.42303,0.92795,0.027429,-0.15358,-0.44992
TCGA-61-2017-01A-21-1559-20,OV,Primary,35,0.17133,-0.71304,0.019437,0.45628,0.056985,-1.0864,-0.97014,-0.35752,-0.24158,-0.45576,-0.34976,-0.59877,-0.20604,-0.3967,0.037122,-0.35662,-0.37814,-0.79185,0.051458,0.1189,0.029526,0.065077,-0.63528,0.44661,-0.14217,0.14682,0.56565,-0.25561,0.14486,-0.7061,-0.61375,0.19551,-0.046477,-0.18643,0.050768,-0.069564,-0.16094,0.2994,-0.11014,1.5915,0.75815,-0.97595,0.1974,0.53666,-0.55929,0.091461,0.16261,-1.1173,0.73237,-0.14136,0.58068,0.053815,-0.062008,2.1208,0.35375,-0.56158,0.33829,-0.079911,0.59072,-0.3787,-0.59783,-0.37361,0.77118,0.52216,0.034069,0.14177,1.0547,0.8944,0.46363,-0.005313,0.036503,0.12454,0.11915,-0.27983,-0.0045424,1.6102,0.22547,0.63128,0.052615,0.28102,-0.31098,0.27046,0.17049,0.89553,-0.44009,0.069565,-0.12157,-0.29276,0.1576,-0.087093,0.69677,-0.046174,-0.29042,1.1246,0.60121,-0.084499,0.32315,-0.18224,-0.26011,-0.36629,0.010747,-0.49316,-0.0070817,0.020206,-0.24095,0.093685,-0.074,0.028355,-0.17808,0.079943,-0.65566,0.82903,0.68117,0.29002,-0.085027,-0.038985,-0.055868,-0.30199,0.44278,0.4486,0.17572,-0.47481,-0.051563,0.11784,-0.2516,0.19237,-0.12915,-0.029524,0.1573,0.018033,0.41343,-0.32476,0.40948,-0.23522,-0.33966,-0.48428,0.71894,0.26878,-0.16997,-0.13539,-0.31015,-0.69783,-0.077359,-1.0521,-0.076571,-0.3641,-0.16706,-0.87735,0.14635,0.08031,-0.015411,0.020994,-0.064369,0.3204,0.1337,0.11932,-0.33212,1.3496,-0.098658,0.18956,-0.61714,0.48112,-0.2326,0.11077,0.080245,-0.091091,0.17228,-0.38586,0.22519,0.094506,0.077565,-0.055996,-0.069059,0.4818,-0.67698,-0.050726,0.19293,2.1928,-0.13572,-0.38303,-0.20325,-0.042687,-0.016724,-0.019549,0.075599,1.8108,-0.29442,-0.56132,-0.014958,-0.20202,0.065185,0.048266,0.12796,-0.17374,-0.18778,-0.17322,-0.25344,-0.072233,0.086894,0.11845,0.049305,-0.050811,-0.056568,-0.23329,0.25036,0.6434,-0.19274,0.04184,-0.30552,0.25698,-0.41776,-0.25211,-0.21718,0.0052875,-0.064323,1.4427,0.11122,0.032528,0.022139,-0.42899,-0.03842,0.20606,-0.26697,-0.63264
TCGA-61-1730-01A-21-1559-20,OV,Primary,35,0.18692,-0.36497,0.028178,0.029153,1.1318,-0.36031,-0.4055,-0.34594,-1.3237,-0.47218,-0.004076,0.048875,2.0473,-0.2352,0.0041039,-0.2032,-0.30253,-0.27603,-0.15596,0.039876,0.74646,0.26851,0.52715,0.17574,-0.29256,0.098636,0.14958,-0.038596,0.22759,-0.88262,-0.73915,0.20346,-0.19118,0.16768,0.15314,0.068995,0.2667,0.43928,-0.21339,1.0171,0.92162,0.86856,0.011438,-0.24032,0.067266,0.20695,0.366,-0.74658,-0.27573,0.081517,0.052712,0.15237,-0.1556,1.5732,0.31252,-0.77056,-0.12216,0.080465,0.16314,-0.26094,-0.37471,-0.017941,-0.027075,0.10418,0.099194,0.018016,0.4257,3.878,-0.48482,0.7604,-0.23281,-0.30943,-0.24688,-0.032338,-0.20007,0.35834,0.85761,0.44187,-0.11683,0.16788,-0.080059,-0.092405,0.76474,0.37469,-0.61667,-0.27537,0.36138,0.62344,0.2354,-0.16758,0.33046,0.60572,-0.10682,-0.12994,0.42198,-0.0011945,0.068003,-0.0015249,-0.16766,-0.36954,0.1473,-0.82285,-0.18412,0.39005,0.12079,0.2201,0.8053,-0.29471,0.084754,0.73387,-0.65822,-1.004,-0.68012,0.089797,-0.11958,0.00084013,0.1892,-0.19313,0.27248,0.16757,-0.15339,-0.54472,0.25916,1.616,-0.6791,-0.30876,0.40055,-0.052462,0.3927,-0.20226,0.061875,-0.25811,0.49135,-0.15023,0.75237,0.49707,0.33517,0.21191,-0.31692,-0.1833,-0.24051,-0.71081,-0.026543,-1.3786,0.017618,1.4328,-0.093418,3.7793,-0.020285,0.2766,-0.41253,0.12654,0.063525,-0.0095484,0.18096,-0.035813,-0.17712,1.2938,-0.12923,-0.0068738,-0.12838,-0.10128,0.15534,-0.262,-0.0042107,0.18821,0.11073,-0.49814,-0.28292,0.070364,-0.0081089,0.079931,0.63449,-0.80687,-1.4098,0.15284,-0.18412,-0.59333,-0.18727,0.55171,0.048452,0.12717,0.0066417,0.10666,0.027002,-0.064149,-0.26456,0.21725,0.44524,-0.11257,0.0041058,-0.058278,0.26376,-0.00046102,0.35696,0.86381,-0.13543,-0.11763,0.020371,0.71807,0.03598,-0.33065,-0.17631,-0.085599,0.075261,1.4903,-0.25072,-0.4144,-0.0095626,0.0011824,-0.32806,-0.12457,-0.10919,0.0050038,-0.36167,-0.44696,-0.23945,-0.028936,-0.1562,-0.56538,-0.028083,-0.085694,-0.24706,0.48846
TCGA-29-1762-01A-21-1559-20,OV,Primary,35,0.041785,0.2315,0.55013,1.3873,-0.10921,-0.2722,-0.2625,0.52534,-1.0567,-0.75575,-0.16068,0.45725,0.51144,0.46989,0.4149,-0.26364,0.20956,-0.50225,0.13123,-0.23394,1.5153,0.012741,0.7055,0.6836,-0.20408,0.01144,0.06787,-0.074034,-0.16461,-1.0673,-1.188,-0.10387,-0.43443,0.46658,0.43218,0.28385,0.85857,0.62996,0.0087961,0.35184,0.59853,1.0796,-0.14541,0.5348,0.40348,0.52736,0.0016659,-0.61911,0.47326,-0.19475,-0.21147,-0.0054714,0.0083697,0.16064,-0.14363,1.189,0.27869,-0.085604,0.8758,-0.55356,0.45007,0.15911,-0.51377,-0.17894,-0.16988,-0.1659,0.025905,3.4472,-1.0368,-0.2555,-0.14123,-0.3118,-0.11765,-0.23968,-0.053105,-0.52818,0.1825,-0.28233,-0.078761,0.081898,0.14758,0.15949,1.0824,1.3349,0.097371,0.044069,0.14062,-0.090751,0.26274,0.28084,0.033734,-0.29648,-0.55531,0.34475,0.20959,-0.44156,0.18468,0.69489,-0.78423,0.31105,0.11719,-0.88142,-0.23466,0.096143,-0.072099,0.0096581,0.77212,-1.363,-0.11816,-0.1086,-0.49755,0.74295,1.1311,0.10458,0.19026,-0.084719,0.092423,0.17382,0.2393,0.76516,0.57659,-0.36479,0.097942,1.864,-0.85645,0.52704,0.69871,0.66226,1.8662,-0.0075505,-0.018935,0.18112,0.12903,-0.1852,0.50713,0.37936,0.26468,0.54374,-0.50608,-0.17201,-0.10851,-0.67425,0.5271,-1.0143,0.21017,0.83718,0.09548,0.30641,-0.045027,-0.016252,-1.6056,0.22537,-0.16322,-0.2385,0.419,-0.051282,-0.5211,0.48411,-0.25725,-0.10161,-0.25979,-0.52009,0.15844,-0.22241,-1.3783,-0.058502,0.79505,-0.083484,-0.038731,0.14521,-0.15712,0.027547,-0.11723,-0.40365,-2.0948,0.47151,-0.37138,1.3436,-0.2763,1.3153,0.08197,-0.10807,-0.29626,-0.1983,-0.091788,-0.44692,-0.39311,0.49702,0.34916,-0.023841,-0.1058,-0.061499,0.09498,0.0087551,0.7715,1.745,-0.12463,-0.30335,-0.061991,0.27981,-0.27074,-0.31123,-0.10747,0.13805,-0.11352,0.55085,0.30816,-0.417,-0.00062023,-0.15213,-0.30503,-0.25759,-0.035922,0.20355,-0.18535,-0.78599,0.18655,-0.096893,-0.1469,-0.43323,2.5499,-0.076975,-0.47449,0.45809
TCGA-29-1775-01A-21-1559-20,OV,Primary,35,0.086748,0.12853,-0.02949,1.6932,0.20297,-0.83442,-0.80175,1.2186,0.39244,-0.38937,-0.19775,-0.68035,2.637,0.14792,0.4392,-0.28254,-0.037864,1.3903,0.1532,-0.35824,1.3394,-0.19208,2.1788,0.95283,-0.52558,0.011337,1.5879,0.14544,0.059534,-1.2562,-1.468,-0.27066,-0.14749,-0.27044,-0.070494,-0.036406,0.38122,0.30567,-0.045656,0.83215,0.54322,-1.379,-0.13167,0.117,0.79438,0.01785,-0.5201,-0.4382,0.79691,-0.55794,0.49226,-0.1311,0.48437,2.7573,1.0569,0.37613,-0.64697,0.11831,0.56175,-0.48349,0.065785,0.93247,-0.18602,0.13631,-0.48659,-0.1143,-0.50689,0.48417,-1.3324,0.30544,0.43744,-0.95229,0.029091,-0.25618,0.062759,2.1346,0.099543,0.19411,-0.14619,0.10791,0.68877,0.23273,1.5311,0.71541,-0.32849,-0.20439,0.2854,0.33759,0.14691,-0.18533,0.18637,-0.35057,-0.36454,1.1924,0.45491,-1.2858,-0.16459,0.30843,-0.23102,1.1415,0.32168,-0.61869,0.15071,0.13915,0.11138,0.17852,-0.75086,-0.3342,-0.42083,1.0628,-0.70335,0.70597,0.77041,0.28345,0.62471,-0.26884,-0.10882,-0.81643,0.55116,0.021971,0.73952,-0.75611,0.14705,2.8531,0.0042943,-0.71831,0.038069,0.67575,1.8698,-0.15386,0.27786,-0.12174,0.48802,-0.25787,0.38549,0.9323,0.72854,0.47608,-0.26796,-0.1774,-0.33675,-1.0161,0.62932,-2.1325,-0.05385,-0.10293,0.48946,3.4251,0.45913,-0.080147,-1.6688,-0.2535,-0.049715,0.27423,-0.3033,0.10541,-1.0184,0.96415,0.036446,-0.019055,-0.69195,0.21384,0.40894,-0.21008,-1.1935,0.783,0.97103,0.027455,0.358,-0.062853,0.17873,-0.16883,-0.20485,-0.90749,-1.234,-0.16146,0.35504,1.7635,-0.42373,1.2021,-0.70084,-0.13458,0.090617,-0.10367,-0.019245,-2.1427,-1.0461,0.21516,0.13048,0.01957,0.032624,-0.10155,0.1169,-0.20134,-0.063066,0.38165,-0.30813,-0.27381,-0.059361,-0.019181,-0.42678,-1.002,-0.4401,-0.22416,-0.41685,1.6764,-0.23788,-0.18214,0.45841,-0.074608,-0.59447,-0.46925,-0.27497,0.014595,-0.34654,-0.61891,-0.055747,-0.054765,-0.22477,-0.7238,0.40031,0.1802,-0.44084,0.17278
TCGA-13-1817-01A-21-1559-20,OV,Primary,35,0.069775,-0.21049,-0.15388,0.0052222,0.36,-0.092778,-0.023599,-0.37479,-0.63772,-0.87816,-0.45419,0.32105,-0.57109,0.83669,1.8004,-0.17864,-0.14508,-0.042376,-0.091523,-0.033488,-0.27225,0.015635,0.64918,-0.2601,-0.34852,0.016644,-0.21726,0.049255,-0.18217,-0.40916,-1.7867,0.18095,-0.077334,0.27209,0.077706,-0.069163,0.12092,0.23096,-0.009775,0.15358,0.036794,0.85,-0.058013,0.78128,-0.15041,0.016262,-0.59244,-0.50983,0.032465,-0.17082,-0.29739,-0.082231,-0.21428,-0.79247,-0.29549,0.61906,1.1414,0.1008,0.27419,-0.48681,0.29035,-0.74457,-0.74597,-0.19069,-0.1374,0.071134,0.86582,0.65785,-0.60926,0.38699,-0.052006,-0.38544,0.0039374,0.91782,-0.050058,0.096115,-0.63901,0.028854,0.052481,0.23565,-0.061864,-0.017025,0.83729,0.50444,-0.31044,-0.1145,0.29769,0.27496,0.26322,0.29843,0.30956,0.33142,-0.22676,-0.036225,-0.23578,1.0126,-0.44988,0.0065716,-0.10373,0.88831,0.026482,-0.504,0.072229,0.20445,-0.23552,-0.19036,0.45874,-0.22105,-0.042995,-0.93365,-0.49945,-0.16041,-0.28579,0.2076,-0.19698,-0.49168,-0.082683,-0.21778,-0.061351,-0.6377,0.40353,0.3111,0.063149,2.234,0.0070042,-0.4714,-0.036691,-0.32645,-0.67729,0.071019,-0.21102,0.16878,0.25998,-0.049973,0.1215,0.39734,0.37346,0.24012,-0.38857,-0.072414,0.11096,-0.071294,0.33598,-1.2561,0.068343,0.88649,0.18969,-1.8512,-0.62835,0.038263,-1.5305,0.27659,0.016237,-0.2149,0.15969,0.5868,-0.18373,0.26575,-0.039368,0.1236,0.40202,0.10036,0.24953,0.00023357,0.8294,-0.10357,1.0005,-0.24433,-0.25876,0.11649,-0.018297,-0.016911,0.025088,1.3227,1.1374,0.29449,-0.25697,2.3237,-0.15628,0.57745,0.69265,-0.016814,0.076802,-0.08039,0.018109,0.48928,0.75568,0.19992,0.0013627,0.52343,-0.032356,-0.17643,0.079494,-0.13897,0.095867,0.42952,0.31911,-0.27878,0.066552,-0.6811,-0.31663,0.54275,-0.099172,0.13029,0.39669,1.2809,-0.14954,-0.043607,-0.055078,0.11839,-0.29613,-0.2134,-0.27849,0.035519,0.068005,-0.4904,-0.12031,-0.15825,0.053617,-0.084195,1.7684,-0.47111,-0.076075,1.4697
TCGA-30-1855-01A-21-1559-20,OV,Primary,35,0.066384,-0.27952,-0.076666,0.44669,0.12344,-0.20369,0.11471,0.19912,0.39168,-0.49218,-0.18385,0.18977,-0.4152,0.264,0.75927,-0.16249,-0.23139,-0.12522,-0.033853,-0.20154,0.42286,-0.052004,0.25291,0.14185,-0.302,0.0021935,0.091798,-0.11933,-0.0058693,-0.59431,-0.35948,-0.11051,-0.28638,0.40258,0.14517,-0.040627,-0.029416,0.21658,0.30467,0.21364,0.44993,1.3564,-0.015153,0.84318,0.46107,0.21436,0.58189,-1.0998,-0.033844,-0.27962,0.1208,-0.13562,-0.11779,1.161,-0.24665,0.22195,1.4471,0.16441,1.2975,-0.43056,-0.0035176,-0.017704,-0.62353,-0.15202,-0.20566,-0.082973,-0.29828,2.0928,-0.86966,-0.09568,0.49305,-0.31747,-0.13313,0.30678,-0.21628,1.8663,-0.055484,1.044,-0.099285,0.1461,0.19358,0.29415,0.19528,-0.18519,0.15646,-0.2979,0.076289,0.085781,0.13428,-0.022182,0.64546,-0.25649,0.27875,0.40912,0.16747,0.45787,0.041013,-0.17108,-0.21146,0.66131,-0.097186,-0.21148,0.44848,-0.05776,-0.23787,0.095565,0.25142,-0.32476,-0.13991,0.44501,-0.75323,0.31626,0.3708,0.36859,0.27447,-0.23589,-0.054624,-0.60952,0.017205,0.51504,0.044611,-0.56268,0.0043416,1.0998,-0.30652,-0.208,-0.16562,0.17455,1.2289,-0.161,0.12116,-0.09065,0.34348,-0.10607,-0.21286,-0.79272,0.63836,0.046311,-0.38826,-0.16087,-0.38145,-0.62377,0.16002,-0.31775,0.4815,0.43925,-0.12405,-0.4439,0.2217,-0.19506,0.0051957,0.48803,-0.15951,0.79891,0.25636,0.10257,-0.56412,0.19352,-0.089611,-0.12915,0.2885,0.31118,0.24369,-0.01444,-1.3448,0.56452,0.58602,-0.25066,0.099456,0.18711,-0.16615,0.013299,0.045466,0.056931,0.16594,0.71018,-0.092296,3.4688,-0.33446,0.63969,0.15475,-0.29916,0.3732,-0.23369,-0.040871,0.27246,-0.14283,0.22579,-0.233,-0.00051661,-0.14108,-0.0846,0.12318,-0.18983,-0.24863,-0.027638,-0.43851,-0.23925,-0.035861,-0.066172,-0.38867,0.10319,0.09704,-0.49782,0.15095,0.44567,0.066151,0.073839,-0.25765,0.13037,-0.37666,-0.45413,-0.37727,0.10161,0.069397,-0.63573,-0.15191,-0.055356,-0.020409,-0.36033,2.0044,0.16272,-0.27217,0.16844
TCGA-30-1891-01A-21-1559-20,OV,Primary,35,0.0753,-0.26405,-0.05198,0.21315,0.18101,-0.4051,-0.63795,0.065903,0.062248,-0.6022,-0.44879,0.19789,-0.037812,-0.005707,0.24262,-0.43667,-0.56811,-0.51373,-0.071813,0.12531,1.0044,-0.14115,-0.27108,0.32117,-0.18595,-0.0071106,0.91167,-0.06653,-0.0038675,-0.83416,-0.22698,0.13255,-0.017126,-0.084014,-0.025622,-0.09497,-0.0044516,0.34919,0.28524,-0.82977,0.49318,-0.12851,-0.024043,0.22396,-0.11513,0.47379,0.86692,-1.0065,-0.035801,-0.36232,0.011318,-0.11982,-0.36649,1.5989,-0.37742,0.91259,1.2871,0.081082,1.1852,-0.44948,-0.12085,0.12714,-0.31457,-0.099395,0.901,0.0041678,-0.28603,0.55966,0.41365,-0.10924,0.51491,0.073163,-0.15661,-0.38781,-0.01166,1.8511,0.042664,1.0022,-0.10636,0.17947,0.46711,0.33696,-0.062928,1.1279,-0.11144,-0.35699,0.21349,0.55099,0.17155,-0.36428,0.32886,0.29617,-0.23303,-0.011847,0.12354,0.82287,0.71115,-0.10292,-0.2167,0.071657,0.24197,0.23641,0.53261,0.21837,-0.21484,0.13126,0.56288,0.092862,-0.39378,-0.30493,-0.75218,-0.12719,-0.12716,0.1178,-0.19629,-0.38169,-0.1629,-0.83632,1.0101,0.10527,0.43075,-0.42417,-0.10397,-0.10853,0.040949,0.2444,-0.2914,0.32731,1.1752,0.21873,0.04989,-0.16328,0.3705,-0.12619,-0.21484,0.45887,0.36429,0.31357,-0.30896,-0.061712,-0.69676,-0.39119,0.24861,-1.329,0.51665,0.24266,-0.1213,1.7541,0.28497,-0.10094,2.0822,0.58052,-0.062131,0.78484,0.26186,0.0046857,-0.17636,0.85379,-0.075949,-0.16712,0.20085,0.59081,0.27392,-0.10757,-0.55501,0.46051,0.53562,0.98623,0.48669,0.16353,-0.026838,0.045441,0.12673,-0.058808,0.53512,0.25106,0.26501,3.0285,0.15331,0.31984,-0.033246,-0.049086,-0.28397,-0.072705,0.092038,1.2036,-0.44002,0.53147,-0.20153,-0.43809,0.089261,0.059616,0.0072287,-0.15955,-0.27431,-0.025313,-0.32288,-0.2304,-0.026945,0.039017,-0.010863,0.21892,0.27867,-0.53564,0.60754,0.56458,0.055995,-0.20878,0.018968,0.21472,-0.27465,-0.23977,-0.08638,0.099326,-0.20709,-0.2946,-0.16559,0.15511,0.16476,-0.32238,1.4454,0.72893,-0.065381,-1.1404
TCGA-61-1910-01A-21-1559-20,OV,Primary,35,0.12208,-0.53261,-0.16849,0.77791,0.79382,-0.18152,-0.37764,-0.41275,-1.1347,-0.70551,-0.76986,-0.094318,-0.69703,-0.22825,-1.27,-0.31624,-0.51297,-0.52344,-0.035009,-0.13173,1.2316,-0.074058,-0.35144,0.41421,-0.35921,0.045223,1.3631,0.033985,-0.0027168,-1.1051,-1.2933,0.15864,-0.51735,0.033037,-0.13244,-0.12393,0.027337,0.30688,0.17164,1.966,0.051322,0.55834,0.0087875,-0.17773,-0.14491,0.76751,0.78466,-0.64195,0.50794,-0.56113,0.34246,-0.072897,-0.29634,1.8985,-0.07891,-0.50511,0.68304,-0.059792,1.6634,-0.60032,-0.27595,-0.22269,-0.54118,-0.23272,-0.37538,-0.030292,-0.49519,0.14809,-0.68126,-0.23582,-0.035394,0.03747,0.42655,-0.47116,0.073553,0.65101,0.24321,-0.14379,-0.33107,0.073596,0.20851,0.086119,0.78675,1.1524,-0.76489,-0.25421,0.090939,-0.19481,0.24708,-0.38305,-0.53962,-0.18331,0.35557,0.3123,0.39106,-0.45924,0.64448,-0.13889,-0.92518,-0.40701,0.4406,0.56844,1.2163,0.29239,-0.20321,0.15514,-0.12089,-0.61717,-0.25512,0.1607,-0.97204,-0.63722,-0.35156,0.41012,0.4433,-0.087799,0.11351,-1.1439,0.19583,1.3601,0.53402,-0.63671,-0.16239,2.6124,-0.12255,-0.50656,0.25185,-0.1427,-0.72086,-0.20588,0.026239,-0.38237,0.21164,0.098759,0.41772,0.74206,0.26118,0.58067,0.023224,-0.072684,-0.24289,-0.98786,0.4931,0.46262,-0.17407,0.3613,-0.088999,-2.1026,-0.098986,0.16226,-1.821,0.026429,0.15682,0.058942,-0.013237,0.070488,-0.088192,0.42741,-0.15419,0.050381,-0.51655,0.10318,0.34991,-0.085573,-0.23944,0.75503,1.5183,-0.41456,-0.051045,0.16298,0.0043313,0.078221,-0.18593,-0.050661,-0.86861,0.43263,0.14926,2.5939,-0.23398,0.015518,-0.01527,0.058786,-0.13293,0.25439,0.27552,-0.18473,-0.52593,0.62133,1.0613,-0.010761,0.39481,-0.013042,0.077573,-0.21683,0.39571,0.59457,0.076771,-0.17414,0.0010521,0.34899,-0.20741,-0.20086,-0.20454,-0.65735,0.23396,1.0466,0.43186,-0.10666,0.26504,-0.10323,-0.26692,-0.011502,0.074157,0.22886,-0.22838,0.26162,0.05731,0.16797,0.31235,-0.16382,0.015077,0.44351,0.16697,0.43787
TCGA-24-1920-01A-21-1559-20,OV,Primary,35,0.17644,-0.66578,-0.23928,0.040614,0.065018,-0.053171,0.26959,-0.23699,-0.84055,-1.041,-0.44661,-0.55188,-0.072395,1.1563,-0.27978,-0.57047,-0.46103,-0.61528,-0.067539,-0.048276,-0.21404,-0.10392,0.26129,0.33914,0.18746,-0.017821,0.68903,-0.39847,-0.031305,0.028312,-1.2126,0.16672,-0.24863,-0.009181,0.24644,-0.13566,0.12056,0.23428,-0.15214,0.57045,-0.033948,0.45068,-0.11594,0.85816,-0.61529,0.68822,0.22916,-1.2568,0.12921,-0.10899,0.50636,-0.22704,-0.41672,3.0095,0.48019,0.21827,-0.21129,-0.11885,-0.25255,-0.19393,-0.059281,0.18916,0.52027,0.56067,-0.27237,0.030481,-0.10361,0.30313,-0.53719,-0.21659,-0.017116,-0.51197,-0.6652,-0.44075,-0.2803,1.84,-0.38519,1.0903,-0.13258,0.15731,0.079188,0.39971,0.04843,-0.57612,-0.67555,-0.20379,0.10526,-0.20345,0.080132,0.087343,0.33619,0.45265,0.0026044,0.41514,0.342,0.16521,0.06304,-0.0086018,-0.16683,-0.077251,0.49734,-1.0174,-0.62905,0.044034,-0.16615,0.11087,0.19682,-0.39146,-0.17209,-0.076438,-0.64102,1.0186,0.90582,0.28703,-0.3451,-0.5524,-0.10155,-0.25238,0.60261,-0.1531,0.4108,-0.17061,-0.0030779,0.1334,0.21556,0.33213,-0.037477,-0.012795,0.34791,-0.32276,0.12271,-0.15324,0.39662,-0.15133,0.14322,0.085458,0.50288,0.387,-0.065098,-0.11668,-0.53993,-0.6895,0.66047,-1.3195,-0.0018564,0.53246,0.11737,-0.87663,0.098312,0.10326,-0.88865,0.24253,0.18483,0.70302,-0.082945,-0.012013,-0.35665,0.94077,-0.063751,0.0078829,-0.52264,0.019626,0.21716,-0.1797,-0.01038,-0.27238,0.30319,-0.3937,0.091931,0.067264,-0.15523,-0.12373,-0.095153,0.75193,-0.54998,0.45762,0.32542,1.6748,-0.28075,0.3143,0.86869,0.14401,0.11316,0.19732,0.10979,0.75769,0.077018,0.13168,0.36455,-0.075867,0.32491,-0.21967,-0.22041,-0.34645,-0.25157,-0.29443,-0.2304,-0.29685,-0.057643,-0.45041,-0.073309,-0.003725,-0.0046008,1.0937,0.21865,0.58276,0.20996,0.08419,0.89524,-0.035026,-0.14057,-0.076327,-0.13454,0.16526,-0.066401,1.204,-0.23578,0.13909,-0.0572,-0.17534,1.5789,0.3629,0.36321,0.28737
TCGA-31-1951-01A-21-1559-20,OV,Primary,35,0.031592,-0.12764,0.10897,0.026958,0.39858,-0.79251,-0.60268,1.4033,-0.57517,-1.0056,-0.44772,0.4651,0.74186,0.18703,0.62207,-0.081058,0.10882,-0.36635,0.40104,-0.25427,0.64726,0.0095305,0.74602,0.12719,-0.51567,-0.094659,1.1223,0.0082589,0.083507,0.99863,-0.9036,-0.038747,0.062536,0.17463,-0.056523,0.045821,0.099317,0.24953,0.21539,0.18979,0.03642,1.0979,0.035846,1.5783,0.14436,0.41961,-0.36642,-0.91922,0.81947,-0.28779,-0.15816,0.00508,0.31194,2.5034,-0.52833,-0.0013921,0.70731,-0.0099916,1.215,-0.092519,-0.044631,-0.44869,-0.36058,-0.24208,-0.072383,-0.22282,0.0048401,1.1736,-0.30333,-0.13116,0.058126,0.060559,-0.94015,-0.021457,-0.085708,1.0767,0.35806,0.14163,-0.17717,0.24051,0.11392,-0.17423,0.61557,0.29695,-0.33284,-0.12702,0.17517,0.29784,0.07688,0.15078,-0.20609,0.31807,0.053751,0.2475,0.013499,0.0046903,0.27732,0.11235,-0.44987,0.20956,0.46922,-0.53907,0.085626,0.076878,-0.1933,-0.18998,-0.15107,-0.16876,-0.36248,0.38505,-0.077117,0.66359,0.75974,0.060122,0.42121,-0.1703,-0.17878,-0.65892,0.016989,0.023774,0.31196,0.039895,-0.039063,1.8889,0.034288,-0.075378,-0.28992,0.19966,0.64536,-0.17734,0.089958,-0.068775,0.11664,-0.18595,0.38466,-0.069232,0.35385,0.58299,-0.28466,-0.11578,-0.35803,-0.80982,0.64271,-0.46424,0.15325,0.51438,0.094495,-0.34822,-0.65358,-0.02826,-1.1817,0.2552,-0.1459,0.37596,0.21196,0.10343,-0.25025,0.32719,-0.22385,-0.30696,0.17314,0.39859,0.029841,0.020615,-0.069529,0.27616,0.38957,-0.27998,0.052747,0.020247,-0.085873,0.081761,0.11242,-0.33189,0.40646,0.73239,-0.082383,1.3958,-0.33302,0.54309,1.1881,-0.18696,0.11356,-0.043348,0.032871,-0.41205,-0.4035,0.18749,-0.017677,0.13102,-0.088898,-0.087132,0.2668,-0.094004,0.14071,0.26601,-0.42655,-0.20383,0.056745,0.33364,-0.21862,-0.064324,-0.03899,0.21886,0.35658,1.3884,-0.13366,-0.15321,-0.23062,-0.0808,-0.37577,-0.38392,-0.1872,0.037594,0.035301,-0.5827,0.048339,-0.13609,0.17746,-0.41135,2.2066,-0.28298,-0.049888,-0.39346
TCGA-61-2018-01A-21-1559-20,OV,Primary,35,0.37019,-0.21356,-0.18698,0.45882,-0.27797,-0.031113,0.12155,0.10697,-0.86876,-0.47326,-0.16036,0.056022,1.8981,0.63158,0.55958,-0.41355,-0.2149,-0.43061,-0.26754,0.060953,1.6125,-0.15613,0.37969,0.39297,-0.41819,0.014312,0.80574,0.46098,0.18467,-1.0253,-0.32088,0.052232,-0.0020835,0.065366,0.069181,0.054829,0.41974,0.34517,0.13587,3.3162,0.32121,-0.44166,-0.06612,-0.37094,0.72574,0.45728,1.4181,-0.23222,1.2711,-0.25872,0.079628,-0.05973,-0.25689,1.8555,0.19965,0.14448,-0.69601,-0.12046,1.6597,-0.078874,-0.024463,0.32778,-0.75208,-0.20802,0.0529,-0.1443,-0.23311,0.21713,-0.58215,0.051475,0.14635,0.39403,-0.22577,-0.31582,0.057409,0.60618,0.11341,-0.05839,-0.20041,0.34415,0.45068,0.097455,-0.06946,1.1318,-0.23458,-0.46623,-0.026228,0.32254,0.20249,-0.13104,-0.041604,1.0932,-0.07355,0.013495,0.017209,-0.89756,-0.096584,0.20959,0.19803,-0.16661,0.37175,-0.75981,-0.31367,-0.0068215,0.32288,0.070653,0.62937,0.38948,-0.28423,-0.08299,-0.06659,-0.35738,-0.032417,0.30066,0.64404,-0.17529,-0.030797,-0.74958,0.46687,0.83083,-0.013512,0.15303,-0.016308,1.3493,-0.080444,0.77866,0.063504,0.88189,2.3877,0.14133,-0.034241,-0.13146,0.35193,-0.11701,0.088264,-0.19846,0.15372,0.1317,-0.10048,-0.14118,-0.2987,-0.82619,0.52433,-0.92526,-0.060464,0.26265,-0.027987,-0.83788,-0.14518,-0.13063,1.2653,0.10202,-0.12122,0.15403,0.046247,-0.014197,-0.19581,0.82541,0.14904,-0.13916,-0.16311,-0.23973,0.20637,-0.15631,-0.60416,0.49139,0.92851,0.00080119,0.13182,0.047358,-0.13981,0.023337,-0.033966,-0.40355,-0.23146,-0.14277,0.26722,-1.586,-0.1425,0.44951,0.20425,-0.1333,0.10907,-0.019047,-0.036552,-1.6074,-0.4602,0.032803,0.079862,0.10961,-0.11517,-0.075388,0.21735,-0.085694,0.2302,0.81613,0.0074996,-0.24343,-0.018626,-0.74621,-0.17489,-0.047321,-0.092775,0.78777,0.69583,0.9888,-0.16198,0.027526,-0.20994,-0.0062149,-0.40454,-0.17361,-0.038872,0.027538,0.032127,-0.62138,-0.15203,0.047474,0.053182,-0.12496,-0.63439,0.19794,-0.29749,0.54352
TCGA-24-2020-01A-21-1560-20,OV,Primary,35,0.12251,-0.16925,-0.028657,0.58734,-0.61921,-0.31497,-0.35393,0.1384,0.05526,0.45352,0.29643,1.5336,-0.21656,0.18487,0.3384,-0.53509,-0.099973,-0.86053,-0.33829,-0.26994,0.90876,0.01336,0.11254,0.16486,-0.65186,-0.026601,-0.83877,-0.039709,0.040612,-0.91263,-0.71077,0.19054,-0.61717,0.14679,0.096076,-0.20508,0.76826,0.30032,0.24734,-0.24242,0.56279,0.42705,-0.14521,1.0573,-0.81372,1.0246,1.0173,-1.5795,-0.47338,-0.032627,0.44461,0.04099,-0.32789,-1.8665,-0.53664,-0.79221,0.2402,-0.36235,1.0472,-0.68415,0.31124,0.72153,-0.3221,0.059424,0.0087011,-0.01429,0.22859,1.524,-0.64174,-0.33366,-0.20392,-0.38363,0.06677,-0.51248,-0.54155,0.069887,0.097646,0.46181,-0.24243,0.084026,0.11065,0.31818,0.085415,-0.55195,-0.19993,0.44797,0.32201,-0.34316,0.10434,0.097499,0.67889,-0.1799,0.09934,0.15085,0.39383,0.27482,0.25838,0.41603,-0.61331,-0.74852,0.40826,-1.1113,-0.54243,0.086111,-0.27844,0.41654,-1.1558,-0.56042,-0.36611,0.19044,-0.47086,-0.013542,0.47365,0.20399,-0.11783,0.2022,-0.028624,1.2014,0.73704,1.7477,-0.11551,-0.78751,-0.15246,0.79236,0.073945,0.13374,0.51478,-0.30249,-0.75491,0.26225,0.019928,-0.16782,0.2518,-0.1893,0.50262,0.76125,0.27574,0.92681,-0.46085,-0.30778,-0.23298,-1.1191,0.63569,-0.10761,-0.047412,1.3255,-0.26986,-2.0568,0.47374,-0.10042,0.15493,0.22532,0.091889,0.7725,0.090095,-0.057068,-0.37749,1.2698,-0.27559,0.45265,-0.15958,0.49585,-0.067939,-0.26272,0.13445,0.18456,0.63118,0.60002,-0.14098,0.10595,-0.007542,0.026966,-0.43352,-0.49216,0.96399,0.59987,0.33391,2.8207,-0.15562,-0.75168,-0.27856,0.011872,-0.16779,0.2077,0.023933,-1.2942,-0.71322,0.67439,0.47393,0.20773,-0.060175,-0.020532,-0.11241,-0.30081,0.97441,1.6154,0.14001,-0.23552,-0.17148,0.22788,-0.030272,-0.45743,0.04887,-0.084948,1.6255,0.87752,0.42525,-0.2392,0.31793,-0.24554,-0.36272,-0.035079,-0.27971,0.22434,-0.274,-0.24924,0.25853,0.17666,-0.3355,-0.39681,2.1193,0.38957,-0.13648,1.1791
TCGA-24-2038-01A-21-1560-20,OV,Primary,35,0.28802,-0.52357,-0.24129,-0.39466,-0.33414,-1.298,-1.0768,-0.15849,-0.53307,-0.82398,-0.12652,-0.052101,0.91616,-0.15707,-0.19559,-0.23238,-0.155,0.15377,-0.11009,0.093148,-0.10454,0.32012,-0.45036,0.51218,0.12983,0.042581,0.27821,-0.031365,0.14371,-0.70502,0.68702,0.33957,0.20901,-0.42001,0.086764,-0.02072,-0.38277,0.23571,-0.21315,0.07424,1.5259,-2.3721,0.13695,-0.46852,-0.27894,0.20668,0.10328,-0.80247,0.031399,-0.12019,0.42146,0.31369,-0.093637,0.77282,-0.15066,-0.68376,-0.13658,-0.0074322,-0.2376,-0.3723,-0.59975,-0.87484,-0.30634,0.23701,0.24789,0.089169,1.1393,1.5474,-0.12477,-0.1128,0.30313,0.040205,-0.40972,-0.10453,-0.10701,1.0555,-0.29748,-0.57287,0.018068,0.28938,-0.36619,0.222,0.96505,0.002859,-0.41234,-0.18742,0.003386,0.54147,0.19498,-0.0081393,0.19211,0.20268,-0.47197,0.18065,0.4521,0.076094,0.027512,-0.15959,-0.40296,-0.13267,0.16649,-0.55384,0.26863,0.20713,0.2071,0.014281,0.066926,-0.32398,0.015966,-0.32362,-0.44795,0.37884,-0.046707,0.3395,0.053735,0.16172,0.10125,-0.30103,0.1418,0.05892,0.81429,-0.61246,0.09054,0.26684,-0.43624,0.56579,0.47637,-0.13071,0.16325,-0.18846,0.093701,-0.2684,0.242,0.10692,0.25335,-0.59311,0.19052,0.077653,-0.081216,-0.0055975,-0.23573,-0.18255,-0.37623,-1.6311,-0.13912,-0.51083,0.021902,-1.1606,-0.42894,0.24774,1.2845,0.10525,0.26877,-0.4582,0.33512,0.17533,-0.34979,1.4107,0.14625,0.27582,-0.34551,-0.58193,0.26072,0.28465,0.55621,-0.16185,-0.55965,-0.29889,-0.15686,0.15622,0.23198,0.12663,-0.061775,-0.17589,-1.4765,-0.15774,-0.20332,0.29695,-0.0026877,0.48167,-0.54008,0.36083,-0.26441,0.33208,0.39769,0.48478,-0.55834,0.1735,0.034848,-0.26824,0.40245,0.012768,0.090986,-0.11591,-0.23228,-0.56367,0.13614,0.058432,0.14492,-0.051682,0.11965,-0.090157,0.014837,-0.47624,0.63997,-0.042729,-0.21196,0.048347,-0.11266,0.065288,-0.14885,-0.017487,0.35656,0.038446,-0.033936,0.12128,0.018806,0.21909,0.055812,-0.20573,0.32733,0.36974,0.083193,-0.16248
TCGA-09-2056-01B-21-1560-20,OV,Primary,35,0.085403,-0.3144,-0.38135,-1.1395,-0.075027,-0.62331,-0.29398,-0.13209,-0.98453,-0.41186,-0.12804,0.85922,-0.39318,0.29714,-1.3742,-0.2276,-0.02572,-0.44751,-0.00085313,0.14987,-0.091815,0.072882,0.26402,-0.087891,-0.34611,0.13015,0.49367,-0.0019207,-0.15197,0.41817,-0.28903,0.098252,0.0058381,-0.088328,0.020676,0.050031,0.069764,0.27268,0.19121,1.1499,0.92681,-0.22421,0.011695,1.0717,-0.29078,0.23872,0.41313,-0.87424,0.56097,-0.17674,-0.28314,0.0052474,-0.20529,1.5631,-0.17902,0.14066,0.59983,-0.0026567,0.82582,-0.11921,-0.30181,-1.2412,-0.28578,-0.066209,0.56442,-0.17974,0.8447,0.79895,0.65755,-0.29909,-0.042987,0.0034907,-0.097029,0.26956,-0.063356,0.020774,0.013521,-0.28999,-0.13274,0.28469,-0.06465,-0.094834,0.18286,0.99257,-0.081197,-0.057545,-0.020351,0.059174,0.14825,-0.032305,-0.39571,0.15907,0.15159,-0.17423,-0.090384,-0.76851,-0.071355,-0.13838,0.09768,0.26102,0.21033,-0.31885,0.19252,0.12102,-0.22665,-0.35692,0.62087,-0.022267,-0.063955,-0.28383,-0.48651,-0.80857,-0.99527,0.08813,0.078871,-0.007436,-0.016323,-0.31388,-0.073997,-0.40696,0.71646,0.49089,0.042949,0.59304,-0.12206,-0.23421,0.25199,-0.05575,-0.19898,-0.049179,-0.20247,-0.19312,0.045935,0.055565,0.11321,-0.088397,-0.0062645,0.35809,-0.27743,-0.043336,-0.35486,-0.32169,-0.0095106,-1.0048,0.07552,0.0217,0.1514,-1.0402,-1.1003,-0.13543,3.6945,0.13729,0.066626,-0.13698,0.23611,-0.030659,-0.37495,0.14486,0.095809,-0.1505,-0.00032162,-0.47773,0.46327,-0.08496,-0.31664,0.25496,0.26248,1.0399,-0.082499,0.12581,0.26329,0.060378,0.103,-0.13044,0.26865,0.11155,-0.39633,3.1641,0.16612,0.15303,0.55301,0.34895,0.16851,0.071849,0.0738,-0.12074,0.0016748,0.092491,0.34151,0.39576,0.0031817,0.041381,0.18569,-0.014163,0.27062,0.29921,0.20841,-0.094688,0.17145,-0.061697,-0.071186,-0.061137,-0.055175,0.40469,0.44969,0.63755,-0.21857,-0.060001,-0.042965,0.50003,-0.25271,-0.16254,-0.094468,0.0078775,0.32952,-0.25758,0.15299,-0.058757,0.10228,-0.28412,0.098954,-0.46955,-0.19512,1.2279
TCGA-61-2092-01A-21-1560-20,OV,Primary,35,0.075784,0.12382,-0.21611,0.349,0.12602,-0.041932,-0.18037,-0.011023,1.1275,0.81872,-0.41738,0.098405,1.0877,0.53843,0.56654,-0.31576,-0.48736,-0.92509,-0.073078,0.13105,0.36771,-0.012772,-0.083369,0.72989,-0.33808,0.059065,2.2653,-0.096923,-0.058198,-0.66216,-1.4911,0.055904,0.25122,-0.0336,0.10929,-0.044629,0.18401,0.35015,0.030408,2.6901,0.10018,-0.10993,-0.064191,1.0629,-0.26475,-0.41288,0.79019,0.0045712,1.3775,-0.28377,0.64582,-0.16647,0.10784,1.668,-0.1248,-0.024791,-0.56238,0.19081,-1.0156,-0.17769,0.052901,0.58999,0.40175,0.46977,0.14999,0.52981,1.6657,0.015366,0.52482,-0.37029,-0.097967,-0.077039,0.57982,-0.14379,0.029254,0.4376,0.53253,-0.18524,-0.28644,0.27211,0.3055,0.18264,0.18219,0.45434,-0.50243,-0.017908,-0.0071308,0.1424,0.24143,-0.112,-0.67156,0.6707,-0.20584,0.24581,0.19482,-0.94969,-0.81158,-0.32175,-0.14785,-0.84207,-0.16795,-0.61737,-0.15789,0.057215,-0.2551,0.25879,0.24872,0.31315,-0.088989,0.38325,-0.17735,-0.83092,-0.62356,0.22785,0.31448,-0.49707,0.011465,0.45779,0.39551,0.98766,0.19807,-1.0881,0.15392,0.78975,-0.065361,-0.019743,0.20704,-0.26563,-0.12299,0.044815,0.0066719,-0.19034,0.048007,-0.34599,0.055355,-0.19137,0.080625,0.44809,-0.35641,-0.14859,-0.31293,-0.36363,0.44669,0.59555,0.029163,-0.13308,-0.24232,-1.2353,0.12471,-0.16471,-1.7467,0.17429,-0.113,1.2673,-0.12685,0.069647,0.17095,0.70516,-0.12343,-0.039662,-0.12803,-0.11677,-0.056763,-0.10068,1.6896,0.36483,1.1604,-0.02278,0.039504,0.048838,-0.075741,-0.23021,0.58049,-0.74267,-0.86471,0.23009,0.64826,3.5198,-0.11549,0.28953,-0.092903,-0.035169,-0.30603,-0.15812,-0.04371,1.3581,-1.4805,0.10683,0.50874,0.20352,-0.03839,0.02734,0.25451,-0.14012,-0.17448,-0.2571,-0.014641,-0.058515,0.055201,-0.45704,-0.18708,-0.73181,-0.063725,0.85202,0.10156,0.51692,-0.14377,-0.14151,-0.36287,0.25989,-0.35538,-0.11895,0.17491,0.035552,0.38211,-0.44832,0.090912,-0.10338,-0.1022,-0.57032,1.9175,-0.093761,-0.37847,0.54204
TCGA-61-2109-01A-21-1560-20,OV,Primary,35,-0.064902,-0.20437,-0.30014,0.34184,0.89916,-0.69244,-0.79823,0.54076,0.44956,-0.11079,-0.40957,-0.66048,-0.011583,-0.22151,1.1045,-0.31555,-0.2631,-0.49728,0.1299,-0.1418,1.4119,-0.16206,0.2453,0.10739,-0.60047,0.0092596,0.909,-0.203,-0.11636,1.1264,-0.28851,-0.1309,-0.60862,0.052494,0.16398,-0.02952,0.28934,0.31726,0.46189,1.7475,0.19457,0.33632,-0.23061,0.17174,-0.088514,0.42531,1.328,-0.94922,0.90664,-0.47986,0.22103,-0.12969,-0.45546,0.8335,-0.13925,-1.6067,-1.2259,0.069279,2.4608,-0.26613,0.00098319,0.60066,-0.16309,-0.10345,0.071238,-0.23393,-0.81107,-0.055575,-0.28515,-0.098805,-0.37185,-1.5314,0.087192,-0.31211,-0.18855,1.3162,0.85157,2.262,-0.25949,0.27562,0.18291,0.24382,-0.10202,1.03,-0.21022,-0.39526,0.12913,-0.39615,0.15446,-0.20787,0.39353,-0.067449,-0.65206,0.24102,0.66329,-1.01,0.35032,0.14522,-0.83357,0.1252,0.33169,-0.87631,-0.30605,-0.018125,0.088249,0.17082,0.42714,0.89727,0.039487,-0.4275,-0.60887,0.031818,-0.30789,0.48027,0.60944,0.17083,-0.10016,-0.73791,0.11044,-0.42295,0.17607,0.35685,-0.16037,0.71587,-0.078813,-0.38712,-0.018558,0.69454,2.439,-0.077681,0.20159,-0.14808,0.35119,-0.16531,0.029699,0.010555,1.0498,0.16591,-0.41347,-0.26189,-0.45661,-0.88882,0.76594,-1.4522,0.1421,0.69341,-0.29855,-0.42079,0.061019,-0.14952,-1.5435,0.090515,-0.29982,0.47968,-0.32009,-0.054121,-0.086062,1.8047,-0.21744,-0.33865,-0.39163,0.54652,0.90766,-0.27587,-0.23062,-0.074465,1.1595,0.27392,0.074558,0.030691,-0.28569,-0.085584,0.12485,-0.028129,-0.502,0.98044,0.10133,3.0315,-0.31258,0.17387,1.0247,-0.30784,0.34007,-0.26294,-0.14973,-0.04243,-0.55819,0.54796,0.099186,-0.05537,-0.23345,0.2648,0.23976,-0.083502,0.64365,1.4785,1.4023,-0.26732,0.079924,-0.31069,1.0123,-0.38607,-0.23433,0.49213,0.045157,1.0842,0.097401,-0.16865,-0.10284,-0.14828,-0.43439,-0.38534,-0.41623,0.11719,-0.23535,-0.65909,0.15661,-0.23288,0.34876,-0.6889,1.7268,0.061868,-0.43501,0.70917
TCGA-24-2281-01A-21-1560-20,OV,Primary,35,0.046988,-0.50486,-0.16108,0.19721,0.087966,-1.0826,-1.0107,0.22909,-0.62761,-0.89124,-0.45613,-0.092779,0.95332,0.17277,0.46686,-0.18643,-0.19867,-0.42126,-0.18791,0.26341,-0.26141,0.14649,-0.23888,0.29903,-0.16607,0.11669,0.71208,0.03184,-0.0024072,1.6306,-0.50124,0.27364,-0.051653,0.073212,0.037855,-0.033348,0.41956,0.33334,-0.0032947,0.070776,1.0523,0.37804,0.022818,0.43722,-0.33753,0.086791,-0.9342,-0.8311,-0.27529,-0.38252,-0.22091,0.03114,-0.077622,1.2099,-0.38912,0.044056,1.6234,0.037577,2.9517,-0.41939,-0.26437,-0.78994,-0.40385,-0.13488,0.75935,-0.13345,1.7729,2.5008,0.056946,0.010808,0.17046,-0.46869,-0.030783,0.3576,-0.032577,0.62433,0.10385,-0.17411,0.52315,0.30651,0.039794,0.2559,0.44919,-0.88709,-0.034441,-0.26003,0.065241,0.030279,0.24334,0.12486,-0.20659,0.72858,-0.15799,1.0604,0.2143,0.060503,-0.0047512,-0.21241,-0.37179,-0.082179,0.12265,-0.03364,0.38644,0.13406,-0.1887,0.40192,0.3879,0.01121,-0.065076,0.36478,-0.77079,0.79029,0.72607,0.10943,0.31263,-0.2037,-0.13011,-0.11503,-0.078272,0.061139,0.148,0.28302,0.15487,0.88527,-0.1761,-0.21838,0.018564,0.0047461,0.48706,0.13902,-0.046837,-0.20399,0.0035077,-0.10575,0.1013,-0.32541,0.16413,0.054033,-0.25839,-0.015399,-0.39726,0.045608,0.18159,-0.30982,0.18912,0.39579,0.13995,-1.6943,-0.45251,-0.094617,-0.98881,0.45903,-0.13803,0.23716,0.57562,0.33332,-0.36369,0.58143,-0.036431,0.21471,-0.14956,0.018698,0.13526,0.031425,-1.0534,0.58899,0.15282,-0.20336,0.13951,0.087118,-0.08212,0.13038,-0.068249,-0.025429,-0.38624,0.28521,-0.376,2.7525,0.20167,0.94271,-0.025417,0.056347,-0.10617,-0.01038,0.10856,-0.093864,-0.14799,0.52463,-0.30527,-0.28792,-0.061603,0.063216,0.13071,-0.13438,-0.25356,-0.17759,0.012602,-0.069269,0.10619,-0.43136,0.027973,0.12286,0.22738,0.16231,0.35665,0.62438,0.017484,-0.12309,-0.21585,0.21364,-0.28506,-0.1724,-0.1859,0.079265,-0.23688,-0.50053,-0.43806,-0.053206,0.065711,-0.15394,1.4933,-0.20738,0.22348,-0.11633
TCGA-59-2348-01A-21-1560-20,OV,Primary,35,0.027265,-0.49193,-0.21814,0.14187,0.1081,-0.1896,-0.14617,0.39728,-0.55716,-0.56246,-0.12674,0.080269,0.87391,0.50536,-0.67332,-0.31929,0.039121,-0.70358,0.055916,0.12406,0.21495,-0.13607,0.34312,0.089723,-0.42728,-0.029358,0.095305,-0.17295,-0.29561,-0.68134,0.28953,0.18647,-0.00084445,-0.083667,-0.11964,-0.24165,0.38278,0.22443,-0.044569,0.88735,0.71185,0.43772,-0.014355,0.7979,-0.33217,0.32559,-0.24993,-1.1562,0.68489,-0.3255,-0.069071,-0.11248,0.1996,0.52128,-0.31829,-0.15017,0.95124,-0.10916,2.4204,-0.24725,-0.20805,-0.35746,0.29964,0.1532,0.33675,-0.15342,0.024151,1.2277,0.25752,-0.13953,0.071034,-0.13849,-0.30576,-0.14728,-0.25108,0.28086,0.09193,-0.24199,-0.082056,0.088125,0.080717,0.065148,1.0689,-0.56504,0.020088,0.0038567,-0.0016002,-0.011508,0.075029,-0.11633,-0.14481,0.89135,-0.48795,-0.041931,0.42087,0.23471,0.025485,-0.11175,-0.13061,0.94571,0.22126,-0.71918,-0.46159,0.2085,-0.21929,0.070461,1.1803,-0.6451,-0.1014,1.5613,-0.52918,0.18782,0.4068,0.11708,0.1198,-0.39392,-0.064914,-0.61578,0.013548,-0.71631,0.097775,-0.44431,-0.049808,0.76804,0.014302,0.094589,-0.14272,-0.10687,-0.072346,0.12159,-0.042435,-0.11193,0.096385,0.51298,0.4669,0.86,0.45844,0.61839,-0.14549,0.028733,0.042871,-0.45692,0.42875,-0.11146,0.24654,0.36029,0.28194,-0.77561,-0.23764,-0.034189,1.1247,0.361,-0.1336,0.24407,-0.069109,0.012329,-0.17484,0.58057,0.23986,0.37155,0.27463,0.27082,0.68829,0.068072,-0.0090895,0.3349,0.24989,0.13629,0.26978,0.061514,0.014268,0.29458,0.062553,-0.20584,0.77484,0.03453,0.0066256,0.12359,0.05616,0.090116,0.68693,0.020313,0.98927,0.034721,0.069015,-0.37951,-0.10198,0.16271,-0.49699,0.09664,0.06915,-0.022311,0.042439,-0.15865,0.24393,0.55355,-0.16073,-0.17345,-0.070185,-0.55552,0.10742,-0.045645,0.18206,1.3201,0.10066,0.80128,-0.23434,-0.31042,0.32543,0.20062,-0.20275,-0.15779,-0.10847,0.0071914,0.015223,-0.47255,-0.67109,-0.047978,0.2062,-0.4357,1.865,-0.12697,-0.18623,-0.31204
TCGA-25-2391-01A-21-1560-20,OV,Primary,35,-0.023734,-0.068837,-0.24141,0.56948,0.62445,-0.87229,-0.8371,0.15233,1.3862,1.17,-0.46632,-0.14002,0.94036,-0.054532,0.41481,-0.38743,-0.17673,-0.52206,-0.21489,-0.082097,0.99293,-0.17777,0.13514,0.76689,-0.42079,-0.010382,0.59565,0.075585,0.20091,-1.113,-0.061578,-0.050254,-0.28455,0.15977,0.10893,-0.11759,-0.3066,0.1978,0.0056668,0.95176,0.58368,0.30744,-0.11951,0.53602,0.052299,0.24113,1.0097,-1.5833,0.54576,-0.049663,0.6397,-0.08527,-0.15331,2.0938,0.34912,-0.064608,0.66595,-0.017265,0.61936,-0.56254,0.11517,0.70342,-0.12762,0.16641,-0.16029,-0.13534,-0.1222,0.50811,-0.7482,-0.077335,0.21854,-0.04328,-0.23823,-0.044778,-0.08111,1.6743,0.54158,1.0709,-0.15187,0.13183,0.34536,0.40239,-0.062405,1.2235,-0.5046,-0.44241,0.28917,0.18616,0.083025,-0.19904,0.65065,-0.28937,-0.093743,0.6462,0.3101,0.50753,-0.13815,0.17619,-0.67335,0.063426,0.42502,-0.99693,-0.37601,0.058245,0.27038,0.40315,-0.45089,0.03615,-0.24003,0.17936,-0.64645,0.51293,0.49462,0.39927,-0.040548,0.031769,-0.0097306,-0.40886,0.31834,0.52764,0.72749,-0.57614,-0.077581,1.2174,-0.36653,-0.42868,-0.026017,0.38009,1.2136,-0.10295,0.24323,-0.15281,0.48468,-0.19032,0.16647,-0.24247,0.49908,0.50344,-0.38285,-0.15621,-0.16218,-0.84317,0.58406,-1.2566,0.059735,0.67911,-0.14415,-0.10177,0.96248,-0.10904,-1.4751,0.13043,-0.21307,1.9755,-0.046737,0.13236,-0.53056,1.0685,-0.03454,0.030679,0.038255,0.28027,0.062915,-0.18528,0.63338,0.33309,0.58769,-0.28505,0.32164,0.11467,0.032012,-0.1034,-0.14729,-0.20226,-0.14497,0.67511,0.35981,0.67248,-0.33057,-1.1644,0.58146,-0.16024,-0.13156,-0.034808,-0.12693,0.45579,-0.52407,0.30695,0.0029759,-0.36353,-0.069749,-0.091809,0.17896,-0.26842,0.84021,1.7521,-0.41248,-0.29322,-0.080362,-0.67115,-0.17832,0.050518,-0.051755,-1.066,0.60974,0.42626,0.09908,-0.14638,-0.1355,0.0073383,-0.38226,-0.33026,-0.20427,0.1198,-0.46776,-0.57037,-0.21037,-0.13019,0.15023,-0.49619,2.029,0.24941,-0.36261,-0.16529
TCGA-25-2409-01A-21-1560-20,OV,Primary,35,-0.038953,-0.50866,-0.1386,-0.19731,0.67547,-0.82824,-1.0672,0.0796,-0.57266,-0.11594,-0.58467,-0.86316,-0.61841,0.036767,0.54799,-0.37422,-0.39305,-0.78122,0.29303,-0.053723,0.6874,-0.13132,-0.33648,-0.026399,-0.28978,0.041253,0.23523,0.02829,-0.083741,-0.86699,-1.5166,0.22164,0.04397,-0.25918,-0.026994,-0.20519,-0.046494,0.20801,0.20712,0.77987,0.34193,-0.65491,-0.092471,0.81782,0.15759,0.39787,0.80178,-1.2485,0.1034,-0.25828,-0.11622,-0.045451,-0.18776,0.95268,-0.089822,-0.17104,1.1377,-0.33787,1.3034,-0.0020014,-0.38722,-0.52863,-0.092384,-0.079831,-0.12996,-0.16096,0.0035251,0.25879,1.1704,-0.29749,0.022059,-0.088695,-0.10358,0.016985,-0.031531,0.39187,-0.27643,-0.03554,-0.15525,0.14644,0.34326,0.33428,-0.14013,0.047448,0.31643,-0.15575,0.082132,0.062077,0.112,-0.20224,0.27708,0.42519,0.035182,-0.0093373,0.50914,-0.69305,-3.3263e-06,-0.2556,-0.21204,0.26841,0.60935,0.016027,0.76222,0.2678,-0.2156,0.09271,0.40802,0.0046372,-0.22053,0.46549,-0.59132,0.019208,0.0019932,0.10762,0.60923,0.034798,-0.12681,-0.47745,-0.049117,-0.53698,0.15154,-0.33425,-0.14866,1.1762,-0.20522,0.40284,0.047024,0.27698,1.1441,0.18192,0.19176,-0.36837,0.3361,-0.0047342,0.35143,-0.23608,0.63571,0.28762,-0.033188,-0.1281,-0.4205,-0.33131,0.43799,-0.89272,-0.012037,0.27395,0.038801,2.0692,-0.1257,0.078024,-1.3049,0.23353,0.25128,1.4542,-0.17009,0.054012,0.084447,0.78252,-0.11815,0.0075921,-0.19072,0.72851,0.44886,0.020572,-0.48573,0.2312,0.70725,0.032068,0.1573,0.13844,0.0034653,0.019308,0.11644,0.69028,-0.49997,0.29807,0.20204,3.2138,-0.23754,-0.066931,0.29309,0.12339,0.28822,0.35865,0.32849,0.93096,0.21894,0.26027,-0.063438,-0.032204,0.39637,-0.061166,-0.039654,-0.16495,0.26744,0.74061,-0.21388,-0.21689,-0.024914,0.39609,-0.02631,0.10005,0.078992,-0.15588,0.71886,1.1317,0.14272,-0.016066,-0.15485,-0.061006,-0.19969,-0.046112,0.12809,0.13345,-0.20477,0.18109,-0.068858,0.20198,-0.029502,0.010882,1.7673,0.0016923,0.19833,-0.44008
TCGA-29-2435-01A-21-1560-20,OV,Primary,35,0.041113,-0.34498,-0.091922,-0.20572,-0.10606,0.61994,0.49818,0.2477,-0.71966,-1.0732,-0.10301,0.9821,-0.0070098,0.97739,0.75501,-0.35411,0.1016,-0.63684,-0.09226,0.042346,-1.0471,-0.0085482,0.11814,0.27546,-0.44826,-0.018801,0.60868,-0.027305,-0.058917,1.2643,-1.1079,0.26592,-0.3816,-0.21503,-0.070326,-0.14677,-0.25967,0.19256,0.12917,1.2299,0.22934,0.021484,-0.11951,0.76748,0.25941,-0.052277,-0.25069,-0.68672,0.29237,-0.21338,-0.040526,-0.11472,-0.34633,2.2407,-0.35547,0.26601,1.386,-0.060372,0.8773,-0.12892,-0.22013,-0.38719,-0.17638,-0.062632,0.018322,-0.13286,-0.11896,1.179,-0.32486,-0.11853,-0.0069214,-0.30235,-0.083311,0.82928,-0.14847,0.90618,0.31379,0.56094,-0.1207,0.15932,0.35921,0.30362,-0.01043,0.77726,-0.56752,0.009459,0.24792,0.21624,0.049743,0.050057,-0.50139,0.85878,-0.24386,0.41234,0.33764,0.4106,-0.25294,-0.19431,0.009104,0.40643,0.5946,-0.24621,0.253,0.15864,-0.21133,-0.014729,-0.22639,-0.39839,-0.25982,0.064288,-0.49774,0.32736,0.10311,0.26528,0.0080984,-0.40894,-0.18276,0.0067277,0.17692,-0.47917,0.3742,1.7567,-0.032742,1.4663,0.057321,-0.29134,0.034043,-0.054543,0.15425,0.023166,0.039074,-0.086543,0.089606,-0.13938,0.20976,0.84607,0.30666,0.62383,-0.1971,-0.19397,-0.40683,-0.40726,0.38831,-1.0229,0.043966,0.45506,0.41702,0.47984,-0.72532,-0.062542,-1.3727,0.20849,0.078374,-0.27897,0.2456,0.47449,0.26426,0.60294,0.039782,-0.14498,0.22608,0.79828,0.42052,-0.0013407,-0.81501,0.24852,0.28878,0.44178,0.041014,0.072683,-0.10631,-0.33299,0.05094,0.25236,-0.25978,-0.04127,-0.08793,1.7883,-0.19247,1.0895,0.31767,-0.016645,-0.22779,0.18514,0.11357,0.50028,0.96887,0.13221,1.005,0.038104,0.066839,-0.09557,-0.035325,-0.034048,-0.13039,0.24234,-0.069381,-0.24198,0.060445,0.94515,-0.20058,0.56814,0.0058489,0.38715,0.2177,0.38043,-0.038235,-0.23521,0.17387,-0.065201,-0.45453,-0.1993,-0.077597,0.067333,-0.1253,-0.10647,-0.1295,0.021642,0.33172,0.17983,1.524,0.050722,0.47752,0.40221
TCGA-24-2023-01A-21-1560-20,OV,Primary,35,0.073642,-0.56469,-0.40854,-0.17092,-0.44321,-0.24322,-0.38702,0.12565,-1.1414,-0.64527,-0.547,0.046863,0.29627,0.31534,0.14742,-0.41579,-0.37596,-0.6636,0.080071,0.08777,-0.078718,0.16485,0.34495,0.30248,-0.49848,0.015034,0.050683,0.085333,-0.0010941,1.4855,-1.6947,0.28126,-0.21476,0.065651,-0.052644,-0.1657,1.0091,0.37989,0.036294,1.1174,1.1464,0.29074,0.027335,0.71345,0.02903,0.39384,-0.0554,0.1331,0.66371,-0.050125,0.094706,0.13586,-0.48019,1.5064,-0.32136,-0.26356,-0.14265,-0.40533,0.53219,-0.49484,-0.32192,-0.089218,-0.18706,0.0026171,-0.070905,-0.018385,0.91034,1.8867,0.18587,-0.11773,-0.22577,-0.46851,-0.12896,-0.055584,-0.51231,0.064236,-0.0889,-0.62543,-0.11449,0.27179,-0.16261,0.20797,0.060314,0.6629,-0.31342,-0.30234,0.52856,-0.3551,0.14508,-0.10275,0.30846,1.0105,-0.35354,0.062462,0.23568,-0.67278,-0.26335,-0.077706,-0.60074,-0.045141,0.35352,-0.97386,-0.33847,0.31674,0.023626,-0.158,0.35478,0.20829,-0.06464,0.19133,-0.086268,0.71578,0.52225,0.26153,0.10376,-0.041173,0.0025045,-0.6557,0.4433,0.13561,0.341,0.21494,0.038108,0.039542,-0.49375,-0.30996,0.16574,-0.05283,0.18806,-0.19876,0.32876,-0.28697,0.12031,0.0077216,0.17121,-0.12935,0.45206,0.066275,-0.24673,-0.15292,-0.0088972,-0.4626,0.066933,-0.51273,-0.10659,0.28221,0.11675,-0.96845,-0.073447,0.071153,-1.6629,-0.044193,0.34052,-0.41033,-0.0065333,-0.07299,0.11514,1.3256,-0.071742,0.29077,-0.17554,0.39926,0.19417,-0.13312,0.73711,-0.11194,0.31049,0.23576,-0.026465,0.099418,0.16063,-0.0076814,-0.013395,-0.27869,-1.6321,0.60698,-0.27318,3.6619,-0.050563,-1.5947,0.21153,0.071528,0.35806,0.26685,0.20942,0.25114,-0.38685,-0.073652,0.0087169,-0.24059,0.17926,-0.063338,-0.080744,-0.6417,0.093875,-0.0068699,-0.12827,-0.021266,0.081001,-0.50559,-0.01832,-0.29453,-0.11159,-0.27685,0.25027,0.32582,-0.038994,0.25226,-0.040327,0.36884,-0.32895,-0.033256,-0.15141,0.066025,-0.15797,-0.26676,-0.36056,0.090909,0.43514,-0.31854,1.4658,0.29963,-0.03107,0.069717
TCGA-25-2042-01A-21-1560-20,OV,Primary,35,0.30316,-0.39964,-0.31888,0.049652,-0.80664,-1.3751,-0.98211,-0.33181,0.85247,0.28076,-0.45475,-0.42165,-0.53216,-0.44519,-0.29545,-0.013574,-0.049171,-0.27337,-0.25182,-0.055906,-0.44478,-0.14943,-0.0036691,1.0371,-0.079675,0.15885,-0.81885,-0.26656,0.14203,-0.65377,-0.66147,0.17117,0.10058,-0.31973,0.22101,-0.0069369,-0.92482,0.29043,-0.1277,-0.2041,0.41207,-0.67253,0.010992,0.26687,0.016468,0.19298,-0.55485,-0.96606,-0.6498,0.021931,0.35485,0.094656,0.09742,-0.61318,-0.48355,-0.74548,1.6017,0.23911,0.3086,-0.075547,-0.45571,-0.27484,-0.62306,0.16723,-0.033414,0.19041,0.94343,0.6667,-0.92142,-0.17002,0.69443,-0.26942,-1.3169,0.51215,-0.045007,1.5675,0.020615,0.22147,0.21464,0.19727,-0.35649,0.24723,0.44225,-0.014399,-0.036763,0.062995,-0.11416,-0.11538,0.20551,-0.11232,0.57818,0.16897,-0.062473,1.7095,0.048985,1.898,0.24735,-0.085795,-0.42581,-0.20097,-0.23357,-0.712,-0.03096,0.099863,-0.24458,0.25051,0.44266,-0.31952,0.15765,-0.41089,-0.80085,1.4689,1.2759,0.32708,-0.070046,-0.15415,0.25563,0.04242,0.30921,0.98862,0.35976,-1.3485,0.082663,0.37883,-0.52897,0.18355,-0.20399,-0.02339,0.12535,-0.077303,0.32518,-0.23944,0.42374,0.13665,0.065822,-0.69777,0.29301,-0.30608,-0.35634,0.026588,-0.034506,0.0024249,-0.45954,-1.2525,0.075352,-0.24957,0.16719,-1.5802,0.1261,0.21504,-0.14651,0.48447,0.3271,1.1167,0.45167,0.024559,-0.28512,-0.23012,-0.00073006,0.41368,-0.51175,-0.468,0.38139,0.072412,-0.57451,-0.01054,-0.77337,-0.64351,0.14032,0.16571,0.18321,0.42135,-0.049958,-0.21242,-0.60198,0.1086,0.21714,1.4904,-0.16914,-0.99923,-0.66397,0.2438,0.32444,0.26773,0.25305,0.45954,-0.015001,-0.072716,-0.97923,-0.67169,0.29462,0.10223,0.1976,-0.084336,-0.64624,-0.86006,-0.039627,-0.024138,0.60098,0.098236,0.49063,-0.58291,0.30072,-0.18731,0.39256,-0.60984,-0.38212,-0.14374,-0.18556,0.11564,-0.20643,-0.42575,-0.030772,-0.010749,-0.080607,-0.45433,0.18048,0.23629,-0.31825,-0.68395,-0.51065,0.54176,-0.29844,-1.179
TCGA-13-2060-01A-21-1560-20,OV,Primary,35,0.1301,0.36266,-0.37233,-0.5005,0.63148,-1.0186,-0.29111,0.063391,-1.5835,-1.5442,-0.003975,0.056813,0.5937,0.52822,0.66969,-0.25921,-0.16289,-0.65717,-0.0079495,0.010209,-0.20334,-0.087685,1.2359,-0.35401,-0.53761,0.019374,0.69691,-0.070191,-0.29399,0.85625,-0.77073,0.20275,-0.0055234,-0.051386,-0.037518,-0.092212,0.53837,0.239,-0.10138,1.2277,0.26057,1.1542,-0.21601,1.506,-0.39434,0.37859,-0.16521,0.019687,0.76764,-0.16373,-0.43791,-0.15062,-0.1253,0.028596,-0.50174,-0.062336,2.12,-0.35069,0.93389,-0.53617,-0.10566,-1.8793,-0.11113,-0.043165,0.29733,-0.1798,-0.43416,0.90531,-0.0032454,-0.21259,-0.45311,-0.64159,0.3572,0.39419,-0.19971,-1.0994,-0.067217,-0.84765,0.046207,0.12845,0.40398,-0.30295,0.27763,-1.3035,-0.34484,-0.27173,0.28269,0.10792,0.1119,-0.052711,-1.3293,0.48283,-0.092007,-0.32626,-0.27055,1.2721,0.18958,-0.088204,0.22482,0.33874,0.5309,-0.67058,-0.27984,0.003934,-0.25545,-0.35083,0.061445,-0.56501,-0.097856,-1.4052,0.3222,0.36977,0.39571,0.15163,0.45588,-0.26556,-0.027417,-0.48031,-0.14752,-1.9508,-0.090015,1.1339,-0.0095683,1.4502,0.23258,-0.20032,0.017768,-0.062766,-0.10257,0.12631,0.094879,0.092834,0.15165,-0.19463,0.077253,0.031169,-0.1128,0.63575,-0.40111,-0.16149,-0.3147,-0.19926,0.65933,-0.049784,-0.13653,0.58439,0.21062,-0.82916,-1.6794,-0.067565,-1.1555,0.27464,-0.10972,-1.0102,0.45719,0.12435,-0.096436,0.3005,0.01311,0.0016172,0.23073,-0.61233,0.40542,-0.1742,0.50235,0.63343,0.28164,0.17299,-0.31843,0.10624,-0.12991,0.011242,0.0098388,-0.080756,1.0414,0.79314,-0.49511,1.9234,0.070658,0.78228,0.26188,0.077331,-0.058432,-0.11617,-0.03641,0.51957,0.32995,0.52921,0.65208,0.82947,0.11522,-0.13872,0.16775,-0.1766,0.39237,0.74759,-0.12122,-0.22548,0.046571,0.42608,-0.19009,0.23876,0.18611,0.34341,0.63103,0.28513,-0.32891,-0.18179,-0.33648,-0.0099465,-0.33086,0.038248,-0.094916,-0.026094,0.078947,-0.42772,0.096926,-0.010618,0.3825,-0.061231,1.9177,-0.63343,0.26335,0.3839
TCGA-61-2094-01A-21-1560-20,OV,Primary,35,0.063564,-0.48597,-0.17718,-0.088948,-0.064843,-0.64022,-0.89664,0.13837,0.17283,0.30655,-0.22958,-0.61574,-0.12634,1.0093,1.1281,-0.18855,-0.61527,-0.10929,-0.18272,0.072189,-1.0731,-0.032213,0.050892,-0.049271,-0.21894,0.089291,0.51158,0.011157,-0.017562,0.59202,-0.58257,0.24393,-0.29678,-0.099433,0.10224,0.050291,0.33773,0.47247,-0.044569,-0.52531,0.72753,0.44616,0.031212,0.43055,-0.22429,-0.15165,-0.87997,-0.78622,0.44622,-0.20283,-0.16723,-0.021622,-0.28454,1.0216,-0.25834,-0.037989,0.18748,0.11332,0.62479,-0.41185,-0.56787,-0.03665,-0.59998,-0.12652,0.25536,-0.014954,1.8073,0.70855,-0.12839,-0.059527,0.047683,-0.352,0.26066,0.88037,-0.12238,1.4134,0.2519,0.51898,-0.15214,0.2573,-0.089178,0.28827,0.53224,0.60956,-0.33327,-0.32593,0.22035,0.32277,0.11035,-0.031691,0.38711,0.35168,0.02908,0.35101,0.31617,-0.65722,-0.47883,-0.25859,-0.2264,-0.25177,0.019095,-0.058135,0.51887,0.38925,-0.18293,0.12876,-0.49384,-0.18354,-0.088489,0.062852,-0.49521,0.067741,-0.038168,0.20339,-0.031194,-0.33835,-0.0070215,-0.53589,0.38185,-0.19119,0.069839,0.40878,0.16632,1.1533,-0.25607,-0.67646,-0.44855,0.012798,0.6105,-0.051881,0.14067,-0.24664,0.39516,-0.2344,0.052306,-0.31391,0.38996,-0.062468,-0.46747,-0.037631,-0.39695,0.19632,-0.016537,-1.3008,-0.055744,0.20505,-0.042715,-0.77461,0.045359,-0.025208,-1.5976,0.25954,-0.075279,0.49894,-0.086259,0.49639,-0.010538,0.69237,-0.05147,0.115,0.0047483,0.57007,0.15741,-0.003024,0.071985,-0.16689,0.14843,-0.57674,0.064172,0.0083395,-0.19203,-0.19746,-0.10902,-0.50698,-0.9519,0.26801,0.29405,2.8533,-0.040646,0.68563,0.48577,0.027936,-0.53841,0.037298,0.095441,-0.44187,0.14682,-0.075187,-0.49118,-0.17973,-0.025981,0.026475,0.25262,-0.1385,-0.24853,-0.2135,0.11016,-0.068844,-0.043651,-0.55315,0.033961,0.22741,0.19365,0.22264,0.29725,0.28462,-0.12557,-0.13194,-0.1752,0.13357,-0.36618,-0.16631,-0.26124,0.039226,0.005758,-0.32996,0.36026,0.005651,0.59448,-0.094547,2.1945,-0.0016653,0.18035,0.24719
TCGA-61-2111-01A-21-1560-20,OV,Primary,35,0.27121,-0.30751,-0.016751,0.05486,-0.46309,-1.1481,-0.95555,-0.78813,-0.92843,-0.82614,0.18605,0.028753,1.101,0.23151,-0.77433,-0.16027,0.14427,-0.060481,0.049831,-0.12529,-1.3789,-0.038532,0.59616,0.032368,0.36864,0.042189,-0.66141,-0.72831,0.089136,0.10387,-0.16532,0.2014,-0.1845,-0.13361,0.72998,0.11532,-0.065597,0.44115,-0.14557,0.73829,0.28297,-0.056372,-0.044212,1.2064,0.080251,0.2539,0.41904,-1.8908,-0.86725,0.067826,0.014731,-0.068569,0.21889,2.7242,-0.21671,-1.8127,-0.81764,0.20338,-0.94205,-0.049434,-0.40364,-1.0946,-0.62016,-0.17568,-0.1978,0.019078,0.66979,1.1684,-0.96155,-0.057647,0.39855,-0.22512,-0.85282,-0.16575,-0.11051,0.57011,-0.38191,-0.39755,0.055646,0.31674,-0.49146,0.31552,0.44149,-1.0997,-0.42868,-0.13928,0.025628,0.069189,0.13701,0.24483,0.45665,0.29031,-0.45842,0.16474,-0.044563,-0.31092,-1.288,0.051816,-0.39701,0.22057,-0.29089,-1.1097,-0.42119,0.1034,0.1275,-0.090849,0.41931,-0.80806,-0.14497,0.10015,-0.46923,0.0097581,-0.42124,0.14349,0.015189,-0.37767,-0.015493,0.043601,0.15167,-0.0095854,-0.27232,-1.5849,0.22484,-0.60853,-1.3852,-0.73804,0.23109,0.44995,0.85807,-0.39843,0.047128,-0.056125,0.7989,0.17067,0.15681,-0.82487,0.26686,-0.17395,0.16987,0.0035217,-0.12838,0.3166,-0.64311,-1.4964,0.013529,-0.22378,0.088075,-1.574,-0.86042,0.085725,0.44176,0.073819,0.23854,0.004087,-0.25073,-0.31338,-0.086494,0.78561,0.38517,0.19233,-0.64316,-0.89738,0.81685,-0.042031,0.71489,-0.59769,-0.18459,-0.72272,0.12883,0.14671,0.020131,0.1854,0.034562,0.45361,-2.5815,0.23577,-0.082747,-2.1051,-0.17402,-0.72498,0.63739,0.28876,0.71695,0.36759,0.27009,-0.38394,0.013228,0.75627,0.012808,-0.29303,0.40778,-0.22337,0.089586,-0.30731,-0.42439,-0.33006,-0.05527,-0.17589,0.078206,0.58945,-0.057845,0.15452,0.17297,-0.41411,0.52172,-0.47404,0.20371,0.3125,0.28523,0.32511,0.029887,0.20517,0.28096,0.16301,-0.25919,0.31187,-0.23218,0.30927,-0.21701,-0.17705,1.8455,0.10728,0.31903,1.0079
TCGA-24-2288-01A-21-1560-20,OV,Primary,35,0.16665,0.063712,-0.23166,0.1543,-0.10785,0.060916,0.074812,-0.18851,-0.31722,-1.0181,-0.25571,0.031571,-0.77312,0.67759,0.57549,-0.19944,0.14141,-0.022784,0.11776,-0.33098,-1.6667,-0.1701,0.9867,-0.31676,-0.17062,-0.37024,-0.34571,0.0095352,-0.53136,-0.45431,1.868,-0.20827,-0.42486,-0.042487,-0.39842,-0.48315,0.16239,-0.32734,-0.038603,-0.12213,0.8075,0.4667,-0.23162,1.4915,0.13343,0.16703,-0.35925,-0.71856,0.87512,0.074396,0.27411,-0.21059,-0.10723,0.92799,-0.30021,0.076341,0.95717,-0.12586,1.0793,-0.12733,-0.11938,-0.70548,-0.10058,0.088538,0.14912,0.013958,-0.229,1.4127,-0.60429,-0.18334,-0.071289,0.13803,0.3225,0.22035,-0.13224,0.25811,0.46862,-0.40421,0.0058085,-0.10779,0.15351,0.14104,-0.073736,-0.060932,-0.62739,-0.20139,0.1689,0.43764,-0.10621,0.022638,-0.60828,0.23203,-0.055638,0.1542,0.097473,0.25294,0.16462,0.3311,-0.12083,0.096378,0.39467,-0.64561,-0.39763,0.037684,-0.22854,-0.35941,0.31749,0.15203,-0.071369,-0.22861,-0.34293,0.20513,0.20839,0.20836,0.19005,-0.22585,0.053992,-0.6182,-0.066025,-0.2298,0.59475,0.64316,-0.33681,0.52945,-0.12963,0.11917,0.55546,-0.11981,-0.14541,-0.015351,-0.1733,-0.20792,-0.012547,0.092351,0.14875,-0.34432,0.0089539,0.11034,-0.35715,0.12842,0.17474,0.31591,0.24603,-0.73625,-0.10851,0.48247,0.14685,0.086608,-0.41641,0.16902,0.85709,0.33034,0.032635,0.28833,-0.079429,0.24037,-0.36791,0.037808,0.03649,0.2031,0.25568,-0.20843,0.65811,0.29357,-0.25179,0.25,0.5511,0.068652,-0.073005,-0.7125,-0.017863,0.19707,0.16527,-0.54159,-0.38287,0.74448,-0.1466,1.0159,-0.1624,-0.84615,0.54609,0.11057,0.27415,0.30897,0.27943,-0.037089,-0.57058,0.13374,-0.29517,-0.10963,0.17714,-0.19146,0.14068,-0.48001,-0.51917,-0.49816,-0.21988,-0.10388,-0.1775,-0.36491,-0.5271,0.41556,0.34586,1.1077,-0.19239,0.61891,-0.19338,0.080575,0.23261,0.42623,-0.16244,0.060269,0.42459,-0.0091259,0.18466,-0.33326,0.62809,0.19558,0.7691,0.11582,2.2218,0.06999,-0.096293,-0.033793
TCGA-59-2349-01A-21-1560-20,OV,Primary,35,0.10337,-0.24186,-0.20849,0.19354,-1.0196,-0.45812,-0.5966,0.05269,-0.72583,0.032582,0.62303,0.21202,0.62395,-0.57819,-0.12877,-0.60201,-0.51968,0.21198,-0.33775,0.092555,1.2089,-0.070066,-0.48752,-0.020324,5.1703,0.058397,0.034076,0.032234,-0.097038,-0.25218,-1.4614,0.17254,0.16412,-0.26293,-0.20082,-0.10559,0.00097745,0.12403,0.054231,2.8831,-0.26228,-1.1429,0.033896,-0.10007,0.03454,0.049858,1.8623,-0.34668,1.2148,0.13107,0.32027,-0.03823,0.090719,-2.0065,-0.39236,0.70261,-0.57309,-0.20344,-0.55203,1.7774,-0.17941,0.42069,1.4292,0.48651,0.18644,-0.054714,0.17222,-0.74775,2.5312,0.17683,0.14867,-0.0079788,0.48184,-0.42362,0.019588,-1.0506,0.10886,0.40326,-0.12906,0.1344,0.49641,0.1966,-0.33086,0.85959,-0.27646,0.39604,-0.20431,0.24045,0.22879,-0.054871,1.258,-0.09178,-0.28037,-0.013576,0.58478,1.1663,-0.40043,-0.48252,0.10588,-0.45191,0.1745,0.83796,1.3509,0.48553,-0.23869,0.22835,0.072336,-0.67879,-0.43358,0.37255,0.043277,0.16607,0.38389,0.063175,-0.25202,0.58121,0.057131,0.52485,0.42406,0.47167,0.20611,0.80399,-0.13134,0.28636,-0.024873,1.2601,-0.46209,-0.14327,-0.098826,-0.20195,0.081154,-0.42453,0.40344,-0.11225,-0.13054,2.218,0.54396,0.66453,-0.27309,-0.16086,-0.46092,-0.54357,-0.17932,-0.85424,-0.081354,-0.60185,-0.041727,-1.168,0.15486,-0.087409,-0.92121,0.37029,-0.0045525,1.2474,-0.55595,0.010219,0.41035,1.4259,-0.075912,-0.11057,-0.45889,1.4616,0.48247,0.10125,1.2962,0.28632,0.41607,0.26382,0.23983,0.17204,-0.13771,-0.40304,-0.16044,-0.30151,0.079653,0.15774,0.09384,2.7925,0.090171,-0.18613,0.32266,0.031632,0.12077,-0.0061276,0.11428,-1.1899,-1.1302,0.28336,0.15745,-0.36879,0.16896,-0.013169,0.21768,-0.19224,-1.5736,-1.0529,-0.040326,-0.15785,0.11029,0.049228,-0.039296,-0.50903,0.10486,1.0275,0.047854,0.26826,-0.17832,-0.28205,0.99006,-0.10096,-0.34147,-0.066509,-0.11224,0.02479,-0.090509,-0.026422,0.038321,0.023148,0.23569,-0.10517,0.14849,-0.014418,-0.073929,-0.0021069
TCGA-25-2393-01A-21-1560-20,OV,Primary,35,0.30345,2.2547,0.24985,1.7467,-0.0047147,-0.91157,-0.52935,-0.75185,-1.1828,-1.0697,-0.18292,0.57288,0.016947,0.44214,-0.35151,-0.23554,-0.10657,-0.52196,-0.068079,-0.075876,0.25214,-0.26083,0.77733,0.16677,0.20033,0.040175,-0.22476,-0.16169,-0.07004,-0.26777,-1.2003,0.084396,-0.2068,0.20882,0.34795,0.046937,0.38332,0.45542,-0.066104,1.1168,0.55454,1.4015,-0.14992,0.24636,-0.13393,0.090393,-0.55709,-0.43093,-0.0028036,-0.2587,-0.24893,-0.070138,0.43497,-0.52718,-0.11233,-1.0552,1.0897,0.19715,-0.5745,-0.34044,0.014208,-1.1646,-0.52737,-0.16565,-0.025678,-0.10544,-0.48167,1.6037,-0.99254,-0.18119,0.11532,0.18065,-0.95084,-0.28813,-0.070975,-0.11047,0.067745,-0.24802,-0.073583,0.18502,-0.21092,0.079014,0.88044,0.4559,-0.48849,-0.28799,0.22622,-0.20938,0.2331,0.052164,0.24993,0.72821,-0.24961,-0.16916,0.1788,0.28973,0.10365,0.3351,0.46254,-0.35543,-0.059285,-0.3603,0.19131,0.041956,-0.22737,-0.1417,0.30825,-0.34262,-0.14158,0.42375,0.0041661,-0.60849,-0.70422,-0.042588,0.29449,-0.15654,-0.061696,-0.26933,-0.023886,-0.014406,-0.25177,-1.2767,0.22689,0.86195,-0.13572,-0.068348,0.70559,0.21557,-0.40509,-0.12118,-0.022193,0.5554,0.021404,-0.14402,0.79272,-0.58865,0.047625,0.86002,0.060014,-0.046311,0.04329,-0.28012,0.37772,-0.78536,0.091683,0.41676,0.4589,-0.24452,-0.90213,-0.052684,-1.4942,0.19794,0.10241,0.067415,0.15556,-0.023014,-0.2955,0.75203,0.44516,-0.084943,-0.41928,-1.084,0.84351,-0.24213,-0.22822,0.15909,0.40545,-0.94406,0.14456,0.15664,-0.013646,0.10151,0.08236,-0.67468,0.0859,0.3782,0.16008,-0.39114,-0.044192,0.012684,0.46513,0.12208,0.70813,0.045789,0.10707,-0.6049,-0.51471,0.77939,0.5129,-0.27507,0.34638,-0.092229,0.025375,-0.13221,0.82421,1.533,0.27393,-0.10322,0.026525,0.46719,0.030846,-0.051221,0.024897,0.22299,0.3888,1.518,0.053619,-0.22746,-0.24092,-0.076063,-0.12334,0.087607,-0.073034,0.10958,-0.19478,-0.016592,-0.083929,0.069737,0.0059481,-0.31509,-0.016381,-0.29505,-0.090985,1.3942
TCGA-29-2425-01A-21-1560-20,OV,Primary,35,0.0092109,-0.024857,0.079032,-0.022311,0.61789,-0.59203,-0.8765,-0.28055,-0.51831,-0.96976,-0.47847,0.18564,1.2047,-0.2235,2.257,-0.15549,-0.57021,-0.29376,0.059934,0.20884,0.99335,0.12071,0.87593,0.12032,-0.1699,0.054659,2.1325,0.12608,0.01438,0.46872,0.73799,0.068514,-0.32976,-0.19142,0.14342,-0.12598,0.36801,0.27602,0.28958,0.31167,0.98311,-0.77873,-0.023574,-0.24337,-0.042514,0.31734,0.35466,-0.36423,0.61227,-0.29818,-0.17051,-0.084821,0.039273,1.2523,-0.25506,0.48572,1.1774,0.7353,2.3697,-0.084962,-0.0593,-0.05973,-0.14887,-0.075311,1.566,-0.12703,0.6197,1.9966,0.60449,0.67008,0.25875,-0.53749,0.97915,-0.37902,-0.125,0.68359,-0.10444,-0.092076,-0.14149,0.27107,0.43208,0.17993,0.43592,0.25993,0.44932,-0.11342,0.16892,0.0069367,0.16905,-0.32648,-0.20668,0.42464,-0.11179,0.05913,0.026534,-0.27097,0.57315,-0.34317,-0.52641,0.060929,0.13725,-0.25063,-0.17539,0.042504,-0.10034,0.081832,0.18702,0.23352,-0.20649,-0.19333,-0.22597,0.036443,0.27691,0.14394,0.1255,-0.41626,-0.14846,-0.15852,0.087026,0.32056,0.11942,-0.13895,0.13779,1.1575,0.18834,0.31412,0.10471,0.77319,2.0373,0.32788,-0.22868,0.014171,-0.05554,-0.18631,0.33376,-0.16597,0.21059,0.13156,-0.19547,0.053536,-0.44075,-0.18797,0.39975,-1.2109,0.21524,0.12841,-0.16845,-0.61006,-0.019989,-0.0054201,-0.38154,0.41256,0.0084334,0.46977,-0.01514,0.10456,-0.48718,0.54355,-0.11258,-0.014177,-0.55003,-0.21192,-0.067017,0.095964,-0.3553,0.3839,0.76153,0.69923,0.13702,0.039037,-0.12017,-0.13048,-0.1923,-0.46729,-0.43877,0.083252,0.35256,2.4508,0.30954,1.2197,0.14235,-0.03754,-0.013118,0.021895,0.16159,0.77967,-0.37263,0.62046,-0.07322,0.04845,-0.026507,0.15165,-0.010956,0.060235,-0.10454,0.23134,-0.18374,-0.021415,0.06909,-0.32469,-0.15939,0.17574,0.0606,-0.68062,0.34952,0.74629,-0.20717,-0.40751,-0.41189,0.0020609,-0.32568,-0.26892,-0.1886,0.017089,-0.17402,-0.46822,-0.082244,-0.033116,-0.19936,-0.39289,0.53086,-0.10634,-0.1611,-0.24149
TCGA-29-2436-01A-21-1560-20,OV,Primary,35,0.087344,-0.3661,-0.012512,-0.084979,0.39511,-0.53604,-0.74495,-0.039672,-0.56138,-0.6614,-0.19571,0.19727,0.48144,-0.34058,0.34377,-0.28556,0.086176,-0.56218,0.017254,0.30356,1.0299,-0.13637,-0.40579,0.23023,-0.46617,-0.0066316,1.2426,0.055451,0.054193,-0.39134,-0.57927,0.055376,-0.25137,-0.2307,-0.026945,-0.14402,-0.54586,0.13742,0.30966,1.0789,0.74775,-1.4846,0.10096,-0.51477,-0.52608,0.55621,0.48654,-0.39806,0.84383,0.17898,0.015356,-0.065596,-0.093593,0.27137,-0.066402,0.045219,1.2812,-0.18153,0.93084,-0.3254,0.0037168,0.083349,0.069478,-0.031262,0.59358,-0.18618,-0.61612,0.061418,1.1804,0.003085,0.091477,0.031031,0.57604,-0.01194,0.092261,1.2762,-0.13075,0.045461,-0.18422,0.15774,0.016263,0.23395,0.50206,1.275,-0.029268,-0.36834,-0.059094,-0.12443,0.15056,0.024408,0.45538,-0.025569,-0.026399,-0.33629,0.39584,0.60141,0.46598,-0.33581,0.066362,-0.04783,0.146,-0.053575,0.44935,0.16189,-0.25801,0.05364,1.0039,0.1158,-0.19193,-0.11666,-1.1418,-0.44508,-0.15827,0.13222,0.28962,-0.11024,-0.10072,-0.16056,0.15018,0.68049,0.74153,0.28767,-0.16755,0.79544,-0.20425,0.70722,0.068369,0.036756,0.89962,0.063337,0.12398,-0.25644,0.27461,-0.1099,-0.21224,-0.040416,0.53364,0.02624,-0.3491,-0.10377,-0.47406,-0.18103,0.030927,-1.1783,0.21486,-0.69588,-0.13862,-0.6038,0.046471,-0.17736,-1.6181,0.43061,-0.1931,0.603,0.091528,-0.04152,-0.10608,1.2832,0.014466,-0.12475,0.21269,0.42029,-0.069938,-0.16721,-0.24593,0.26848,0.39522,0.11649,0.26914,0.2324,-0.020416,0.16246,-0.066716,1.2885,-0.035692,-0.11475,0.17784,3.4614,0.077612,1.8005,-0.35794,-0.086631,0.34732,-0.00063035,0.019214,1.1331,0.01085,0.24915,-0.016808,-0.23946,-0.01419,0.044192,0.03442,0.068019,-0.23468,-0.13078,-0.18947,-0.083108,0.057443,-0.37828,-0.029077,0.24659,0.16149,-0.29318,0.18145,0.45053,-0.31315,-0.03128,-0.16586,0.048345,-0.22779,-0.2989,-0.28125,-0.03971,-0.14669,-0.62084,0.11805,-0.071411,0.1243,-0.46185,1.0767,-0.085598,-0.31059,-1.0351
TCGA-24-2026-01A-21-1560-20,OV,Primary,35,0.1196,-0.54767,-0.38231,-0.31153,0.15659,-0.40371,-0.44625,0.27498,-0.76912,-0.90714,-0.57157,0.12941,0.10446,0.19905,-0.3259,-0.63437,-0.24266,-0.66668,-0.20264,-0.01622,-0.62442,-0.14645,0.29121,0.28691,-0.67906,-0.10746,0.084508,-0.20904,-0.31413,-0.37394,-0.57205,0.15985,-0.4795,-0.12685,-0.039028,-0.39443,-0.052266,0.058297,0.10547,0.66313,0.73595,-0.23863,-0.30208,1.087,-0.16205,0.32017,-0.092548,-1.1848,0.52616,-0.2138,0.66542,0.031907,0.19189,1.9757,-0.19032,0.029048,1.2632,-0.063409,1.7012,-0.2448,0.12586,-0.14527,0.73977,0.46491,0.57004,-0.018701,-0.53051,1.7914,0.3442,-0.59511,-0.068103,-0.83804,0.14606,-0.22652,-0.2312,0.50055,0.24376,-0.35365,-0.36775,0.036322,0.22365,0.22986,0.02255,-0.079741,-0.18753,-0.54605,0.17331,-0.045964,-0.024896,0.036035,1.3929,0.035846,-0.31876,-0.03822,0.271,0.15732,0.044406,-0.34705,-0.32502,-0.033061,0.22274,-0.44109,0.33032,0.08961,-0.20554,-0.22403,0.02048,-0.22432,-0.20866,0.051257,-0.24126,0.80397,0.75563,0.33696,1.403,-0.55017,-0.01123,-0.95509,0.72619,0.34413,1.654,0.42103,-0.32804,2.0796,-0.23902,0.00036346,0.14862,0.043313,0.57408,-0.081347,0.0097246,-0.34115,0.0093663,-0.26809,0.5944,0.43107,0.46261,0.4351,-0.33876,-0.11965,-0.26245,-0.35139,0.45187,-1.2779,0.38016,0.22508,-0.044021,0.92381,0.088928,-0.082025,-0.63893,0.22293,0.1229,1.3925,-0.45753,-0.0050582,0.15349,0.72627,0.22385,0.52484,-0.09188,0.39851,0.089447,-0.31217,1.7548,0.12119,0.3675,0.83544,-0.24477,0.073317,-0.025459,-0.15629,-0.1162,-0.49433,-0.5767,0.12102,-0.27169,2.649,-0.023611,-1.2213,0.41185,-0.13697,-0.003494,0.35022,0.1531,0.81102,-0.39067,0.19929,0.49813,-0.089046,0.14826,-0.2111,0.057454,-0.39261,0.21919,0.5108,-0.15417,-0.24194,-0.11506,-0.054631,-0.28663,-0.13648,0.23658,-0.66964,0.36855,0.4279,0.18108,-0.18376,-0.076837,-0.17496,-0.48643,-0.16518,-0.0069947,0.13739,-0.41858,-0.11326,-0.24184,-0.060752,0.21635,-0.23283,1.8259,0.20551,0.024663,0.42212
TCGA-09-2043-01A-21-1560-20,OV,Primary,35,0.11525,-0.22603,-0.32002,-0.61239,0.92765,-0.42629,-0.3299,-0.021338,-1.1188,-1.2708,-0.094115,1.0674,0.40078,1.2832,0.34409,-0.34101,-0.22913,-0.33395,0.33063,-0.15632,0.79104,0.17298,1.4358,-0.0031568,-0.28677,0.12462,0.36606,0.083938,-0.044975,-0.44871,-0.22236,-0.051577,-0.25599,-0.31127,0.061529,-0.045705,1.0161,0.53439,0.059544,0.85412,0.59324,-0.87114,0.10296,1.036,-0.060888,0.0055732,0.43866,0.10319,1.9617,0.012276,0.10862,0.23947,-0.042005,1.1723,-0.13892,0.60734,-0.66849,0.061857,0.65933,-0.20652,-0.14245,-0.52167,-0.040355,0.16087,-0.17708,-0.10165,1.6534,0.93263,1.1728,0.22721,-0.063476,0.0011352,0.047142,0.43368,-0.23447,1.0494,0.34456,0.13369,-0.086152,0.27884,0.36828,-0.16524,0.95757,0.63052,0.29794,-0.065998,0.20506,0.27767,0.15454,0.12781,-0.0089258,0.70012,-0.11204,0.14402,-0.08199,-0.76093,0.14885,-0.17525,-0.527,0.59665,-0.039426,-0.66089,0.034871,0.30884,0.12143,-0.16928,-0.16917,-0.022143,-0.074314,0.031868,-0.55928,-0.78395,-0.89664,0.26712,0.26057,-0.2062,-0.11103,-0.63036,0.062925,-0.41678,0.21258,0.33554,0.048962,0.43383,-0.31447,0.40007,0.047676,0.126,0.73395,0.022953,-0.10879,-0.15113,0.10582,-0.24089,0.43581,0.88915,0.25208,0.22483,-0.36892,-0.13077,-0.53036,-0.88871,0.19407,-1.3536,0.22316,-0.0041466,-0.26737,2.5598,-0.62446,-0.066022,0.44022,-0.10627,-0.24859,0.098724,-0.088858,-0.064681,-0.48597,0.84871,-0.05541,0.025716,-0.55704,0.22628,0.11791,0.14473,0.32636,0.13132,0.058514,0.21501,-0.18378,-0.11045,0.042003,0.10035,0.20632,-0.33138,-0.60202,0.20113,-0.4312,1.9354,-0.18737,-1.3364,-0.037651,0.14779,0.80377,-0.024599,-0.053254,0.47746,-0.53877,0.19135,0.094913,-0.079075,-0.0033046,-0.081558,0.26267,-0.24099,0.71035,1.5056,-0.36436,0.044011,0.076292,0.52472,-0.25792,-0.2609,-0.2907,-0.34644,-0.27257,1.3576,-0.61852,-0.70773,-0.011577,-0.013173,-0.42477,-0.51124,-0.043905,-0.12619,0.046493,-0.78238,-0.64083,-0.15578,-0.15192,-0.59486,1.6312,-0.24839,-0.46143,-0.45915
TCGA-23-2077-01A-21-1560-20,OV,Primary,35,0.16571,-0.20614,0.064071,0.019267,0.77851,-0.41273,-0.60592,0.018177,-0.5571,-0.25837,-0.62819,-0.2194,1.6532,0.29942,0.50431,-0.43947,-0.48087,-0.22487,-0.30578,-0.00055972,0.47272,-0.12567,0.32279,0.23946,0.204,-0.01415,1.0564,0.034976,-0.12001,-1.246,-0.41555,0.1657,-0.32856,-0.19795,0.044746,-0.053444,0.70157,0.46632,-0.050121,1.4412,0.68266,-0.41259,-0.10927,0.35762,0.21225,0.3556,0.2192,-0.89027,0.25564,-0.22593,0.27482,-0.056446,-0.061212,0.90739,0.034483,0.136,-0.0098903,-0.22958,1.3251,-0.45864,-0.31907,0.27728,-0.11078,0.07342,0.087634,-0.11779,0.50854,2.6993,-0.066002,-0.013781,0.10128,-0.085542,0.24736,-0.33227,-0.15933,0.04403,-0.12336,0.078828,-0.20275,0.15591,0.40897,0.38697,0.081113,2.0421,0.02533,-0.25289,0.22117,0.031651,0.2276,-0.082821,0.12999,0.71057,-0.21926,-0.071288,0.18486,-0.77194,-0.0084774,-0.23532,-0.29011,0.063432,0.56417,-0.78672,-0.33456,0.38954,-0.008787,0.23683,0.15585,-0.21005,-0.10538,0.15141,-0.91856,-0.7257,-0.69373,0.13064,0.37773,-0.22096,0.029634,-0.52035,0.25472,0.56799,0.16033,1.1298,-0.029091,0.83252,0.27348,-0.28039,0.1724,0.21548,0.63409,-0.0037176,-0.044287,-0.28606,0.3514,-0.088717,0.55541,-0.095848,0.41263,0.36414,-0.2679,-0.099207,-0.36925,-0.30809,0.65028,-0.53817,-0.10395,-0.2245,-0.054027,-1.2578,0.37162,0.021452,-1.1707,0.24888,-0.031328,0.65374,0.11444,-0.053794,0.084356,0.57257,-0.11904,0.10733,-0.10135,0.16109,0.13227,-0.12897,0.25708,0.34525,0.69774,0.5637,0.12329,0.15135,-0.12846,-0.066308,-0.24731,-0.60752,-0.49761,0.2589,0.54894,2.96,-0.10494,0.45882,0.56933,0.13774,-0.13536,0.072451,0.15601,-0.32083,-0.17681,0.35758,0.32985,0.30616,0.2034,0.0036219,0.097038,-0.24411,0.03889,0.18041,0.20442,-0.16482,-0.1086,-0.25743,-0.026613,0.28936,0.13701,-0.12514,0.99221,0.79276,-0.071613,-0.13991,-0.1906,0.025151,-0.21448,-0.09416,0.084768,0.065206,0.10467,-0.32201,0.23038,0.119,0.10333,-0.035004,1.9068,0.28981,0.022249,0.83636
TCGA-61-2095-01A-21-1560-20,OV,Primary,35,0.168,-0.26556,-0.25383,-0.58634,0.20403,-0.99346,-0.68053,-0.021555,-1.301,-1.2568,-0.41703,0.3066,0.44706,-0.024372,0.051115,-0.277,-0.18421,-0.58306,0.085991,0.079199,-0.22417,0.007944,-0.57956,0.25885,0.21132,0.1115,-0.39153,-0.26905,-0.048947,1.3366,-1.0895,0.15663,0.38178,-0.40699,0.3066,-0.01733,-0.36605,0.30342,-0.185,0.53895,0.44152,-1.3109,0.13518,-0.0045588,0.24703,0.091963,-0.34061,-0.40255,0.69741,-0.19267,-0.026551,0.12527,-0.1478,1.3262,-0.2393,-0.51006,0.88152,-0.0095165,-0.28923,-0.32809,-0.53542,-0.81344,-0.12319,0.18216,0.021883,-0.034784,2.4255,1.8383,-0.29538,-0.22905,0.061791,-0.020612,-0.28396,0.17689,0.064683,1.3453,0.33524,0.43485,-0.15953,0.2957,-0.35947,0.12001,0.869,-0.25036,-0.88717,-0.23906,-0.041437,-0.10047,0.087038,0.1192,0.0094187,0.063003,-0.47845,-0.16134,0.27804,0.14338,-0.39586,-0.14161,-0.54365,-0.14255,-0.21748,-0.66541,0.1993,0.097761,-0.13076,-0.21878,0.31912,-0.083886,0.00029952,-0.06852,-0.69294,-0.40571,-0.71576,0.078794,0.034237,-0.35925,-0.072317,-0.14552,0.34067,0.16272,0.065327,-1.145,0.12617,0.37606,-0.50358,-0.11376,0.012717,0.12529,0.34927,-0.15716,0.36006,-0.26845,0.4243,-0.13856,0.12449,-0.73338,0.52908,0.14041,-0.1228,-0.037932,-0.40621,-0.2905,-0.093554,-1.8128,0.0062311,-0.53396,-0.012407,-1.1806,-0.6379,-0.096809,-0.61497,0.21281,0.10722,0.40126,0.06249,-0.13653,-0.35437,1.2137,0.020956,0.067079,-0.54087,-0.41086,0.25319,0.27658,0.2318,-0.34302,0.08869,-0.95584,0.034823,0.14984,0.0070134,-0.020607,0.10867,0.087822,-0.053234,0.1559,-0.3569,1.348,-0.047381,-0.46269,-0.22563,0.19963,-0.033503,0.10338,0.19598,1.0681,-0.38451,0.27741,-0.13734,-0.25514,0.12977,0.0019411,0.19884,-0.1912,-0.1893,-0.39433,-0.28617,0.035594,0.021111,-0.30035,0.31727,0.34022,0.21504,0.47561,0.35734,0.10652,-0.1709,0.11393,-0.23464,0.22889,-0.070793,-0.12442,0.30817,0.036316,-0.33671,1.0545,0.0010393,0.15161,0.0097781,-0.32657,-0.29878,-0.11294,0.0069279,-0.9626
TCGA-24-2254-01A-21-1560-20,OV,Primary,35,0.13902,-0.10649,-0.11082,0.44409,0.49103,-0.72717,-0.90863,0.3969,-0.15421,-0.85472,-0.65053,-0.26276,0.86958,-0.0040159,1.2327,-0.4518,-0.35131,0.17154,-0.1257,-0.015913,0.95385,-0.093848,0.27696,0.31276,-0.19482,0.037805,0.34783,0.25377,-0.017377,-1.0278,-0.42221,0.052026,-0.2119,-0.22983,0.029091,-0.071083,-0.41565,0.15208,0.15988,0.82856,0.47015,0.11708,-0.075429,0.52686,-0.39437,0.54985,0.095125,-0.72807,0.65331,0.036297,-0.013766,-0.085861,-0.22052,1.2243,0.2308,-0.12368,0.40703,-0.074561,1.6342,-0.14619,-0.22402,-0.031868,-0.61121,-0.26632,0.17368,-0.10279,0.50328,1.2147,-0.53853,0.27916,-0.056383,-0.35275,0.11624,-0.02311,0.084131,0.75594,-0.21698,0.20256,-0.12852,0.18474,0.085392,0.38051,0.79973,0.27541,-0.423,-0.13857,-0.067931,0.26395,0.14995,-0.012153,0.75939,0.80875,-0.30759,0.31675,0.2468,-0.63346,0.61588,-0.0012658,-0.13801,-0.21137,0.48758,-0.41619,0.20423,0.063784,0.53238,0.098849,0.35397,-0.069726,-0.19149,0.45421,-0.58154,0.97052,0.54661,0.19901,-0.24617,-0.23688,-0.06407,-0.67508,0.17979,0.23046,0.58818,0.15228,-0.083613,1.1687,0.20323,-0.13091,-0.095666,0.3935,1.5414,-0.19439,0.027932,-0.12657,0.25526,-0.22211,-0.090695,0.25057,0.66731,0.38481,-0.3362,-0.10797,-0.42612,-0.83509,0.2195,-1.3964,0.27222,-0.083478,-0.11483,-0.77017,-0.17745,-0.089099,-0.47058,0.15815,-0.0095637,0.11739,0.09331,0.20235,-0.10947,0.98619,-0.0047803,-0.13951,0.032117,0.53765,-0.093619,-0.015535,-0.91832,0.19227,0.62315,0.63676,0.23677,0.065805,-0.041589,-0.01252,-0.10738,-0.797,0.51288,0.14219,0.13881,2.1982,-0.17948,1.0963,-0.28744,-0.020748,-0.10296,0.11077,0.10048,1.0317,-0.38191,0.25005,0.13594,-0.30244,0.051408,-0.01581,-0.079529,-0.22604,0.60822,1.1715,-0.018382,-0.24216,-0.029813,-0.56138,0.055138,-0.17069,-0.00096542,-0.47317,0.15239,0.85665,-0.051017,-0.12295,0.020898,-0.053526,-0.15096,-0.38456,-0.3437,0.052344,-0.22682,-0.41055,-0.15804,-0.063118,-0.43073,-0.4848,1.9472,0.070707,-0.24253,0.091199
TCGA-24-2289-01A-21-1560-20,OV,Primary,35,0.12958,-0.26836,-0.20872,-0.19249,0.0622,-0.51669,-0.67375,0.036602,-0.42104,-0.76427,-0.34639,0.017066,0.053936,-0.42571,0.52484,-0.4229,-0.22586,-0.46631,-0.20139,0.0041664,0.58568,-0.093572,0.18189,0.35715,-0.38515,-0.025366,0.33564,-0.065687,-0.10055,-0.33943,-1.3982,0.19343,-0.12924,-0.24067,-0.045975,-0.10427,0.14638,0.29768,0.14231,1.3193,0.3827,-0.47501,-0.039334,-0.1015,0.4975,0.19976,-0.0090684,-0.23875,-0.052139,-0.2584,0.15637,-0.06812,-0.11009,0.98769,-0.30525,0.017332,1.707,-0.035104,0.86522,-0.07198,-0.24206,-0.12344,-0.16356,-0.030638,0.50959,-0.071534,0.10604,0.8803,0.59031,0.011138,0.42171,-0.022236,-0.47665,0.23086,-0.10317,0.51655,0.52278,-0.18921,0.030623,0.17648,0.29118,0.40122,0.31326,0.091366,-0.18778,-0.42692,0.083059,-0.18821,0.11983,-0.12786,0.58673,-0.069586,0.13465,0.0097169,0.13706,0.37672,0.24174,-0.36003,0.015132,0.20832,-0.026959,-0.19078,0.067625,0.07682,-0.23516,0.021337,0.19038,-0.00076832,-0.21428,1.5037,-0.66221,0.76129,0.72669,0.17412,0.26993,-0.25241,-0.17294,-0.25272,0.34411,0.42674,0.0094287,-0.093962,-0.093144,0.31382,-0.10348,-0.28651,-0.30184,0.071065,0.51957,0.063925,0.2905,-0.12214,-0.078612,-0.048627,0.036458,0.049888,0.29875,-0.048399,-0.29214,-0.065568,-0.35513,-0.36309,-0.12696,-0.012771,0.051587,0.14819,0.041399,0.39621,0.13646,0.060858,-1.5012,0.5851,-0.13977,0.74739,0.31646,-0.051007,-0.12082,0.58497,-0.014841,0.064613,0.037632,0.17483,0.67139,-0.065002,-0.21584,0.372,0.35641,0.10873,0.072001,0.09783,-0.081785,-0.022079,0.1796,0.36056,-0.041363,0.78415,-0.067832,0.98069,0.015302,-1.9304,0.064946,-0.024507,-0.23265,-0.057005,0.044739,0.78189,0.027577,0.33288,0.19538,-0.39033,0.097861,-0.02036,0.16789,-0.17018,-0.15149,0.17269,-0.11306,-0.16369,0.03119,-0.0076816,-0.0012104,0.23179,0.37364,0.30383,0.13369,0.34185,-0.091957,-0.20332,0.08895,0.0012683,-0.27623,-0.1984,-0.2431,0.050543,-0.13649,-0.49681,-0.058028,0.003918,-0.11863,-0.25918,0.26347,0.2114,-0.18828,0.069045
TCGA-59-2351-01A-21-1560-20,OV,Primary,35,0.19099,-0.076424,-0.074872,-0.38011,-0.13825,-0.5036,-0.72598,-0.35888,-0.39871,-0.71127,-0.53725,-0.01277,1.1063,0.62322,-0.14244,-0.073742,-0.21749,-0.49719,-0.010439,0.17975,-0.66172,0.67783,0.36199,0.074831,0.091532,0.31816,1.6638,-0.1468,0.25086,0.050258,-0.73218,0.26033,-0.071877,0.044702,0.23608,0.29036,0.46145,0.54123,-0.15422,0.91392,1.1668,-0.29873,0.32798,0.62999,-0.52496,-0.16376,-0.56856,-0.45769,0.71512,-0.056751,-0.030527,0.36707,0.061833,0.24145,-0.35205,-0.34908,0.64151,0.42508,1.3704,-0.14684,-0.55653,-0.61769,-0.42458,0.44772,0.92255,0.12701,3.2893,1.7883,0.21409,0.67287,0.19181,-0.44025,-0.28998,0.075134,-0.10838,0.2101,0.29377,-0.50291,0.46195,0.68031,-0.26056,-0.0071381,1.1929,0.55278,-0.76198,0.25959,0.062654,-0.082811,0.2392,-0.25727,-0.71048,0.42082,-0.37689,0.86139,-0.028256,0.41485,-0.12898,-0.079373,-0.48453,-0.19529,0.13196,-0.36383,-0.064999,0.14467,0.15691,0.18181,0.34379,0.072295,0.32938,0.49301,-0.64042,0.02099,-0.3597,0.24078,0.24245,-0.17134,0.010549,-0.12644,0.15651,-0.13149,0.1653,0.081688,0.62776,0.056336,-0.19099,-0.31546,0.018922,0.14665,-0.14495,-0.049139,-0.26573,-0.030078,-0.0027182,-0.65808,-0.17199,-0.46666,-0.041562,-0.10964,0.079692,0.22622,-0.048736,-0.27715,-0.047428,-0.86356,0.12508,0.4117,0.030714,-2.0298,-0.63753,-0.072226,2.3018,0.098778,0.39008,0.59898,0.64261,0.26906,-0.38365,0.20217,0.099816,0.51488,-0.56104,-0.43499,-0.058447,0.59971,-0.64247,0.083618,0.030737,0.37171,0.39314,0.095974,0.11505,0.31446,0.16484,-0.74333,-2.1463,-0.044029,-0.085358,1.0177,0.21436,-1.0509,-0.45556,0.27354,-0.48987,0.15813,0.2351,-1.0302,-0.52625,-0.34236,-0.46471,-0.61321,0.026378,0.16241,0.16671,-0.10287,-0.19327,-0.24944,-0.065628,0.22207,0.33258,-0.72292,0.049686,-0.049199,-0.19912,0.3926,0.19929,-0.050766,-0.17242,-0.55542,-0.32905,0.42054,-0.25478,-0.2852,-0.25235,0.019639,-0.30341,-0.61223,-0.70431,0.06418,0.12671,-0.61134,1.0607,-0.21048,-0.1277,-0.86829
TCGA-25-2396-01A-21-1560-20,OV,Primary,35,0.10499,-0.11372,-0.14576,0.010841,0.62247,-0.34794,-0.38986,0.26758,0.11468,-0.39057,-0.17799,0.68854,0.69991,0.055064,0.43559,-0.45697,-0.29176,-0.35576,-0.059599,0.013056,0.37516,-0.22049,0.90634,0.047934,-0.41272,-0.0063636,0.38443,0.0044675,0.053127,-0.6402,-0.17966,0.070767,-0.4272,0.33661,0.096193,-0.058092,0.55811,0.35506,0.18646,0.96997,0.61974,1.2114,-0.23319,1.487,0.068476,0.21956,0.40067,-0.96177,0.37114,-0.49476,0.64655,-0.12841,0.29002,1.8254,-0.063958,-0.49287,-0.66392,0.043287,1.8167,-0.10499,-0.1847,-0.2586,0.14223,0.18834,0.1536,-0.1252,-0.6323,0.74041,-0.43206,-0.22438,-0.069926,-0.47008,0.051629,-0.30555,-0.17624,0.93653,-0.24317,0.26614,-0.26422,0.131,0.17978,0.35489,-0.043906,1.0238,0.12556,-0.36494,-0.00148,0.15657,0.15184,-0.38874,-0.42665,0.37423,-0.042479,0.49422,0.20617,-0.42747,-0.23483,-0.085061,-0.30782,-0.4111,0.30501,-0.77375,-0.32869,0.11382,0.23788,-0.095072,0.013117,0.43965,-0.13125,0.82257,-0.51247,0.62786,0.41755,0.32929,0.77357,-0.33904,-0.0048372,-0.73254,0.16513,0.35271,1.0628,0.11602,-0.14221,1.1948,0.30143,0.029089,0.17085,-0.043694,0.21483,-0.18174,-0.073267,-0.12308,-0.019078,-0.20174,-0.21957,0.83926,0.13503,0.75719,-0.23644,-0.097602,-0.18205,-0.6079,0.37997,-0.98574,0.048691,1.0163,-0.1181,-1.3983,-0.2153,-0.035477,0.54864,0.39856,-0.15928,0.013428,0.073953,0.11385,-0.57049,0.78828,0.056338,-0.045152,-0.44636,-0.1097,0.014516,-0.30276,-0.12202,0.1492,0.68307,0.55056,0.10685,0.08552,-0.088058,0.066762,-0.029433,-0.3059,-0.55168,0.24597,0.21303,1.6615,-0.16904,0.76385,0.52768,-0.03368,0.1841,-0.18286,0.062404,-0.2247,-0.64575,0.15894,0.307,0.18265,0.028341,0.023436,0.076436,-0.2374,0.28354,0.58485,-0.01213,-0.1589,0.023477,0.2972,-0.13995,-0.22041,0.11212,0.55218,0.49914,1.1386,0.099845,-0.31195,0.40163,-0.12109,-0.38623,-0.21393,-0.31748,0.12041,-0.11019,-0.51418,-0.41078,-0.13874,0.054677,-0.39465,1.7364,0.3977,-0.18676,0.85436
TCGA-29-2427-01A-21-1560-20,OV,Primary,35,0.12365,0.42226,-0.38973,-0.12303,0.032757,-0.57653,-0.64107,-0.049096,-0.30383,-0.97127,-0.47961,0.1397,-0.28087,0.33717,0.6524,-0.11639,-0.038618,-0.52065,-0.025133,0.27529,0.30433,0.096434,0.56921,0.097686,-0.2406,0.062111,1.0405,0.16444,-0.10138,-0.55462,-0.084276,0.13364,-0.39023,-0.15918,-0.015645,-0.059084,-0.11577,0.17973,0.091092,1.0759,1.0145,0.24388,-0.10809,1.1169,-0.25497,0.21295,0.79194,-1.0607,0.86095,-0.243,-0.10355,-0.06413,0.033181,1.2682,0.12734,0.30925,1.3801,0.35428,1.5113,-0.14661,-0.23388,-0.97214,-0.077194,-0.088354,1.2128,-0.25336,0.31762,1.515,0.26727,0.13936,0.34665,-0.098439,0.37395,0.49949,-0.013701,0.82715,0.45504,0.015751,-0.09097,0.24011,0.078681,-0.035287,0.10155,-0.19517,0.27332,0.077021,0.26289,0.30567,0.048275,-0.0074931,-0.28001,0.36458,-0.17041,-0.15971,-0.2648,-0.27791,0.15139,-0.21459,-0.10108,0.87018,0.327,-0.12856,0.11339,0.098553,-0.20833,-0.12372,0.82696,-0.014335,-0.046131,-0.95421,-0.53578,0.020682,-0.5123,0.10007,0.20621,-0.38589,-0.075589,-0.31784,-0.0019744,-0.60061,-0.050141,0.72409,-0.044424,1.3566,0.22363,-0.19438,-0.14388,0.19662,0.26906,0.38029,-0.23555,-0.14018,-0.070925,-0.20095,-0.078033,0.27813,0.14987,-0.044093,-0.29069,0.069042,-0.35179,0.1027,0.31221,-1.115,0.28923,-0.12616,0.064919,-1.9873,-0.87164,-0.14319,-0.79363,0.47449,-0.038998,0.27798,0.19867,0.1924,-0.39701,0.36143,0.0068585,0.098611,0.12572,-0.33841,0.24259,0.052671,-0.31412,0.17472,0.1065,0.92697,0.039025,0.15835,0.0037249,0.043799,0.17114,-0.19908,0.038896,0.46562,-0.14128,2.5454,0.14845,-1.6016,0.4371,0.010789,0.27742,-0.077529,0.092985,0.12823,0.46487,-0.23676,-0.13721,-0.2112,-0.098619,0.30572,0.26174,0.15941,-0.12623,0.21855,1.1861,-0.011579,0.29046,-0.54875,1.1325,0.40098,0.24139,0.0033982,0.26878,0.3794,-0.28073,-0.20858,-0.23607,-0.00073949,-0.29811,-0.21858,-0.24626,-0.0047704,-0.23061,-0.49274,-0.39642,-0.096827,0.4343,-0.13101,1.8166,-0.19211,-0.02512,-0.41391
TCGA-36-2529-01A-21-1560-20,OV,Primary,35,0.098746,-0.48785,0.05247,-0.33263,0.085727,-0.4876,-0.47951,0.12875,-0.40334,-0.43127,-0.19567,0.85022,0.34995,1.0278,-0.071299,-0.26444,-0.06448,-0.81387,-0.061522,0.056064,0.43824,0.082219,0.19491,0.15479,-0.24924,0.069609,0.66344,0.094125,0.053444,1.1773,-0.76975,0.1517,-0.3194,-0.0085879,-0.010681,-0.097551,0.14943,0.20667,-0.049955,0.33911,0.52219,0.48503,-0.085145,1.1044,-0.35539,0.33702,-0.16478,-0.64624,0.68545,-0.34306,-0.094183,-0.030336,-0.24457,0.97016,-0.61784,-0.12773,-0.07355,-0.24333,1.4738,-0.3362,-0.17996,-0.74473,-0.1462,-0.00030777,0.66166,-0.13029,-0.35678,1.2704,-0.018325,0.092524,0.34621,-0.25552,-0.26627,0.032787,-0.15043,0.55791,-0.052958,0.34908,-0.14366,0.22704,0.22959,0.19496,0.42009,1.0546,0.095184,-0.15338,0.062015,0.0099619,0.12787,-0.076462,0.07003,0.5027,-0.0023483,0.082902,-0.00080127,0.24453,0.6016,-0.16947,-0.22744,0.23235,0.44742,0.61642,1.0003,0.22044,-0.22934,-0.054153,1.6982,-0.2085,-0.2159,-0.18331,-0.5932,0.097269,0.074292,0.13113,0.38197,-0.38988,-0.2005,-0.66724,0.098758,-0.11195,0.35109,0.66247,0.10411,0.25189,-0.017126,0.1161,0.013916,-0.22341,-0.27003,0.12956,-0.055737,-0.12781,0.29754,-0.14147,0.3441,0.29498,0.062191,0.17774,-0.15303,-0.07423,-0.35314,-0.42064,0.14709,-1.3399,0.16872,0.19888,-0.13114,-1.8066,-0.61931,-0.043141,-1.2997,0.33849,-0.065133,-0.15538,0.49288,0.029509,-0.48832,0.26374,-0.13624,-0.093018,0.11746,0.17396,0.1008,-0.01815,-1.0865,0.17393,0.26012,0.55587,0.093412,0.14072,-0.020241,0.051086,0.027522,-0.076225,-0.69398,0.021592,0.0019421,1.6981,0.072304,1.3284,0.81973,0.014961,0.25751,0.065929,0.12958,-0.32681,-0.091956,0.10137,-0.16559,-0.28065,0.0047723,0.031838,0.0025031,-0.00050936,-0.059758,0.16672,0.20872,-0.11719,0.086767,0.020775,-0.04132,0.076765,0.17493,1.0433,0.58592,1.1117,-0.14321,-0.15338,-0.16123,0.19955,-0.38086,-0.18973,0.13316,0.024931,-0.16018,-0.31759,-0.46029,0.056834,0.21731,-0.21043,0.18906,0.061118,0.026443,0.25888
TCGA-24-2027-01A-21-1560-20,OV,Primary,35,0.072785,-0.19972,-0.38604,-0.059767,0.043178,-0.80461,-0.71414,0.031795,-0.62137,-1.1468,-0.35398,0.46585,0.24705,0.526,0.94142,-0.40317,-0.21918,-0.44897,-0.023139,0.16881,0.46071,0.10232,0.28277,0.16876,0.11879,0.076813,-0.30941,-0.097052,-0.099542,-0.67718,0.86962,0.19993,-0.45189,0.024017,0.34732,-0.14506,0.023174,0.24176,0.062766,0.51086,1.7124,0.4367,0.063533,0.57697,-0.018752,0.61154,0.091696,-0.96852,0.30926,-0.055804,0.047351,-0.00548,-0.26599,-0.099884,-0.34866,-0.56397,0.57724,-0.017485,0.96877,-0.53235,-0.026928,-0.3899,0.15469,0.11447,0.10447,-0.073573,1.1738,1.8644,-0.076718,-0.012323,-0.057445,-0.5574,-0.14374,-0.029843,-0.027136,0.38306,-0.008539,-0.41266,-0.048925,0.22485,-0.0016981,0.20016,0.1053,-0.673,-0.3222,-0.27358,0.21046,-0.18799,0.16434,-0.16483,0.43065,0.17235,0.0023927,-0.28407,0.062633,-0.20631,0.271,0.10038,-0.63943,-0.55918,-0.050823,-0.44177,0.29539,0.1133,0.15358,-0.21308,0.48284,-0.020327,0.46479,-0.77156,-0.76529,0.20484,-0.36541,0.11315,-0.10119,0.026163,-0.032336,0.45995,0.13291,0.46234,0.35497,-0.31599,0.063592,0.60565,-0.12731,-0.074001,0.50385,0.64699,1.3935,-0.031679,-0.16462,-0.16931,-0.10742,-0.1787,0.044591,-0.013512,0.32093,0.38066,-0.23483,-0.14449,-0.052116,-0.094387,0.30049,-0.5186,0.43741,0.69423,0.037335,-1.6091,-0.60995,-0.12838,1.6287,-0.034745,0.051883,-0.078948,0.66493,0.11586,-0.48155,0.91985,0.042225,0.41303,-0.592,-0.44443,-0.12461,-0.023973,-0.069761,0.14313,0.43711,0.39012,-0.010007,0.10409,-0.12594,-0.017522,-0.097481,-0.32982,-0.19058,0.78455,-0.43299,1.7501,-0.016369,-1.3392,-0.13404,0.090342,0.02349,0.10944,0.045781,-0.33422,-0.60927,0.41793,-0.18309,-0.067828,-0.11058,0.47296,0.30693,0.22057,0.27414,0.78228,1.4728,-0.00049052,0.038572,0.13617,1.6128,-0.097869,-0.09917,0.59983,0.34795,0.73501,0.054021,-0.17877,-0.018867,0.053306,-0.13956,-0.079271,0.020893,0.097371,-0.12016,-0.53947,-0.047555,0.024798,-0.098065,-0.33313,1.4767,-0.048656,-0.15532,0.41067
TCGA-09-2044-01B-21-1560-20,OV,Primary,35,0.12346,-0.30985,-0.014957,-0.38952,0.10538,0.36376,0.72058,0.37372,-1.1877,-1.2774,-0.66505,0.076298,-0.96475,1.392,-0.70496,-0.25294,0.25903,-0.48577,-0.2273,0.20228,-0.65035,-0.2588,0.94294,-0.32454,-0.70725,0.042638,-0.48514,0.31203,-0.36459,-0.46978,-1.3724,0.052715,-0.37574,-0.021622,0.055701,-0.24696,0.2212,0.11887,0.061231,0.46364,0.43262,0.93757,-0.32287,0.10567,-0.048085,0.35402,0.10708,-0.34036,-0.62236,-0.094719,-0.43604,-0.014551,-0.17999,1.1395,-0.48062,0.38334,0.65611,-0.13771,1.441,-0.4856,0.1133,-1.4463,-0.028512,0.011306,0.025296,-0.035334,-0.26953,1.211,-0.1045,-0.56984,-0.4967,0.021264,0.11646,0.47636,-0.061694,-0.41259,0.46952,-0.68555,0.016267,-0.0053446,0.32485,0.27745,0.17502,0.70057,-0.37031,-0.15834,0.012344,-0.094444,0.19531,0.12863,-1.1144,-0.038436,0.53435,-0.34318,-0.246,-0.19984,-0.36954,1.0202,-0.82339,-0.34557,0.15406,-0.71774,-0.033199,0.21637,-0.27054,-0.72644,0.9177,-0.81647,0.16296,-0.81029,-0.53396,-0.19171,0.58799,-0.03794,0.80724,-0.20382,-0.037732,-0.65835,-0.15127,-1.5716,-0.57713,0.31463,0.24613,0.89881,-0.48602,0.052236,0.38958,0.00066148,-1.3544,-0.056929,-0.20436,0.16216,0.2091,-0.057277,0.14009,0.48304,-0.26579,0.16326,-0.56598,-0.057293,-0.0024965,-0.19503,0.2686,0.53237,-0.186,1.0551,0.35348,0.78749,-1.1767,-0.0369,-0.9347,0.17247,0.029022,-0.358,-0.21794,-0.23395,-0.05827,-0.48351,-0.25908,-0.070673,-0.53409,-0.4434,0.45773,-0.11117,-1.1135,0.62571,0.43775,0.089411,-0.2236,0.18638,-0.017824,0.1941,0.21224,-0.011039,-2.8198,0.83511,-0.48826,1.6595,-0.082377,1.6883,0.72971,0.064789,0.11905,-0.069251,0.071234,-0.76994,-0.46394,0.0051739,0.2492,0.050708,0.20135,-0.14165,-0.028276,0.20895,0.94097,1.3269,-0.37451,-0.35654,-0.069677,-1.1185,0.062366,0.79527,0.14685,0.72199,0.60841,0.60918,-0.13068,0.21583,0.23417,0.24177,-0.25406,-0.091071,0.085346,0.013152,-0.1803,-0.35038,-0.19504,0.088292,0.39643,-0.15151,2.1733,-0.50294,0.035181,-0.45516
TCGA-23-2078-01A-21-1560-20,OV,Primary,35,0.32053,-0.43594,-0.27417,0.21981,-0.90797,1.6318,1.3604,-0.10013,1.2077,0.48917,-0.23631,-0.1339,-0.20257,-0.25293,0.5761,-0.0050041,-0.20754,1.1909,-0.046826,-0.26914,-1.2762,0.26897,0.098334,0.1808,0.46395,-0.093693,0.12799,0.11139,-0.061149,0.75162,1.3378,0.003593,-0.1669,-0.35413,0.041578,-0.16186,-0.52167,-0.18125,-0.646,-1.2307,1.6742,-1.0082,0.10467,-0.29461,0.13864,-0.25591,-2.7457,-0.76217,-0.20039,0.18284,0.46171,0.18376,-0.16494,-0.19188,-0.4069,-0.097469,0.37852,-0.17334,-0.11332,0.21848,-0.58408,-0.53945,-0.9817,0.015541,0.43094,0.18989,1.2741,0.3774,-0.37558,0.035015,0.42141,0.22478,-0.62648,1.2932,-0.23271,1.3524,0.50035,0.40946,0.073473,0.14958,-0.47846,0.31271,0.48219,0.37746,-0.33967,0.32952,0.0040703,0.58545,0.047264,0.092923,0.68609,-0.37992,-0.27944,0.80337,0.12677,-0.20945,0.21911,-0.00096826,-0.17854,0.24228,0.36922,-0.20732,0.475,0.2008,-0.10256,0.0084319,0.50125,-0.27834,0.10531,-0.79506,-1.5917,0.23236,-0.0463,0.30975,-0.070659,0.0023148,0.090574,0.043972,-0.07026,1.2944,1.1825,0.18028,0.047818,-0.086723,-0.26749,-0.4153,-0.30091,-0.45861,-0.21772,-0.39806,0.10854,-0.21511,0.42585,0.30977,0.029436,-1.0639,0.083024,-0.29071,-0.23978,0.322,0.061521,1.785,-0.66556,2.1568,0.047236,-0.28155,0.33615,-1.2159,-0.34012,0.27127,2.6338,0.086133,0.39572,0.47074,-0.061557,-0.071928,-0.10698,-0.042158,0.17524,0.42584,0.53279,0.26593,0.15378,0.94389,-0.27974,-0.17072,-0.57271,0.32797,0.057499,-0.22834,0.063424,0.092062,-0.10694,-0.55197,-0.13031,-0.19112,0.4132,-1.4601,-0.085974,-0.84106,-0.36891,0.2757,0.18353,0.61223,0.5686,0.81773,0.068753,-0.67003,-0.68971,-0.53868,0.50307,0.07622,0.22686,-0.66933,-0.70936,-1.0645,0.043498,0.12172,0.18852,-0.30672,-0.084744,0.73948,0.23949,0.055137,0.81899,-0.19357,-0.2146,0.1699,-0.10912,0.4473,0.052091,-0.39763,0.51768,0.072008,-0.59481,-0.48997,0.84203,0.48409,0.57098,0.31232,-0.69081,0.98436,0.46952,-0.64957
TCGA-61-2096-01A-21-1560-20,OV,Primary,35,0.04096,-0.23188,-0.09627,0.40653,0.81984,-0.7048,-0.88188,-0.47842,-0.26398,-0.83565,-0.63278,-0.59077,0.37152,0.26699,0.69212,-0.39328,-0.47043,-0.64513,-0.050571,0.065264,1.2745,-0.00061449,0.90307,0.53793,0.1354,0.097666,0.51623,-0.0030329,0.18989,-0.7047,-0.98344,0.16876,-0.33834,-0.13216,0.17619,0.015359,0.14093,0.33938,-0.11513,1.0922,1.3367,0.0089806,0.041467,-0.057908,0.17335,0.22217,1.3024,-1.3667,0.34425,-0.29445,0.63556,0.061359,-0.033836,1.5014,0.075715,-0.39696,0.049689,-0.1106,1.5814,-0.23704,-0.087723,0.36235,-0.55327,0.078536,0.14789,0.03732,1.0151,1.7083,-0.24075,0.0075774,0.3644,-0.47912,0.29452,-0.31882,-0.2322,1.1618,0.14273,0.21299,-0.029539,0.27259,0.42278,0.2097,0.33789,-0.10439,-0.87595,-0.36671,0.00055924,-0.047287,0.21546,-0.18695,-0.095693,0.37546,-0.1836,0.34583,0.34712,-0.74758,-0.2762,-0.17724,-0.52498,-0.39946,-0.087733,-1.013,-0.75946,0.080883,0.24129,0.042313,-0.28045,0.28549,0.036258,0.50985,-0.59765,0.082588,0.38992,0.47612,0.19662,-0.13847,0.0040498,-0.19489,0.4659,1.0281,0.13199,-0.58773,0.097768,0.16608,-0.30564,0.10182,0.25916,0.024358,0.54719,-0.14034,-0.01265,-0.12519,0.30274,-0.22398,0.17466,-0.11945,0.65101,0.34685,-0.32225,-0.11195,-0.30612,-0.58946,0.44237,-0.74658,0.091611,0.040455,-0.20104,-1.5105,0.15636,0.015748,-1.6681,0.11701,-0.062599,0.73134,0.34297,-0.0027467,-0.24211,0.70759,-0.13275,0.052931,-0.40453,-0.35694,0.25439,0.16474,-0.47676,0.26199,1.4993,-0.14316,0.050246,0.079815,0.22007,-0.03993,0.037308,-0.71586,-1.2068,0.16135,-0.051992,2.7731,-0.18123,1.2956,-0.43947,0.21128,0.1087,-0.10087,0.12474,-0.61097,-0.90751,0.41343,0.46589,0.29907,-0.04117,0.065074,-0.012799,-0.24352,0.14285,0.91308,0.42052,-0.11833,0.16277,-0.66466,0.031382,-0.094746,-0.14748,0.23378,0.074124,1.9137,-0.03893,-0.27187,-0.091674,-0.0014465,-0.3337,-0.072407,-0.33735,0.080113,0.0047736,-0.52765,-0.24381,0.19737,-0.06709,-0.40896,0.35538,0.25266,-0.11508,1.3454
TCGA-24-2260-01A-21-1560-20,OV,Primary,35,0.024898,-0.51821,-0.44882,-0.59932,-0.090466,-0.17548,-0.06025,0.056751,-1.2152,-1.4218,0.22012,1.3536,-0.1337,0.4288,0.25591,-0.2947,-0.094901,-0.27627,0.027068,0.16416,0.32179,-0.18798,0.94071,-0.13119,-0.2969,-0.058946,0.56542,-0.10116,-0.24193,-0.22244,0.042663,0.23598,-0.28944,-0.23588,-0.17811,-0.20525,-0.061021,0.11721,0.043733,0.30027,1.0226,-0.25893,-0.19984,-0.051916,0.13941,0.42306,0.38095,-0.75811,0.1127,-0.19509,-0.35972,-0.1325,-0.46359,1.7993,-0.54681,0.94149,0.89201,-0.22655,0.28823,-0.30808,0.15513,-2.0292,-0.2781,-0.30249,1.0393,-0.24463,0.33275,0.46126,0.18695,-0.29456,-0.29429,-0.41151,0.12882,0.30907,0.053519,-1.0954,-0.4984,-0.93313,0.013787,0.14488,0.2989,0.29885,-0.026477,-1.5396,-0.26134,-0.34881,0.0017952,-0.18175,0.095241,0.03622,-1.6967,0.82756,-0.1019,-0.18442,-0.44031,1.279,0.34947,0.034141,-0.27697,1.365,0.23088,-0.0899,0.07959,0.1612,-0.20483,-0.57335,0.26027,-0.1334,-0.28291,-0.7508,-0.42681,0.31567,0.26942,0.05289,0.10811,-0.27862,-0.058309,-0.26986,-0.14013,-0.98933,0.030132,0.092076,-0.015728,0.21648,-0.06076,-0.00048548,0.096206,-0.10573,0.26801,0.1275,-0.30461,-0.18578,0.04319,-0.028775,0.18605,-0.83106,-0.15028,0.13509,-0.12092,0.030501,-0.11838,0.2071,0.018912,-1.0041,0.32189,0.0027463,0.29416,-1.2009,-1.5097,-0.079842,0.20311,0.60634,-0.13876,-0.5594,0.30437,-0.046899,0.012313,0.11175,0.044683,0.028387,0.059301,-0.092246,0.3782,-0.040966,-0.49361,0.27419,0.44119,0.53854,-0.010013,0.10103,-0.079486,0.56793,0.11841,0.41618,1.0217,0.85687,-0.38622,1.7646,0.21217,0.076354,0.26666,0.10602,0.28595,-0.010266,0.12179,0.063328,0.34007,0.54613,0.17494,-0.10221,-0.10106,0.021996,0.015831,-0.019716,0.24827,0.082281,-0.0034999,-0.13664,0.036716,-0.036659,0.033199,0.15041,0.53838,0.14048,0.303,1.1123,-0.18417,0.10033,-0.34058,0.053886,-0.25931,-0.06326,-0.063431,0.0056958,0.010846,-0.35583,-0.31236,-0.042932,-0.045021,-0.078867,-0.10947,-0.43751,-0.0014428,0.46486
TCGA-24-2290-01A-21-1560-20,OV,Primary,35,0.085705,-0.028378,-0.17645,-0.31381,-0.60324,-0.2601,-0.054262,0.17964,-0.76953,-1.1525,-0.27354,0.42084,-0.89809,0.70331,-0.018063,-0.38256,-0.071395,-0.17958,-0.18312,0.059346,-0.057812,-0.22517,0.26305,0.2014,-0.55725,0.011722,0.36755,0.050959,-0.037001,-0.61522,-1.1454,0.098416,-0.35195,0.27503,0.040842,-0.17087,0.96627,0.3687,0.14785,0.35904,0.10928,1.3276,-0.17625,1.1385,0.0070289,0.32677,0.28618,-0.60293,-0.078919,-0.31879,-0.015769,-0.13393,0.10284,1.9179,-0.076493,0.38148,0.42632,0.056125,0.75768,-0.16917,-0.037642,-0.20286,-0.38707,-0.25442,0.039066,-0.092051,-0.3819,0.27029,-0.24818,-0.27846,0.33447,-0.55235,-0.16028,0.47201,-0.043454,1.457,0.1254,0.37931,-0.13088,0.071539,0.21082,0.26156,0.31685,0.42537,-0.2569,-0.19051,0.073483,-0.11337,0.11181,0.19017,0.61106,0.61769,0.13819,-0.011445,0.066679,0.14885,-0.15528,0.30139,-0.35864,0.083604,0.13137,-0.35251,0.25607,0.25608,-0.26175,-0.19006,0.090268,-0.42296,-0.11455,0.18736,-0.49632,0.35089,0.22418,0.3049,0.33441,-0.48344,-0.038618,-0.32109,0.027161,-0.35469,0.66324,0.043028,-0.13942,1.5513,-0.041892,-0.37488,-0.090961,-0.15301,-0.54197,-0.30865,0.25232,-0.27248,0.13739,-0.013806,-0.22046,0.019979,0.51313,0.4921,-0.3348,-0.13973,-0.17285,-0.64105,-0.00022186,0.26501,-0.13308,1.3103,0.0056994,-0.7755,-0.42113,-0.072716,-0.90344,0.36417,-0.10303,0.33167,-0.012184,-0.058264,-0.28497,1.0374,0.10907,-0.11879,0.19701,0.53768,0.54051,-0.13162,-0.065583,0.29248,0.59713,-0.27404,0.099743,0.069569,-0.058442,-0.079936,0.0063956,-0.25808,0.49927,1.0383,-0.14706,3.3311,-0.068868,-0.0099764,0.29494,-0.023269,0.29797,-0.051558,0.00015536,-0.43019,0.10723,0.29348,0.38898,-0.11312,-0.019136,-0.079382,0.042456,-0.11462,-0.011675,0.042661,-0.078922,-0.24842,-0.017584,0.050943,-0.043914,0.23864,0.28054,1.2152,0.32761,0.14265,0.17331,0.054851,0.36398,0.10555,-0.12597,-0.080982,-0.10455,0.15258,-0.16618,-0.17157,-0.11002,0.0093543,0.21298,-0.26055,2.4092,-0.072393,-0.062737,0.57988
TCGA-59-2352-01A-21-1560-20,OV,Primary,35,0.22429,-0.4498,0.012069,-0.019005,0.73677,-0.27335,-0.46476,-0.2369,-0.74433,-0.99544,-0.45257,-0.2459,1.2986,-0.011613,0.84254,-0.3699,-0.32054,-0.66184,-0.10549,0.047919,0.41136,0.21992,-0.043184,0.36474,-0.11505,0.10449,0.74476,0.27178,0.10373,1.1796,-0.85432,0.18681,-0.31057,-0.1826,0.12835,0.047471,0.068815,0.42831,-0.12338,1.5479,1.1131,-0.56156,0.051482,-0.067501,-0.5231,0.27047,-1.0192,-0.44307,0.37723,-0.2982,0.0014511,-0.050749,0.0030019,2.7348,-0.22331,-0.78579,-0.067555,-0.13941,0.98803,-0.54656,-0.22651,-0.1966,-0.16387,0.038544,0.70611,-0.034368,0.41594,2.1148,-0.12692,0.93928,0.10029,-0.45545,0.20669,-0.25715,-0.18044,0.47034,0.57555,-0.029845,-0.10867,0.34747,0.28255,0.21041,1.1976,0.63602,-0.51498,0.096529,0.23849,-0.27059,0.30792,-0.082055,-0.16868,0.40392,-0.092316,0.67886,0.35578,-0.43241,0.16526,-0.28033,-0.23803,-0.54337,0.19434,-0.43063,-0.20861,0.11074,0.39097,0.13655,0.32072,-0.053511,-0.26993,-0.24961,-0.44414,-0.13594,-0.086317,0.11969,0.06581,0.1913,-0.021276,0.27428,0.17718,0.67525,0.13153,0.35733,0.20582,-0.38152,0.14543,-0.13202,0.24141,0.26626,1.0206,-0.13015,-0.065894,-0.20238,0.10203,-0.26124,0.14402,-0.010594,0.33538,0.32879,-0.1975,0.010059,-0.33049,-0.39318,0.009995,-1.1877,0.11323,0.15921,-0.0074997,-0.96744,-0.23699,-0.0827,0.12744,0.11853,-0.020951,-0.37949,0.13386,-0.002279,-0.24846,0.73894,-0.063575,0.23307,-0.29867,0.013713,-0.19481,-0.022755,-0.61216,0.23874,0.42778,0.54042,0.15821,0.076515,0.024358,0.17953,0.11435,-0.63655,-0.64432,-0.11319,0.066686,0.43572,0.14638,0.53609,-0.4735,0.10533,-0.5849,0.035122,0.071203,-1.2047,0.21549,0.070284,-0.15309,0.03878,0.058285,0.056782,0.042802,-0.13824,0.25341,0.4809,-0.063744,-0.073164,0.10311,-0.52475,-0.010426,0.15393,-0.13652,0.16629,0.19031,0.68022,-0.13648,-0.15655,-0.20059,0.23109,-0.24127,-0.18171,0.53371,0.039388,-0.1685,-0.45541,-0.58586,0.049759,0.035098,-0.34504,-0.08415,0.06189,0.068451,0.20472
TCGA-25-2397-01A-21-1560-20,OV,Primary,35,0.043594,-0.2748,0.36422,0.21847,1.1011,-0.35191,-0.42628,-0.45193,-0.76971,-0.72293,-0.67503,-1.3168,1.7393,0.64463,-0.19325,-0.49673,0.20844,-0.76628,0.2291,0.053924,1.7122,-0.10992,-0.11856,-0.042784,-0.49956,0.066162,-0.041949,0.055328,-0.074695,-0.075687,-0.067874,0.058883,-0.079611,-0.28316,0.047378,-0.15202,0.010782,0.18423,0.16159,2.3335,0.015094,-0.50874,-0.14345,0.95333,0.86578,-0.040211,1.0282,-0.77949,1.2552,-0.35216,0.085458,-0.060066,0.15284,3.6245,0.42558,-0.24847,-0.17534,-0.12767,1.2788,-0.28249,-0.028957,0.44459,-0.46822,-0.23332,-0.050617,-0.015239,0.33644,1.195,0.57003,-0.37046,-0.13978,-0.28261,0.028277,-0.47061,-0.25858,0.53797,1.281,0.39923,-0.31935,0.15746,0.76973,0.84461,-0.093708,0.20638,-0.28025,-0.48951,-0.12421,0.11045,0.11507,-0.082512,0.8218,0.55933,-0.37173,0.08432,0.45693,-0.32102,-0.43251,-0.15098,-0.61934,-0.13151,0.15633,-0.45738,0.020049,0.043999,-0.1075,0.15575,0.97021,0.30111,-0.26415,-0.068272,0.1398,0.92665,0.58585,0.29813,-0.019786,-0.45973,0.0085495,-0.95398,0.074743,0.085248,0.81427,0.015308,-0.2167,1.8086,-0.46005,0.42313,-0.15005,0.47007,1.5921,0.14647,-0.027582,-0.29353,0.17369,0.15633,0.51701,0.38524,0.5899,0.41594,-0.19152,-0.034981,-0.028196,-0.93531,0.23787,-0.21904,0.068929,0.19524,-0.045116,3.3434,0.085962,0.11875,-1.3397,0.18689,0.15998,1.0888,-0.37617,-0.044271,0.89749,1.4825,-0.03344,-0.065459,0.41734,1.1,0.53564,0.0045831,0.044573,0.67341,1.2251,0.75678,0.37221,0.045646,0.08248,-0.25285,0.32835,-0.1667,0.02035,0.4674,0.11289,1.9761,-0.17815,0.68323,-0.36507,0.029121,0.5492,0.19287,0.15753,1.132,-0.28791,-0.0089888,-0.13366,-0.4696,0.50086,0.055789,0.14426,-0.19991,0.39776,0.99889,-0.17453,-0.18537,0.021027,-0.41723,-0.21502,-0.32658,-0.11578,0.30326,0.80728,0.32224,0.016763,-0.030523,0.42207,-0.030746,-0.29462,-0.10717,0.28847,0.09654,-0.27133,-0.16605,0.089315,0.0052469,-0.127,-0.37847,1.1479,0.014184,-0.099723,0.068997
TCGA-29-2428-01A-21-1560-20,OV,Primary,35,-0.0071863,-0.031691,-0.16263,0.38404,0.33797,-0.52883,-0.76604,0.14351,-0.71821,-0.93746,0.016193,0.1425,-0.48209,0.35399,0.13493,-0.33467,0.16142,-0.84788,0.12786,-0.091359,-0.39847,0.14745,0.92251,0.22541,-0.33682,-0.0080587,0.55621,-0.061656,0.0015185,1.4408,-0.77583,0.1771,-0.53766,-0.012516,0.077902,-0.1101,0.20381,0.2724,-0.014618,0.75146,0.44135,0.515,-0.16301,1.0339,-0.17273,0.52473,-0.64526,-1.1206,0.27728,-0.56524,-0.32332,-0.069159,-0.2391,-0.38603,-0.64905,-0.10855,0.24445,-0.073047,0.2417,-0.28478,0.18793,-0.10594,-0.21647,-0.22082,0.63006,-0.09441,0.49402,3.1243,0.049948,-0.0619,-0.071318,-0.10729,0.063539,0.12819,0.00070772,0.65465,0.026916,0.27108,-0.27022,0.20367,0.29929,0.23696,0.61551,0.7985,-0.25143,0.15805,-0.025382,0.090913,0.15516,-0.26338,0.39536,0.4179,-0.067423,0.58102,0.40623,0.15185,0.18197,-0.28793,-0.17535,0.33756,0.37037,-0.2159,0.31266,0.29402,0.08847,0.033523,0.82628,-0.27904,-0.29089,1.3332,0.28444,0.19446,0.27704,0.060676,-0.094987,-0.5299,-0.29148,-0.60763,0.16913,0.077255,0.11537,0.20653,0.12622,1.944,0.44828,0.352,0.23166,-0.46025,-0.67187,-0.21921,0.0052825,-0.034642,0.27751,-0.19362,0.14276,0.075988,0.24145,0.23327,-0.11258,-0.11825,-0.63358,-0.39364,0.27087,-0.5687,0.18615,0.71918,-0.11408,0.56602,-0.17359,-0.15638,1.1915,0.20866,0.22836,0.28215,0.049555,0.083508,-0.25932,0.65016,-0.11665,-0.068505,-0.16599,0.65604,0.050043,-0.074929,-1.0695,-0.0078756,0.57009,0.88316,0.12042,0.011108,-0.12227,-0.27295,-0.015535,-0.13198,-0.80842,0.14072,-0.033167,1.5307,-0.042617,0.17259,0.11878,0.021926,-0.10295,-0.0046324,0.081802,-0.53115,0.41856,0.11178,-0.43031,-0.013042,-0.054754,0.23399,0.15793,-0.088597,0.1899,0.30918,1.117,-0.038984,0.27335,0.14828,0.76996,-0.25184,-0.053882,0.1135,-0.022058,0.22457,-0.0039548,-0.21248,-0.33472,0.0074826,-0.46958,-0.2717,-0.2314,0.089358,-0.19011,-0.14687,0.32642,-0.10584,0.17881,-0.3841,1.1884,-0.18306,0.06384,0.014171
TCGA-36-2530-01A-21-1560-20,OV,Primary,35,0.18142,-0.22391,-0.39478,-0.44963,0.65755,0.083332,-0.093677,0.29224,-1.2117,-1.021,-0.014194,0.88469,0.33894,0.44875,0.64253,-0.41265,-0.67252,-0.86991,-0.12689,0.16081,0.16301,-0.12544,0.26831,0.10344,-0.46549,0.046559,1.1105,-0.11075,-0.17273,-0.61022,-1.034,0.060815,-0.022574,0.069282,0.016407,-0.090001,0.049216,0.18563,0.39297,2.9171,0.50731,0.93315,0.0018369,-0.043772,-0.67568,0.61113,0.3935,-0.59799,1.4507,-0.56936,-0.41123,-0.075537,-0.11522,1.8458,0.00050344,-0.093186,1.4257,0.2793,2.3502,-0.16421,-0.28866,-0.91125,-0.54558,-0.43978,0.31244,-0.17745,-0.28132,2.2759,-0.37737,-0.039722,-0.15286,-0.31339,0.32288,-0.2892,-0.16448,-0.67581,0.46566,-0.27525,-0.26087,0.20431,0.108,-0.011368,0.56613,0.78037,-0.73896,-0.021573,0.24772,-0.46716,0.18518,-0.45679,0.57691,-0.19127,-0.4156,-0.38399,0.039483,-0.37641,0.57512,0.30647,-0.22299,0.30833,0.2781,-0.35079,0.21874,0.11471,0.083787,-0.082516,0.71903,0.3741,0.030905,0.18251,-0.017461,-0.45532,-0.21667,0.081454,-0.030307,-0.21478,-0.05326,-0.63379,0.11317,-0.7009,-0.01679,0.05065,-0.026714,2.1115,0.37146,-0.40756,-0.10192,0.50233,1.4591,0.057112,-0.20537,-0.25608,0.031486,-0.28234,0.014189,0.23917,0.38626,0.37737,-0.28238,-0.15219,-0.28123,-0.71178,0.33528,0.030283,0.088747,1.1367,-0.28703,0.58893,-0.93406,-0.10955,-1.2584,0.21101,-0.14197,-0.55115,0.42225,-0.062452,-0.49723,0.92395,0.059544,-0.12867,-0.19817,0.10608,0.34797,-0.26456,0.53275,0.15888,1.1365,0.59101,0.048643,0.053703,-0.12128,0.072294,0.12924,-0.15651,1.3209,0.58487,-0.030609,1.4141,-0.049252,-0.18636,0.71964,0.084912,0.47999,-0.25015,-0.0097924,-0.52162,-0.51259,0.50689,0.3152,-0.1268,-0.23811,0.044292,0.25345,-0.11705,0.28966,0.73525,-0.16988,-0.0906,-0.031111,-0.32366,-0.053385,-0.084133,0.013122,-0.65654,0.51725,0.57038,-0.19456,-0.10993,-0.20148,0.081878,-0.087893,-0.13434,-0.33018,0.02001,0.036732,-0.38308,0.20932,-0.097935,0.34345,-0.27879,0.29605,-0.34174,-0.16245,0.036473
TCGA-24-2029-01A-21-1560-20,OV,Primary,35,0.064482,-0.42802,-0.26281,-0.052063,-0.15677,-0.71397,-0.32474,0.014837,-0.76504,-0.67143,-0.33822,-0.50368,-0.35448,0.43539,0.27466,-0.21976,0.25867,-0.50298,-0.003787,0.275,-0.20929,-0.020699,-0.28409,-0.020387,-0.45414,-0.0033131,-0.39961,-0.20714,-0.10795,0.78849,-0.24987,0.19549,0.062392,-0.27851,0.19174,-0.092606,-0.033756,0.16632,-0.015071,0.085102,1.3369,-0.072834,-0.11306,0.14183,-0.32696,0.25753,-0.66288,-0.62961,0.31397,0.055653,-0.23497,-0.19782,0.095859,0.54646,-0.39643,-0.28942,1.6193,-0.29048,-0.054793,-0.20455,-0.36718,-0.45409,-0.44803,-0.17446,0.41943,-0.1306,0.72334,0.88122,0.49343,-0.2334,0.065843,-0.20199,-0.56978,0.33338,0.066515,1.1575,0.22063,-0.037973,0.067828,0.27013,-0.2302,0.093512,0.26112,-0.55176,-0.39254,-0.28059,0.28348,-0.32385,0.10859,0.21791,0.64384,0.30804,-0.16261,-0.14102,0.20067,0.82434,0.19083,-0.21028,-0.29206,0.60178,0.027495,-0.7153,-0.15978,0.068122,-0.30247,-0.096994,0.38327,-0.070502,0.014311,-0.29555,-0.16072,0.65972,0.62581,0.1101,-0.066007,-0.056228,-0.019372,-0.20618,0.074971,-0.27218,-0.019361,-0.44674,-0.02206,0.97106,-0.68268,0.60128,-0.20177,0.03311,0.74674,0.048832,0.3354,-0.089298,0.42418,-0.016072,-0.14338,-0.34002,0.35851,0.11534,-0.23977,-0.021514,-0.0090429,0.13945,-0.069783,-0.69111,0.43447,-0.052047,0.55439,-0.34726,-0.46099,0.059981,0.79251,0.4714,0.06753,-0.18572,0.19534,-0.189,-0.22411,0.62797,0.12608,0.49961,0.10642,-0.00094845,0.34767,-0.02956,0.32729,0.17224,-0.24548,0.2173,0.15837,0.020975,-0.089237,0.42451,0.16288,0.13092,-0.53937,0.40618,-0.27789,-0.0071325,0.11862,-0.77294,0.47594,0.12881,0.25401,0.041016,0.10642,0.28174,0.31407,-0.21929,-0.45757,0.094634,-0.043881,0.11388,0.037668,0.15941,-0.34874,-0.2587,-0.0035011,-0.066395,0.051125,-0.25264,0.057814,0.16173,0.48173,0.18988,0.23571,0.046138,-0.19082,0.092521,-0.037002,0.24972,-0.080022,-0.092276,0.059788,-0.01855,-0.038424,-0.56505,-0.072011,0.0054562,0.1561,-0.2995,1.0796,-0.21636,0.070094,-0.20957
TCGA-09-2045-01A-21-1560-20,OV,Primary,35,0.027425,-0.68121,-0.25396,-0.091798,0.030148,-0.69465,-0.75306,0.70518,1.2698,1.0135,-0.26488,-0.23145,0.23379,-0.25044,0.0061319,-0.36059,-0.23877,-0.14861,-0.28892,0.15405,0.62388,-0.040479,-0.032695,0.085188,-0.21193,0.029756,-0.007398,0.063859,-0.077634,-0.70018,-0.2087,0.085892,0.016917,-0.37557,0.029038,-0.13622,-0.41853,0.14274,0.039153,1.6334,0.85887,-1.547,-0.12589,0.18772,-0.16454,0.39207,0.78997,-0.96656,0.36287,-0.16522,0.28378,0.096873,-0.17126,0.92082,-0.36707,0.033323,-0.70431,-0.036066,0.51574,-0.35143,-0.30233,-0.033884,-0.46789,-0.063205,0.09884,-0.01941,0.010228,0.95538,-0.68872,-0.40105,0.16707,0.081907,-0.20254,0.51842,-0.15292,1.4467,-0.31487,-0.13893,-0.18853,0.13015,0.090199,0.26136,0.36028,0.48815,0.28615,-0.32368,0.19986,0.1004,0.17365,0.094763,0.40625,0.30695,0.025776,0.12478,0.12493,-0.73355,-0.24202,-0.2289,-0.4989,0.28055,0.40524,-0.27567,0.68402,0.48077,-0.18844,0.158,-0.55216,0.0042006,-0.3425,-0.53646,-0.35752,-0.41151,-0.28724,0.31205,-0.064795,-0.074069,0.040741,-0.56105,0.20289,0.4215,0.26016,-0.50549,-0.10541,0.88311,-0.10876,0.050862,0.29354,-0.039039,0.68663,-0.39752,0.081584,-0.42584,0.50296,0.13966,0.22707,-0.49999,0.35585,0.39038,-0.38105,-0.072205,-0.46868,-0.54743,-0.25423,-0.11474,0.068208,-0.35761,0.013248,-1.3224,0.16864,-0.014093,0.5402,-0.033218,0.12647,0.4099,-0.19869,-0.25358,-0.30912,0.63423,0.025206,0.18886,-0.32132,0.31692,0.36568,0.04716,1.0586,0.14388,0.22025,-0.31297,-0.095074,0.16818,0.10957,-0.20862,-0.23116,-0.70373,-0.90728,0.067985,0.41681,1.9489,-0.1083,0.49271,-0.013887,0.073781,0.18472,0.24356,0.11035,0.064891,-0.27888,0.079031,-0.052508,0.16259,0.21856,-0.09767,0.075353,-0.15338,0.17576,0.1165,-0.01078,-0.14773,0.084724,-0.043516,-0.091265,0.11473,-0.11901,-0.37004,0.44631,-0.18023,-0.32949,-0.068193,-0.14669,-0.10118,-0.20253,-0.21395,-0.071314,-0.020315,0.074132,-0.23859,0.59093,0.046854,-0.072629,-0.036131,1.9962,0.15749,0.057549,0.4821
TCGA-23-2079-01A-21-1560-20,OV,Primary,35,0.13177,-0.40073,-0.24737,0.49485,0.72321,0.19133,0.15932,-0.025883,-0.39088,-0.5978,0.0029326,0.36051,0.26579,0.47042,1.0649,-0.37312,-0.59146,-0.43105,-0.16689,0.060169,-0.010953,-0.30701,-0.13997,0.40428,-0.52586,-0.0098732,0.17198,0.18747,0.11583,0.15619,-0.47421,0.15239,-0.012677,-0.25298,0.13856,-0.069906,-0.37338,0.14756,0.20826,0.77181,0.28068,-0.1014,-0.27708,0.1583,-0.28669,0.35243,-0.031682,-0.48476,0.75506,-0.18522,-0.34853,-0.13429,-0.035433,1.6462,-0.029626,0.057638,1.1564,-0.18732,1.2069,0.020708,-0.28282,-0.037703,-0.53208,-0.33887,0.074016,-0.16523,-0.59983,0.42431,-0.64121,-0.41894,0.14284,-0.38421,-0.24121,0.23064,-0.17867,0.389,-0.13003,0.11681,-0.084262,0.1426,0.15363,0.40365,0.053557,1.4793,-0.2987,-0.3383,0.2228,0.099851,0.17991,0.023761,0.90345,-0.13374,-0.23123,-0.02226,0.47098,1.943,0.5211,0.10466,-0.1421,-0.13755,0.8414,-0.54318,0.020144,0.057979,0.29165,0.068757,0.47126,0.1158,-0.021528,0.10145,0.52782,1.473,1.2231,0.020567,0.62982,-0.1934,-0.14014,-0.64918,-0.064017,-0.1309,0.56286,0.15121,-0.12691,0.30477,0.11855,-0.15264,-0.25457,0.17386,1.1715,-0.11955,0.10629,-0.063296,0.42672,-0.40059,0.075597,0.13064,0.64308,0.29566,-0.35142,-0.19492,-0.27219,-0.41837,0.20826,-0.92298,0.23085,-0.36741,-0.075183,-0.058808,0.015061,-0.10129,-1.2802,0.36531,-0.14838,0.96886,-0.10492,-0.19711,0.20303,1.7648,-0.011805,-0.1789,0.13417,0.25641,0.72061,-0.18993,-0.54833,0.24158,0.15033,-0.036068,0.067368,0.14453,-0.14108,0.15271,-0.13022,-0.54968,-0.010277,0.99227,0.38992,2.4323,-0.0039731,1.0976,0.97218,-0.091762,-0.14952,-0.027354,0.020145,0.82072,-0.23407,0.061576,0.4224,-0.30943,0.034623,-0.014507,-0.17972,-0.15716,1.0266,1.3752,-0.28023,-0.36649,-0.040616,0.20233,-0.13209,0.062818,0.55501,0.02022,0.29007,0.43481,-0.19153,-0.044108,0.26103,0.073908,-0.17618,-0.23596,-0.23015,0.039526,-0.084321,-0.49686,-1.393,-0.040477,0.10541,-0.078374,1.7883,-0.067752,-0.13538,-0.014486
TCGA-61-2098-01A-21-1560-20,OV,Primary,35,0.061821,-0.52678,-0.0143,0.13238,0.13541,0.037847,-0.11415,-0.1986,-0.37865,-0.78863,-0.53185,-0.07689,0.43821,0.82579,0.38511,-0.33511,-0.3726,-0.25554,-0.056133,0.038452,-0.10596,-0.015601,0.53631,0.13047,0.090891,0.08789,-0.32046,-0.05383,0.025831,-0.64417,-1.353,0.15562,-0.35768,0.0030083,0.34496,0.020208,-0.15032,0.30756,-0.24905,-0.41254,0.77591,0.20112,0.05454,-0.00097483,-0.3411,0.14603,-0.5645,-0.98393,-0.068689,0.035242,-0.049714,-0.0039913,-0.26913,-0.082231,-0.34982,-1.1017,-0.2864,0.19908,0.2432,-0.42275,-0.2107,-0.32259,0.20788,0.38918,-0.054625,0.022922,1.017,1.3681,-0.53643,0.19641,-0.14982,-0.49174,0.10808,-0.36817,-0.14926,-0.2837,-0.43773,-0.44567,-0.16189,0.31075,0.050915,0.24485,0.47998,0.19443,-1.077,-0.015927,0.27061,-0.63841,0.19203,0.057079,-0.16966,0.25617,0.15758,0.12162,0.45153,-0.46431,0.16019,-0.060167,-0.61316,-0.6781,0.14391,-0.78413,-0.53242,0.21231,0.022538,0.071705,0.39642,0.094698,-0.071328,0.58836,-0.018063,-0.37163,-0.25364,0.13651,-0.054643,-0.13097,0.071121,-0.32152,-0.011176,0.39481,0.16596,-0.51841,0.206,-0.82149,-0.48741,-0.71744,0.36919,0.073162,0.33853,-0.24147,0.024751,-0.13654,-0.0085189,-0.17002,-0.062672,-0.45253,0.2583,0.47242,-0.17488,-0.059471,-0.24211,0.026749,0.073206,-0.56501,-0.13945,0.14458,-0.22136,-2.297,0.13911,-0.047654,-0.6829,0.024499,0.0073904,0.63043,-0.076808,-0.20178,-0.31751,0.54647,0.014411,0.23147,-0.58129,-0.87087,-0.14727,0.084667,0.11955,0.10311,0.35296,0.024444,0.18092,0.15683,0.049826,-0.05055,-0.05455,-0.73658,-0.7931,0.22109,0.042257,3.1507,-0.090236,0.77186,-0.59839,0.21558,-0.2589,0.16141,0.17983,-0.72837,-0.54318,0.44332,0.63836,0.16402,0.14436,0.023899,0.054701,-0.20492,0.3315,0.48362,0.20474,-0.028963,0.087592,-0.24605,-0.070108,-0.014065,0.00057714,-0.39579,0.42788,0.67446,0.12197,-0.37109,-0.15456,0.31774,-0.23423,-0.081948,-0.19572,0.13245,0.15928,-0.21004,0.34657,0.12477,0.049198,-0.42203,1.4615,-0.15785,-0.02213,1.0155
TCGA-24-2261-01A-21-1560-20,OV,Primary,35,-0.013954,-0.39533,-0.21451,0.27444,0.28657,0.7076,0.82309,-0.10369,-0.22544,-0.43575,-0.37532,-0.50074,0.39435,0.91457,1.3396,-0.53382,-0.18055,-0.32724,-0.19976,0.241,0.23158,-0.20506,0.06725,0.19929,-0.49205,-0.012786,0.63522,-0.063152,-0.10112,0.31282,-0.21295,0.15933,-0.53488,-0.033216,0.0051456,-0.083128,0.19616,0.1691,0.0071668,1.2964,0.76157,0.71647,-0.20864,0.97746,-0.37268,0.26721,0.57813,-0.62261,1.2933,-0.42312,0.42736,-0.15437,-0.27735,2.3513,-0.17821,-0.028561,0.7667,-0.24624,1.3078,-0.46629,-0.057924,0.19293,-0.19431,-0.11777,0.80237,-0.048744,-0.14216,0.98814,0.1857,-0.13964,0.3368,-0.83135,0.1157,0.50616,-0.14085,1.4839,0.07456,0.59283,-0.20466,0.1791,0.28258,0.3927,-0.216,0.55651,-0.011807,-0.27084,0.032541,-0.18204,0.16604,-0.15138,0.62353,0.44637,-0.18869,0.10569,0.57309,0.61351,-0.054773,0.054792,-0.26199,-0.23562,0.49809,0.43814,0.65439,0.2544,-0.25707,0.19204,1.1872,-0.28285,-0.065954,-0.25344,0.60592,0.72054,0.42617,0.63563,1.0024,-0.58426,-0.23202,-0.79509,0.2237,-0.042991,0.58348,1.5465,-0.068414,1.0591,0.15672,-0.79641,-0.042631,-0.33078,0.14397,-0.15303,-0.023718,-0.025977,0.51188,-0.25571,0.058411,0.10613,0.58768,0.43239,-0.21308,-0.20808,-0.48686,-0.61537,0.26068,-1.0941,0.29508,1.1468,-0.17123,-0.54986,-0.26731,-0.24906,-1.0827,0.27807,-0.15952,-0.24905,0.13481,-0.1159,-0.15176,1.4004,0.028163,-0.26847,0.317,0.33512,-0.092549,-0.20604,-1.233,0.49845,0.37982,0.025454,0.07259,-0.022703,-0.03565,-0.098869,0.077557,-0.23234,0.035589,0.77141,0.12738,3.1234,0.084392,-1.2319,0.26665,-0.086709,-0.047592,-0.2311,-0.055467,0.063647,0.52512,0.098975,0.19139,0.059981,-0.22525,-0.0091764,0.1105,-0.14923,0.9472,1.2804,-0.161,-0.32932,-0.083342,-0.40585,-0.24153,0.44718,0.28377,1.1762,0.30692,0.88449,0.025915,0.06504,0.027475,0.10321,-0.35419,-0.25206,-0.22893,0.093251,-0.23884,-0.65835,0.25394,-0.11827,0.4815,-0.080501,1.7336,0.10767,-0.12789,0.42812
TCGA-24-2293-01A-21-1560-20,OV,Primary,35,0.1282,-0.4382,-0.14587,0.41938,-0.12577,-0.26414,-0.3764,-0.074431,0.036612,-0.5518,-0.40408,-0.65954,-0.36924,-0.22292,-0.24487,-0.26163,-0.29024,-0.22771,-0.24742,-0.1176,-0.71582,-0.20378,-0.36864,0.63518,-0.22515,-0.094571,-0.1983,-0.1262,-0.15682,-0.62735,0.81164,0.047512,-0.25936,-0.088847,0.029345,-0.25294,-0.04883,0.090173,-0.20989,0.13973,0.79005,-0.15719,-0.1187,0.099717,-0.3322,0.53289,-3.379,-0.81017,0.051711,-0.13937,0.049847,-0.13054,-0.12637,0.31416,-0.56658,-0.13513,1.0589,-0.23973,0.048531,-0.28712,-0.3767,-0.11662,-0.44957,-0.12261,0.3109,-0.0030964,0.18018,1.7611,-0.52545,-0.07559,0.59089,-0.14827,-0.61915,0.042817,-0.20162,0.722,0.1024,-0.23955,0.082131,0.038816,-0.29378,0.36204,0.2494,0.63506,-0.33141,-0.23842,0.0097564,-0.42988,0.01131,0.04853,0.53296,-0.27536,-0.1639,0.99533,0.36488,2.1128,0.28657,-0.16245,-0.38958,0.11326,0.0072894,-0.42079,-0.090535,-0.10623,-0.046013,0.10455,0.53443,-0.18818,-0.089254,0.061609,-0.046876,1.3354,1.4862,0.23491,0.05588,-0.20696,-0.046325,-0.30583,0.18287,0.5979,0.21937,0.15983,-0.14159,0.35792,-0.34541,-0.28011,-0.12721,-0.16309,0.32476,-0.074456,0.17183,-0.2497,0.20909,0.050359,-0.032892,-0.38388,0.50435,0.063845,-0.3447,0.015319,-0.1493,0.01313,0.11668,-0.49387,0.2004,0.11332,0.068746,-1.133,0.47725,0.047323,2.6264,0.49303,0.049214,0.62666,0.60302,-0.19753,-0.16005,0.56295,0.055916,0.10855,0.0011464,0.11526,0.15377,0.15942,-0.4959,0.46716,0.0546,0.43693,0.15823,-0.3638,0.011968,0.19324,-0.04106,0.40048,-0.60114,0.28639,0.032254,2.2216,-0.00011292,-1.655,0.25302,0.18877,-0.16464,0.12344,0.1366,0.33047,-0.14757,-0.44922,-0.28146,-0.32774,0.1282,-0.0058067,0.15316,-0.47485,-0.37886,-0.56121,-0.15183,-0.18002,0.017858,-0.70556,0.37568,0.26193,0.37174,0.33229,0.40581,0.34606,0.0054065,0.020239,0.11082,0.25861,-0.14652,-0.29149,0.016043,0.082988,0.083137,-0.3983,0.34566,0.10199,0.45298,-0.32452,1.1223,0.26379,-0.20646,-0.22296
TCGA-59-2354-01A-21-1560-20,OV,Primary,35,-0.064172,-0.62152,-0.14229,0.088549,0.60263,-0.29389,-0.43715,0.026181,0.11161,-0.70145,-0.54821,-0.063447,0.81924,-0.42566,0.70071,-0.45672,-0.32071,-0.23697,-0.39956,-0.074264,0.6916,-0.09913,0.011994,0.14368,-0.28578,-0.15556,0.49822,0.030757,-0.13097,-0.10155,0.4536,-0.016725,0.031924,-0.39924,-0.1043,-0.39716,-0.5091,0.015346,0.0090213,0.55085,0.6385,-0.31061,-0.062234,0.99221,-0.51402,0.66042,0.32226,-1.275,0.38614,-0.32267,-0.22496,-0.1915,0.027139,2.0976,-0.46936,-0.29625,1.8352,-0.30137,0.99938,-0.45598,-0.20906,-0.16386,-0.1823,-0.2292,0.88904,-0.15873,-0.47166,0.84596,0.47079,0.22658,0.72674,-0.090154,-0.23126,-0.0091921,0.040439,1.6181,-0.20748,0.84713,-0.22205,0.16047,0.051062,0.17313,0.025731,0.69697,-0.1878,-0.30783,-0.094215,-0.19895,0.05739,0.087757,0.79405,0.17882,0.035788,-0.092601,0.50686,-0.20581,0.40106,-0.33499,-0.34786,-0.0095683,0.25853,0.3215,0.67261,0.12111,-0.049509,0.11248,0.47404,0.22423,-0.34515,-0.341,0.14479,0.40134,0.6011,-0.022493,0.1648,-0.31063,-0.18466,-0.45174,0.0093362,0.29396,-0.054274,0.25614,-0.23683,0.70548,0.092355,0.0095739,-0.30526,0.024014,0.70965,0.19917,-0.0099625,-0.28339,0.23511,0.0055083,-0.13176,-0.046326,0.47328,0.30236,-0.21936,0.038294,-0.30149,-0.43803,0.24085,0.23998,0.29375,-0.30569,0.013286,-0.5839,0.21311,-0.098221,1.5596,0.48294,-0.10456,-0.0089148,0.3907,-0.16175,-0.33242,0.87424,-0.01261,0.091991,0.12401,0.41364,0.11881,-0.014934,-0.34399,0.66405,0.54191,0.54434,0.2633,0.035604,-0.097946,0.097807,0.18535,0.19013,0.00582,0.35409,0.33327,3.1184,0.093709,-0.29957,0.44038,0.2664,0.5086,0.052055,0.11782,0.84329,-0.14069,-0.068001,-0.066412,-0.0039193,-0.18008,0.11732,0.030465,-0.071941,0.19769,0.057719,-0.23334,-0.23154,-0.13614,-0.47286,-0.050946,0.38647,0.27775,0.040451,0.19471,0.38101,-0.46799,0.069148,-0.096022,0.24402,-0.16242,-0.16518,-0.16487,-0.079615,-0.06841,-0.64019,0.086607,-0.054132,0.48758,-0.13616,1.8291,-0.039384,-0.06366,-0.31823
TCGA-25-2399-01A-21-1560-20,OV,Primary,35,-0.061867,-0.014876,0.10401,0.85606,0.58244,-0.34073,-0.39934,-0.34765,-0.55545,-0.74848,-0.31314,0.074558,0.50156,0.1265,0.33135,-0.4297,-0.48999,-0.74839,-0.14584,-0.060658,0.43755,-0.37242,0.068588,0.47429,-0.64792,-0.068233,0.74753,0.023413,-0.063807,1.9638,-1.1142,0.010244,-0.1132,-0.14453,-0.00042315,-0.26916,0.43143,0.25113,-0.11154,0.78318,0.2739,0.95397,-0.18479,0.71027,-0.21086,0.35398,-0.53953,-1.2995,0.64197,0.19902,0.081539,-0.15655,0.39781,1.3615,-0.20945,-0.71951,0.46881,-0.11481,0.87159,-0.34988,-0.26815,0.18033,-0.17864,-0.070527,0.15521,-0.14428,-0.54975,1.3321,0.019204,-0.35824,0.18996,-0.4565,-0.554,-0.13341,-0.23439,1.2215,-0.41411,0.77939,-0.11132,0.073813,0.2057,0.48466,0.283,1.1365,-1.6157,-0.67804,-0.034621,-0.485,0.036894,-0.076668,0.56715,0.15304,-0.23027,-0.16673,0.64301,0.29974,0.31586,-0.18064,-0.46645,0.021896,0.63552,-0.45961,0.31,0.13066,-0.2337,0.23482,0.27034,0.10536,-0.30061,0.21232,0.24708,0.90795,0.96976,0.14863,0.073273,-0.37427,-0.14847,-0.97163,0.059735,-0.074086,0.061896,-0.057347,-0.22321,0.20564,-0.2748,-0.28971,-0.46614,-0.05388,0.54093,-0.042629,0.28926,0.036371,0.3873,-0.22802,0.24142,0.046802,0.42808,0.41921,-0.26009,-0.076293,-0.33788,-0.69066,0.32595,-0.0373,0.021414,0.25332,0.35044,-0.40591,0.33823,0.22088,-1.2394,0.39962,-0.087661,0.97539,0.05039,-0.20513,-0.063154,1.1768,-0.13339,0.27578,0.38313,0.50989,0.27926,-0.20405,0.021893,0.34609,0.57592,0.28907,0.22368,0.054236,-0.029926,0.10683,0.039393,1.6123,-1.4548,0.51621,0.21443,1.4634,-0.092806,0.36305,0.73572,-0.12926,0.10994,-0.11239,0.013578,0.0023902,-0.36728,-0.21616,0.14146,-0.13354,0.14618,-0.046044,0.039149,-0.18726,0.041872,0.069016,-0.25484,-0.30955,-0.046567,-0.18179,-0.033048,-0.14035,0.17287,0.2263,0.14978,1.1501,-0.092513,-0.23036,0.02466,0.023368,-0.35209,-0.10987,-0.20103,0.052539,-0.18673,-0.43541,-0.27193,-0.015617,0.25361,-0.31903,1.651,0.099716,-0.043593,0.0060265
TCGA-29-2429-01A-21-1560-20,OV,Primary,35,0.077224,-0.069108,-0.081967,0.13121,0.33833,-0.50396,-0.73644,-0.5975,-0.5118,-1.0335,-0.46655,-0.24856,-0.02852,0.66701,0.92727,-0.22564,-0.46216,-0.31551,-0.063305,-0.051729,-0.031389,0.28733,0.45557,0.49555,-0.19116,0.089241,0.83185,-0.1117,0.12227,0.47994,-0.64188,0.17268,-0.32469,0.23431,0.35704,0.074872,0.62027,0.61237,-0.14199,0.83683,0.45556,0.93283,-0.069253,0.7505,-0.28264,0.11984,-0.35378,-0.32458,-0.023395,-0.17514,-0.08967,0.03538,-0.033951,-0.59101,-0.34983,-0.35912,0.47728,0.12115,0.53317,-0.37495,-0.15768,-0.1119,-0.70109,-0.19174,0.048225,0.052723,1.8275,0.90759,-0.14149,0.54926,0.32243,-0.32516,-0.14537,0.40186,-0.21498,0.88205,0.45396,0.29576,0.11568,0.45477,0.095479,0.12818,0.58601,0.16896,-0.38127,0.25498,0.23137,-0.166,0.20183,-0.012306,-0.15183,0.6498,-0.1209,0.43041,0.13616,0.18369,0.2483,-0.087965,0.090836,-0.29546,0.12481,-0.46275,0.12407,0.099839,-0.016397,0.14332,0.17796,-0.027953,-0.14401,0.36684,-0.21903,0.34369,0.11592,0.042854,-0.0078128,-0.35857,-0.12693,-0.071632,0.022278,-0.050716,0.15156,0.10676,0.45006,0.53561,0.1227,-0.49866,-0.22879,0.077871,0.59694,-0.021178,-0.029692,0.012251,0.11902,-0.12513,0.4951,-0.25841,0.14115,0.28045,-0.11079,-0.078712,-0.41248,-0.41393,0.30968,-0.94002,0.21415,0.69685,0.27997,-0.87802,-0.20523,0.34093,-0.82611,-0.011558,-0.13866,1.1431,0.12778,0.24088,-0.18273,0.35328,0.15519,0.38031,-0.41567,0.047743,0.2947,-0.0044683,0.28711,0.052918,0.2547,-0.08554,0.16726,0.12783,0.0010236,0.0086883,0.10976,-0.23016,-1.3396,0.29104,0.15137,2.3311,-0.10822,0.37044,-0.067551,0.030585,-0.30883,0.057881,0.02282,-0.58037,0.067458,-0.35211,-0.11352,-0.40341,-0.054386,-0.097545,-0.16564,-0.21302,0.16518,0.41023,-0.12385,-0.1011,0.10165,-0.27693,0.13126,0.052904,-0.23428,0.026322,0.18003,1.1005,-0.16048,-0.29684,-0.35054,0.47739,-0.42271,-0.27278,-0.27164,0.044723,-0.060867,-0.70514,-0.23743,-0.0045803,0.0045655,-0.35049,1.5547,-0.26069,0.19631,-0.32354
TCGA-36-2532-01A-21-1560-20,OV,Primary,35,-0.035773,-0.5788,-0.10545,0.82661,0.49863,-1.0714,-1.0407,-0.053248,-0.55486,-0.3772,-0.48059,-0.58798,-0.27728,0.46659,0.35405,-0.41877,-0.34745,-0.58091,-0.24112,0.19518,0.82287,-0.5482,-0.30027,0.24396,-0.55039,-0.020781,0.15123,0.027629,0.12151,-1.1336,-0.6291,0.13643,-0.26841,0.30676,0.10907,0.033836,0.2316,0.35939,0.1169,1.209,-0.019485,1.2875,-0.15375,0.28026,-0.035397,0.26288,0.62279,-1.613,0.25797,-0.39789,0.0044159,-0.18295,-0.45429,2.6036,-0.025877,-0.51633,-1.155,-0.1685,1.2221,-0.40032,-0.29823,0.1453,-0.18194,-0.062231,-0.01225,-0.047904,-0.58988,-0.052917,0.42537,-0.39661,-0.051877,-0.34731,-0.038211,0.18069,-0.11235,1.0797,0.17746,0.43841,-0.32527,0.13719,-0.039919,0.48475,0.41674,2.3337,-1.1109,-0.49158,0.031026,-0.44635,0.16287,0.15177,-0.39324,0.72651,-0.68116,0.55655,0.75884,-0.66667,0.040786,-0.053121,-0.23434,-0.31229,0.23855,-0.72409,-0.23075,0.15829,-0.28847,0.42242,0.15525,0.48868,-0.05004,0.26181,-0.22102,0.71868,0.65587,0.13499,0.77421,-0.25954,-0.0048612,-0.89938,0.4092,-0.18247,0.38963,0.27925,-0.080953,1.6805,-0.56618,0.5292,0.15161,0.24974,0.92031,-0.0058979,0.47204,-0.28132,0.28427,0.20408,0.50714,0.060779,0.65678,0.30737,-0.30314,-0.14788,0.087595,-0.36441,0.2906,-1.9168,-0.033823,1.1907,-0.05938,-1.1762,0.63157,-0.11286,-1.9308,0.094696,-0.061817,0.3267,-0.22639,-0.15453,0.048887,1.0238,0.20161,0.030125,-0.067525,0.5061,0.47895,-0.21735,-0.17015,-0.37489,0.92678,-0.025249,0.47569,-0.08602,0.14857,-0.16452,-0.026512,0.26664,-1.0659,0.10658,0.38031,2.0277,-0.23554,-0.39544,0.57315,0.011864,0.48974,-0.14166,0.086081,1.3975,0.23571,0.10795,-0.30684,0.32259,0.035833,0.0052519,0.30965,-0.1632,0.47489,0.53557,0.22821,-0.23052,-0.0704,-0.56605,-0.039359,0.2188,-0.011627,0.031044,1.0262,0.67264,0.28361,-0.20715,0.10399,0.17653,-0.32474,-0.05538,-0.15065,0.17826,-0.15249,-0.40306,0.60846,-0.025392,0.57803,-0.12692,2.392,0.14324,0.11371,1.0303
TCGA-24-2030-01A-21-1560-20,OV,Primary,35,0.11517,-0.4754,-0.097724,0.019787,0.54352,-0.074696,-0.079785,0.12601,0.53546,0.37593,-0.022672,0.14787,-0.10154,-0.076127,-0.27924,-0.36057,-0.10375,-0.66224,-0.1617,-0.058175,0.73256,-0.014129,0.049937,0.26615,0.21743,0.020545,0.15293,0.20943,0.069801,-0.91015,-0.52856,0.31918,-0.37228,0.073496,-0.036132,0.079746,-0.20413,0.11501,0.19034,1.3688,0.68681,0.59187,-0.087019,0.92233,0.18863,0.2678,0.73616,-0.97098,-0.35836,-0.1376,-0.1574,-0.12293,0.082992,2.9222,-0.12704,-0.21289,1.0672,0.14347,1.4832,-0.51817,0.14279,-0.68531,0.10061,0.0028242,-0.091541,0.1993,0.0024081,2.6658,-0.77438,-0.50725,-0.027844,-0.071696,-0.45413,-0.02517,-0.1613,1.0595,-0.28865,0.057331,-0.097602,0.20455,0.1828,0.31472,0.22412,-1.2999,0.39954,-0.0041232,0.25469,0.073802,0.15579,-0.056716,1.0428,-0.0065662,-0.3103,0.15926,0.079735,0.8149,-0.040358,-0.13661,-0.1737,0.14254,0.10164,-0.97429,-0.28737,0.21225,-0.14495,0.24108,-0.84939,-0.68958,-0.27238,0.35137,0.14531,0.75165,1.1257,0.20885,0.28725,-0.4694,-0.025131,-0.82225,0.12098,-0.57695,-0.42436,-0.80019,0.060965,2.0034,0.36025,0.72797,0.41222,0.11983,0.67173,-0.13576,-0.045643,-0.17322,0.16937,-0.2206,0.5081,0.92956,0.17416,0.44297,-0.27475,-0.084466,0.11874,-0.28556,0.088617,-0.4598,0.29854,0.68246,-0.079873,1.7019,-0.6707,-0.040909,-0.27345,-0.02395,0.070369,1.4077,0.31605,0.097004,0.048417,0.30252,0.01786,0.52081,-0.21696,0.47216,0.32181,-0.053774,0.28999,-0.16752,0.35853,0.31832,-0.067914,0.15128,0.09357,0.18916,-0.071929,-0.38917,0.17035,0.39696,-0.22847,1.9199,-0.074996,-2.3718,0.25072,0.012675,-0.051171,0.007422,-0.0056854,-0.59466,-0.32236,0.41869,0.085754,-0.11417,-0.077404,-0.023944,0.31152,0.1038,0.32558,0.5389,-0.22182,-0.15091,-0.022366,0.39295,-0.067399,-0.29243,0.051345,-1.1284,0.77185,-0.33679,-0.0013534,-0.28172,0.44408,-0.080947,-0.2585,-0.17775,-0.052482,0.07536,-0.033697,-0.26859,-0.091177,-0.063557,-0.44815,-0.38265,0.9778,-0.37721,-0.11337,-0.084837
TCGA-09-2049-01D-21-1560-20,OV,Primary,35,0.10554,-0.32232,-0.20373,0.46413,0.08516,-1.1473,-1.1206,0.089441,0.1551,-0.71684,-0.51266,-0.25815,0.89722,-0.31709,0.99052,-0.25942,-0.44072,0.084984,-0.23682,-0.039042,0.54648,0.040657,0.79418,0.51015,0.44848,0.15107,0.96326,-0.091717,-0.059559,-1.0751,0.22561,0.1479,-0.50474,-0.15525,0.046414,0.1305,0.073073,0.33865,-0.024582,0.13356,1.1963,-0.72924,0.093877,-0.72707,-0.28781,0.23495,-0.36964,-0.66458,0.45866,-0.25852,-0.13859,0.12733,-0.11957,1.0581,0.2598,-0.51595,0.50201,0.10799,0.075547,-0.55512,-0.06615,0.0025605,-0.20315,-0.018148,0.40569,-0.021765,0.44266,2.0261,-0.58429,0.14992,0.2373,-0.58062,0.20251,-0.22025,-0.095932,0.56494,-0.20774,-0.46757,-0.19208,0.19247,-0.25718,0.10699,1.1784,0.39226,-0.086131,-0.2404,0.23007,-0.15685,0.31402,-0.056881,0.27614,0.17936,-0.24557,0.46211,0.21133,-0.086146,0.18886,-0.23186,-0.36195,0.35145,0.095061,-0.69554,0.023434,0.071921,0.41966,0.075074,0.14278,-0.32995,-0.35093,-0.065982,0.26485,1.0788,0.98952,0.053155,0.0484,0.15824,0.14473,-0.19152,0.019928,0.67819,0.93381,-0.64544,0.15468,0.55356,-0.10562,-0.24854,0.51046,0.16564,1.0726,-0.074264,-0.09053,-0.2524,-0.021233,-0.15921,0.15719,0.030688,0.24389,0.26519,-0.27021,-0.025178,-0.23199,-0.24776,0.16016,-1.7338,0.1548,-0.11157,0.0010948,-1.7648,0.47319,-0.010025,-0.69798,-0.083291,-0.037756,0.56718,1.4232,0.32013,-0.68101,1.366,-0.025138,0.60393,-0.53161,-0.47793,0.15479,-0.012245,-0.72249,-0.08611,0.61604,-0.29591,0.086836,0.17757,0.077771,0.052892,-0.32712,-0.68225,-0.82082,-0.08415,0.12135,2.1038,0.038802,0.82438,-0.83699,0.0017985,-0.32785,-0.057061,0.10274,-1.1643,-0.92343,0.20848,0.18388,0.046443,-0.092163,0.098346,-0.042069,-0.0099428,0.13259,0.34344,0.12945,-0.018317,0.067408,-0.089473,0.056625,-0.11532,-0.21922,-0.53809,0.31055,0.6434,-0.16138,-0.37035,0.060359,0.002915,-0.44929,-0.21563,-0.13881,0.032993,-0.15695,-0.64733,-0.029311,0.03409,-0.40629,-0.54522,-0.92769,0.065325,-0.40548,0.78695
TCGA-23-2081-01A-21-1560-20,OV,Primary,35,-0.036605,-0.56624,-0.19678,0.6024,0.26437,-0.91209,-0.95407,0.32883,1.8538,1.2322,0.038547,0.47873,-0.39574,-0.42055,0.19091,-0.32231,-0.52273,-0.85992,0.023801,-0.098047,0.78233,-0.28343,0.31124,0.75054,-0.61113,0.036983,0.32346,-0.040376,0.14458,-0.84726,-0.61077,-0.20364,-0.0016646,-0.15677,-0.045979,0.09143,-0.13123,0.17374,-0.032504,1.3172,0.27309,0.0043245,-0.068871,-0.26024,0.090148,0.65875,1.123,-1.1674,0.66753,-0.078653,0.56052,-0.11921,-0.017562,1.5753,0.21551,-0.36075,0.76926,0.089799,0.5787,-0.23218,-0.23321,0.16417,0.13683,0.22392,-0.18278,-0.086931,-0.28976,1.1885,-0.65264,-0.15162,0.6789,-0.075789,-0.15214,0.085484,-0.26923,2.1918,-0.062422,2.0533,-0.20537,0.13615,0.15614,0.2715,0.0096685,0.27225,-0.2216,-0.05033,0.25656,-0.094291,0.12047,0.06988,1.2243,0.29937,-0.3629,0.55465,0.59204,-0.52991,0.39855,0.13479,-0.2335,0.32842,0.41607,-1.0905,-0.3189,0.02132,-0.030187,0.18186,-0.24929,-0.22249,-0.2068,0.232,-0.35935,0.85707,0.89966,0.50574,-0.11622,-0.12811,-0.094082,-0.33425,0.38773,0.73965,0.35121,-0.96766,-0.21449,0.55973,-0.011733,-0.04529,-0.10762,0.037833,0.57216,-0.38423,0.32563,-0.25966,0.5027,-0.033733,0.34462,0.37205,0.836,0.43934,-0.42264,-0.1625,-0.31526,-0.7132,0.20025,-1.3777,0.093327,0.31816,-0.14929,-1.016,0.43972,-0.023746,-1.512,0.20519,-0.19629,1.8403,0.32532,0.14349,-0.31588,0.73106,0.24449,0.031759,-0.34221,1.2368,0.2396,-0.17726,-0.27759,0.097024,0.23808,0.12041,0.31665,-0.026824,-0.097368,-0.041917,-0.058902,0.80247,-0.19137,0.4565,0.37765,2.421,-0.23641,0.77731,0.64557,-0.15757,0.29759,-0.25273,-0.096488,1.2503,-0.97382,0.097467,0.16558,-0.34356,-0.24471,-0.14915,0.049241,-0.34286,-0.073705,0.40841,-0.55059,-0.26642,-0.02618,-0.058715,-0.20303,-0.24662,0.02944,-0.16802,-0.46946,0.36722,-0.42648,-0.13653,0.23698,-0.19972,-0.36611,-0.49069,-0.41366,-0.04764,-0.35009,-0.84616,-0.086294,-0.15548,0.23983,-0.68535,-1.3376,0.096514,-0.76655,-0.71429
TCGA-61-2101-01A-21-1560-20,OV,Primary,35,0.056129,-0.59061,-0.030719,-0.87467,0.36393,-0.74601,-0.77542,0.4716,-1.1068,-1.3796,-0.1552,0.99562,0.14872,0.022245,0.42101,-0.3097,-0.31555,-0.47552,-0.0050564,0.21569,0.60313,-0.038562,0.26975,-0.039497,-0.09545,0.044222,1.2789,-0.099737,-0.06812,-0.94061,-0.34172,0.1536,-0.2692,-0.35476,0.043016,-0.030598,1.1237,0.4154,0.037078,1.1652,1.179,-0.79601,0.063341,0.24607,-0.41945,0.30485,-0.50251,-0.74889,0.8105,-0.11917,0.38544,-0.101,-0.25687,0.92825,-0.25974,0.80673,0.43482,-0.045084,0.69885,-0.4076,-0.24369,-0.98236,0.1125,0.15875,1.1567,-0.085952,0.23346,1.2805,0.46655,-0.090873,-0.0205,0.24336,-0.021068,-0.30163,-0.12934,0.51075,0.25689,-0.67172,-0.1579,0.26056,0.095477,0.21103,1.1357,-0.035744,-0.29356,-0.040658,0.14077,0.13713,0.12924,0.025062,-0.53996,-0.21169,-0.087003,0.019524,-0.13558,-0.012487,0.4582,-0.29964,0.2911,0.6853,-0.083713,0.34651,0.7375,0.1541,0.19988,-0.23017,1.3186,-0.2706,-0.30579,-0.46147,-0.50997,-0.76406,-0.67454,0.21684,0.073021,-0.42768,-0.1084,-0.55022,0.17436,-0.15858,-0.080999,-0.53068,-0.060097,0.54502,0.2084,-0.15842,-0.19429,0.072958,0.053267,0.095986,-0.27343,-0.2903,-0.012176,0.014886,0.017633,0.43686,0.019041,0.21119,-0.28848,-0.0063047,-0.45345,-0.20047,0.20544,-0.82755,0.058666,0.024295,-0.042249,-0.36908,-0.80898,-0.13802,2.7434,0.31948,-0.10878,-0.15292,0.39903,-0.029385,-0.23711,0.16425,0.26503,0.089405,-0.35909,-0.021926,-0.088222,-0.014323,0.0030082,0.20816,0.10951,0.85837,0.059544,0.12995,-0.051223,0.093619,-0.014166,0.069591,0.87332,0.12331,-0.1795,1.0372,0.33117,0.12439,0.17222,0.10538,0.091498,-0.14244,0.070079,0.15259,-0.34575,-0.093227,-0.26913,-0.018531,-0.0021577,0.47572,0.39535,0.21232,-0.3789,0.051015,1.2706,0.022348,0.042633,0.32789,1.3594,-0.018836,0.45562,-0.72604,0.26092,0.65081,-0.34492,-0.33787,0.19304,0.11462,-0.29319,-0.3758,-0.12272,-0.030647,0.10939,-0.53882,-0.041429,-0.055782,0.11391,-0.72627,-0.20467,-0.20957,-0.26258,-0.62449
TCGA-24-2262-01A-21-1560-20,OV,Primary,35,0.41633,0.54288,0.065814,0.62869,-0.52765,-0.98329,-0.7284,-0.89607,1.4813,1.2986,-0.20356,-1.6919,-0.42189,0.9055,-1.0202,-0.28839,0.12002,-0.19467,0.083121,-0.1537,-1.1849,0.0064035,1.1578,0.031338,0.30575,0.034212,-0.25231,-0.84027,0.10714,0.26838,0.87223,0.38041,0.13515,0.12076,0.32201,0.17877,-0.56463,0.27277,-0.16014,1.8388,1.0453,0.75369,-0.053627,0.85411,0.39788,0.084968,-0.33728,-1.582,-0.88423,0.32935,0.67782,-0.071987,0.21802,-0.53756,-0.6309,-1.9977,1.3987,0.23691,0.31231,-0.31452,-0.23157,-1.1661,-0.78706,0.036073,-0.22443,0.1698,-0.18835,2.3918,-0.81152,-0.050364,0.24022,-0.57078,-1.6295,0.077971,-0.33645,1.7339,0.26539,0.58679,0.072162,0.39202,-0.5161,0.17263,0.54587,0.14408,-0.47442,-0.028492,0.037311,0.61121,0.13987,-0.086743,0.82344,0.35767,-0.37779,0.075487,-0.13019,2.1973,-0.41914,-0.066332,-0.56356,1.0617,0.29088,-1.1659,-0.76962,-0.12707,-0.22321,0.14276,-0.49853,-0.79426,0.027196,-0.28799,-0.26932,0.56604,-0.34011,0.48939,0.098084,-0.28258,-0.04424,-0.79509,0.27538,0.32918,0.0089797,-1.33,0.20545,1.0241,-1.4802,0.16172,-0.0086813,-0.10909,0.30047,-0.39357,0.26819,0.25519,0.53466,0.0032219,-0.088506,-0.27349,1.1357,0.046615,-0.082454,-0.10529,-0.1055,-0.17151,-0.29003,-1.4121,0.37374,0.010878,0.21774,0.69419,-1.1073,-0.087081,4.1359,0.074973,-0.080682,3.3662,0.077491,0.07933,-0.58962,0.30601,0.6236,0.22633,-0.36814,-1.266,0.44342,-0.10124,0.54409,-0.5783,-0.63189,0.38557,0.052761,0.17309,-0.16775,0.79352,-0.14463,-0.29139,-0.83452,0.58,-0.069581,-2.3332,-0.12919,-2.2671,0.99445,0.12086,1.036,0.16497,0.041612,-0.29705,-0.468,0.29293,-0.62606,-0.41224,0.055407,-0.071825,0.14408,-0.21457,-0.73139,-0.37888,-0.25152,-0.23769,0.11457,0.01216,0.0037661,-0.22503,-0.02305,0.1871,0.0242,-0.24207,0.099042,0.10016,0.36548,0.45627,0.0042516,0.10014,-0.15315,0.13,-0.63288,-0.31981,0.013415,0.090984,-0.047738,-0.47987,1.8658,0.16574,0.27537,-0.16341
TCGA-24-2295-01A-21-1560-20,OV,Primary,35,0.0027774,-0.55795,0.16882,0.51379,0.26856,-0.037242,-0.10217,0.24227,0.17668,-1.0101,0.39941,1.0692,0.22617,0.46001,0.4998,-0.46581,-0.035317,-0.9626,0.10825,0.0055827,0.37453,-0.030515,0.28619,0.60541,-0.35,0.019904,-0.076416,-0.046805,-0.013982,-0.65831,-1.0837,0.12862,-0.53069,-0.060099,-0.056663,0.13643,0.26376,0.25172,0.21061,0.51402,0.19042,0.16148,-0.033296,0.71805,0.29026,0.51285,0.27424,-0.64745,0.68692,-0.39094,-0.093359,-0.14653,-0.024106,1.4455,-0.13712,0.27887,-0.036592,-0.34355,0.042032,-0.20936,0.19184,0.15482,0.21967,0.048706,0.057464,-0.12984,-0.30963,2.354,-0.16101,-0.18785,0.46645,-0.17154,-0.15462,-0.53641,-0.093502,2.0947,0.10453,1.1714,-0.19658,0.17242,0.3233,0.61272,0.023309,-0.069375,1.6466,-0.26719,0.39647,-0.25604,0.16585,-0.1414,0.31327,0.09582,-0.094212,0.67286,0.43523,-0.44216,0.43248,-0.31913,-0.49845,0.4812,0.2235,-0.35082,-0.11376,0.16389,-0.020836,0.028735,0.71982,-0.28832,-0.18779,0.79406,0.32839,0.9563,1.3129,0.28211,0.23861,-0.5046,-0.13998,-0.34662,-0.064675,0.49881,0.53727,1.1035,-0.060772,0.31165,0.22409,-0.30573,0.4536,0.13113,0.64581,-0.17233,0.30352,-0.083866,0.58143,-0.44893,0.82285,-0.4084,0.58581,0.29696,-0.37612,-0.24723,-0.6719,-0.8474,0.12224,-0.85345,-0.066473,0.42165,-0.27173,-0.25328,-0.29636,-0.20593,-1.2826,0.19179,-0.26993,0.14068,0.49945,0.095437,0.088426,0.71691,-0.42783,-0.43151,-0.38389,0.44358,-0.30764,-0.18051,-0.8488,-0.011311,0.013759,0.2709,0.25541,-0.005282,-0.24349,-0.32826,-0.27204,-0.069246,-0.27452,0.5145,-0.4601,1.9032,-0.14681,-1.9018,0.058382,-0.041693,0.16017,-0.060069,-0.012972,0.073661,-0.092888,0.58189,0.30116,-0.16358,-0.041301,-0.02569,0.27371,-0.13234,0.1498,0.24932,-0.018298,-0.095554,-0.14679,0.94088,-0.090248,0.3256,0.098171,0.353,0.23261,0.17941,0.05412,0.20831,0.034223,-0.036653,-0.33705,-0.1791,-0.2462,0.10144,0.18002,-0.50627,-0.22139,-0.011527,0.01557,-0.41283,1.3577,-0.19366,-0.21447,0.73223
TCGA-59-2363-01A-21-1560-20,OV,Primary,35,0.12639,0.0531,0.062474,0.065012,0.033235,-0.032185,0.28775,-0.2062,-0.82726,-0.96017,-0.48218,0.22528,0.64503,-0.10113,0.91284,-0.45171,-0.23669,-0.23689,-0.16574,0.015614,-0.071375,0.012112,0.55955,0.24052,0.0049966,0.13174,0.35241,-0.19878,-0.0031103,-0.46627,-0.69939,0.18646,-0.13497,-0.012182,0.18106,0.21798,0.16053,0.43894,0.007579,0.31058,0.97222,0.081258,0.094469,-0.10682,-0.27915,0.26583,-0.82934,-0.66014,-0.36548,-0.34263,-0.097833,0.045937,-0.13219,0.22847,-0.28782,-0.5342,0.0083381,0.010275,0.51511,-0.375,-0.032026,-0.38728,-0.13308,0.0092151,-0.14742,-0.0070949,1.1363,1.759,-0.71269,0.0036526,0.054885,-0.26675,-0.38673,-0.30706,-0.086134,0.041356,0.25445,-0.5352,-0.23468,0.2599,-0.28093,0.12308,0.94083,0.097367,-0.58437,-0.0085647,0.36311,-0.32946,0.25201,-0.09061,-0.39686,0.36846,0.30712,-0.22589,0.095938,-0.43619,0.32317,0.14619,-0.77603,-0.195,-0.091141,-0.89888,-0.3119,-0.037832,0.16211,-0.028432,0.64615,-0.18848,-0.053326,0.59071,-0.099801,-0.37837,-0.44142,0.0011217,-0.18653,0.12143,0.039213,0.20263,0.17724,0.45826,0.44333,-0.75612,0.18584,-0.086746,-0.44847,-0.4802,0.3451,0.40961,1.2003,-0.024854,-0.054808,0.045524,0.22854,-0.011034,0.20601,-0.50139,0.028849,0.47547,0.042098,-0.027987,0.026067,-0.55042,0.11951,-0.28913,-0.091829,0.62696,0.03359,-0.84323,-0.11394,0.01652,1.542,0.1812,0.040486,0.5632,0.2553,0.12912,-0.55745,0.85992,-0.10057,0.15562,-0.69243,-0.93013,-0.26504,0.12417,-0.77499,-0.085428,0.31674,0.043438,0.24296,0.15097,0.18853,0.073905,0.17212,-0.45591,-0.69676,-0.049111,0.044047,2.4291,-0.12671,-0.37624,0.32243,0.1557,0.20129,0.0026695,0.15107,-1.0572,-0.74349,0.12107,0.0056868,-0.1327,0.20247,0.0006554,-0.072021,-0.1686,0.08007,0.35285,0.18725,0.020782,0.13407,0.75876,0.25399,-0.015039,-0.083313,-0.43394,0.31217,0.87581,-0.06521,0.11186,-0.31742,-0.0079615,-0.20573,-0.090733,-0.22761,0.076011,-0.081338,-0.27141,-0.040684,0.12138,-0.31777,-0.42776,0.0099775,-0.046564,-0.20729,0.36121
TCGA-25-2400-01A-21-1560-20,OV,Primary,35,0.15269,-0.11187,0.077683,0.32474,0.69299,-0.23802,-0.38615,0.012388,-0.94191,-0.52541,-0.25985,-0.64405,1.3095,0.75837,-0.14993,-0.40545,-0.55871,-0.49575,-0.089288,0.091582,0.43727,0.014143,0.85313,0.18606,-0.18111,0.04976,0.67907,0.040368,0.018528,-0.89174,-0.10339,0.15323,-0.43295,-0.1678,-0.059433,0.017316,0.45069,0.36817,-0.066158,1.7403,0.94759,-0.20952,0.010557,0.33943,-0.09056,-0.15905,0.19267,-0.54515,0.3911,-0.2139,-0.10741,-0.040087,-0.1826,2.0449,0.35639,-0.45755,-0.44832,-0.23963,0.28905,-0.41866,-0.07876,-0.29726,-0.27242,-0.15376,1.0261,-0.11987,0.25777,1.553,0.38182,0.20917,0.15563,-1.0754,0.079481,-0.5837,-0.16862,0.37277,0.25073,0.022701,-0.2948,0.21215,0.45119,0.42312,-0.336,1.7274,-0.046112,0.12282,0.27028,-0.14334,0.14532,-0.52051,0.11097,-0.26593,-0.25704,0.219,0.52358,-0.61956,-0.0082336,-0.03164,-0.74395,0.0047168,0.18142,-0.55193,-0.29224,0.10465,0.5659,0.14909,0.49141,-0.35023,-0.13042,0.23793,0.010172,0.50163,0.29668,-0.043657,0.065659,-0.03746,-0.085646,-0.51138,0.3284,0.069445,0.20892,0.078041,-0.048444,0.41515,-0.048931,-0.14864,-0.10209,0.080926,0.84678,0.24572,0.072925,-0.10437,0.46108,-0.27217,0.065158,0.27859,0.2012,0.85387,-0.22612,-0.022856,-0.24156,-0.72592,0.35906,-0.319,0.017578,0.2578,-0.0019456,-1.3178,0.11627,-0.071283,0.43792,0.15058,-0.043639,0.098307,0.03036,0.065264,-0.001297,1.0472,-0.3425,0.00047499,0.064012,0.374,-0.38608,-0.11432,-0.057788,0.57894,0.54338,1.1986,0.43264,0.010423,-0.028979,-0.030328,0.00030117,-0.81742,-5.2471,0.24154,0.17816,0.79281,0.34749,0.83424,-0.35222,0.065985,-0.55466,-0.13407,0.031349,-0.17624,-0.31238,-0.35665,0.53848,-0.051646,-0.1157,0.13667,-0.021023,-0.01987,1.7741,2.3343,-0.0063758,-0.085411,-0.02687,-0.63972,0.080578,-0.1501,-0.22696,-0.17508,0.16346,1.1568,-0.18263,-0.20719,-0.048174,0.013745,-0.39426,-0.17232,-0.18807,0.026014,-0.17798,-0.59588,-0.48314,-0.084639,-0.10095,-0.36692,1.2288,0.053274,-0.28861,0.2498
TCGA-29-2431-01A-21-1560-20,OV,Primary,35,0.21549,0.10792,-0.33566,-0.30925,0.84602,-0.39632,-0.65955,-0.24333,-0.16966,-0.91574,0.075333,0.71752,0.58349,-1.0841,0.55062,-0.14098,-0.16466,0.4088,0.18086,-0.49613,0.44332,-0.17357,1.458,0.42269,-0.16885,-0.20948,0.35111,0.11916,-0.097823,-1.519,0.92313,-0.41151,-0.4249,-0.099433,-0.10173,-0.1856,0.11871,-0.20983,0.13603,0.68373,0.87227,0.14112,-0.018257,0.47983,0.53314,0.47792,-0.75411,-0.93808,0.48616,-0.54432,-0.19723,-0.084958,0.24191,2.8222,-0.21181,0.057081,0.39407,0.33982,0.14391,-0.17215,0.21493,0.039778,0.065658,0.16408,0.16843,0.050887,-0.80233,0.33028,-0.47129,-0.040315,0.67335,-0.21876,-0.55502,-0.482,-0.1213,0.77996,-0.10929,-0.20155,-0.20369,0.058077,0.2521,0.045797,1.552,0.13053,0.45254,-0.29576,-0.050268,-0.064957,-0.0033362,0.013218,0.40657,-0.72453,-0.2895,-0.070367,0.33709,0.77631,0.75515,0.028581,-0.39457,0.40467,0.22244,-0.61711,0.071336,0.11798,-0.17304,-0.22678,0.81355,0.26267,-0.36225,-0.1759,-0.36403,0.32748,0.33372,-0.46368,0.21666,0.088785,-0.0047872,0.23826,0.20526,0.78139,0.39337,0.5228,-0.0073014,1.1842,0.41969,-0.59381,0.079696,0.86026,2.0842,-0.15384,0.078164,-0.26147,-0.099798,-0.037651,0.85493,-0.25743,0.24584,0.67253,-0.2118,-0.044708,-0.23463,-0.43405,0.076872,-0.85077,-0.024871,0.36066,-0.036292,-0.83817,0.31175,0.17276,1.0039,-0.30685,-0.048105,0.36216,-0.07452,0.17674,0.033217,0.39164,0.05777,0.09085,-0.19728,0.12245,0.18113,0.0069605,-0.99424,0.11895,0.67506,0.30719,0.12425,0.25998,-0.10128,0.21611,-0.038624,-0.84169,0.3384,-0.0087444,0.22404,2.5293,-0.22129,0.73552,-0.77645,0.024966,0.15929,-0.1027,0.084925,0.36829,-0.82864,0.063157,0.27135,-0.43587,-0.0063702,-0.20867,0.042753,-0.35428,0.049595,0.20406,-0.62085,-0.20134,-0.12883,1.0318,-0.25859,0.089613,-0.65714,-1.761,0.81572,1.2481,-0.16848,-0.63124,-0.31166,-0.17397,-0.17841,-0.86381,-0.099366,0.029385,-0.59171,-1.2812,-0.39269,-0.1188,-0.61958,-0.81873,1.5958,0.26767,-0.58299,-0.50716
TCGA-36-2533-01A-21-1560-20,OV,Primary,35,0.054095,-0.25943,-0.17289,-0.046156,-0.16491,-0.22217,-0.47891,0.76989,-0.64937,-0.63407,0.00049261,0.76501,0.38129,-0.17736,0.58185,-0.17593,-0.23912,-0.50975,-0.048714,0.09301,0.66976,0.19942,0.01764,0.17153,-0.12666,0.1464,0.79557,-0.077917,0.16101,-0.48546,0.094777,0.13658,-0.36405,-0.12821,0.059714,0.19683,-0.099562,0.36884,0.011067,0.56463,0.99088,-0.3086,0.22905,0.17785,0.28884,0.0181,1.0662,-0.82683,0.8099,-0.34974,0.25558,0.13644,-0.14141,1.8894,-0.30621,-0.080944,-0.14209,0.2109,0.80494,-0.23921,-0.31579,-0.25976,0.041213,0.20601,0.58151,-0.11094,1.2474,0.61714,0.36226,0.15649,0.18073,-0.026481,-0.14698,0.084293,-0.00038825,0.15785,0.087559,0.045297,-0.11072,0.33536,0.15796,0.16091,0.13081,1.9704,0.27576,0.045215,0.2691,0.013638,0.20861,-0.2474,-0.12069,3.2202e-05,-0.093808,0.07636,0.11473,-0.89706,0.14041,-0.22618,0.088308,-0.18266,0.013668,-0.47255,0.10162,0.070259,0.019659,0.11237,0.50804,-0.024177,-0.15278,-0.31691,-0.24165,-0.012472,0.18446,0.11223,0.0030304,0.022853,-0.16156,-0.065821,0.51504,0.85294,0.59073,-0.024123,0.18163,-0.097036,0.22264,0.16085,0.011377,0.19817,0.98462,-0.11857,0.18655,-0.12665,0.1537,-0.14522,0.17742,-0.30754,0.20489,-0.086916,-0.18457,-0.06259,-0.43741,-0.42399,-0.074146,-2.0816,0.238,0.1364,-0.012045,-1.2221,-0.40281,-0.18833,0.089947,0.20302,-0.057183,0.76521,0.3077,0.06144,-0.21552,0.34331,0.045685,-0.20182,-0.45906,-0.069965,-0.12223,0.16373,-0.89016,-0.2221,0.14966,-0.0073086,0.31804,0.07713,-0.19681,-0.045834,-0.029949,-0.58764,-0.69345,0.30295,0.31093,0.77328,0.01865,-0.44723,-0.38709,-0.067313,0.18969,-0.063227,0.10576,1.3386,0.40947,-0.40518,-0.66425,-0.066713,-0.15385,0.094608,0.13645,-0.057388,-0.25995,-0.0025928,-0.34959,-0.072878,0.020563,-0.52891,-0.1026,-0.0069773,0.0087659,0.27055,0.33926,0.046417,-0.24919,-0.026658,-0.24056,-0.047599,-0.27865,-0.33053,0.018585,-0.013016,-0.047498,-0.35016,-0.82802,0.02756,0.04419,-0.122,-0.29758,0.18592,-0.2936,-1.1371
TCGA-24-2033-01A-21-1560-20,OV,Primary,35,0.78358,1.0633,-0.025336,0.91855,1.4828,-1.617,-3.0511,-0.86265,-1.1598,-1.572,-1.1989,-0.64195,-0.33755,-0.61543,-2.5574,0.29543,0.73202,-0.24223,1.9506,-1.3075,1.325,0.76387,1.4385,1.755,-0.64093,0.2307,1.8901,-1.0918,0.11678,-0.21621,-0.45206,0.39143,-0.331,-0.14212,0.42352,0.60133,0.41965,0.94571,-0.59013,1.3246,1.0821,-1.5222,0.24508,0.0047906,0.61624,-0.22764,0.57269,-0.38999,0.45015,0.42998,-0.23915,0.0097659,0.93915,-0.071555,0.49227,0.70412,-0.59103,1.0837,1.1297,-0.46197,-1.0876,0.47025,0.36768,0.27032,1.8028,1.3743,1.5994,2.1131,-0.12735,1.2873,0.47977,-0.81704,-0.14638,-0.31952,-0.63837,0.22102,0.36239,0.24112,1.0275,0.62029,-0.69535,0.296,1.9369,1.0344,0.42819,0.18317,0.36899,0.75612,0.95087,-0.25613,0.27492,0.29583,-0.82373,0.55678,0.63458,1.1802,1.7822,0.51147,-1.3365,0.94809,-0.58246,-0.49792,-0.7098,0.71605,-0.27315,1.4491,0.21144,2.0005,0.016276,0.74692,-1.87,-0.017876,0.14907,0.091417,-0.13202,-0.45541,-0.1726,-1.1877,0.43847,-2.5326,0.44157,-0.92621,0.63952,-1.1593,-0.79026,0.31748,0.40568,-0.43707,-0.021733,0.79321,0.34975,0.75486,0.22515,-0.35808,-0.48381,-1.2923,0.35764,0.48928,-0.97054,-0.24162,2.0429,1.3821,-0.34561,-3.7702,2.1778,-0.4098,-0.42977,4.3012,-0.13977,0.045977,0.039933,0.22083,-0.73729,1.805,1.2816,1.075,-0.56689,0.084315,0.53618,3.4091,-0.74246,-0.16842,0.85252,-0.0081274,-2.3567,-0.31316,0.29562,-0.36576,0.49206,0.54042,-0.15291,0.43468,-0.18185,2.0073,-1.7533,0.93642,-0.084509,-0.0033632,-0.54693,-2.3654,-0.77893,-0.10139,0.99502,-0.47213,-0.39924,-0.1548,-0.88749,0.11782,-0.77781,-1.0679,-0.49611,-0.16328,-0.43333,-0.50707,-2.3746,0.50485,-1.353,-0.1027,0.26093,1.1962,-0.39907,-0.36305,0.33696,0.13125,0.42842,0.9498,-1.7296,-1.9428,-1.2501,0.30944,-0.74906,-0.66207,-0.56368,-0.50333,-0.98187,-2.5925,-0.54028,-0.32545,-0.25482,-1.2228,1.1075,-0.63585,-0.84304,-0.44618
TCGA-09-2051-01A-21-1560-20,OV,Primary,35,0.12336,-0.3412,-0.26713,0.0099741,0.062177,-0.79165,-0.77618,0.14009,-1.2656,-1.2791,-0.37142,0.38451,0.90149,0.45712,0.46264,-0.20264,-0.20453,-0.27133,-0.27498,-0.15501,0.20726,-0.078734,0.61948,0.13667,-0.44901,0.037166,0.56702,0.015253,-0.23016,0.516,-1.5936,0.11027,-0.60734,0.1436,0.012647,0.033986,0.46601,0.24026,0.0076511,2.0965,0.21361,1.1834,-0.13302,0.60254,0.25108,0.38955,0.21163,-1.0378,0.18058,-0.062218,0.29815,0.051091,-0.0068596,1.7097,0.069824,-0.25718,0.52701,-0.18066,0.43831,-0.25881,-0.19205,-0.69523,-0.41121,-0.11349,-0.013964,-0.015669,0.076458,-0.0076376,-0.63463,-0.20868,-0.20954,0.32638,0.20834,0.48065,-0.17315,0.76604,0.17444,0.077528,-0.18528,0.12458,0.48376,0.2935,-0.17364,1.1723,-0.15757,0.031043,0.26517,0.13091,0.21233,-0.057827,0.50003,-0.064591,-0.16353,0.39606,0.28152,-0.56519,-0.24046,0.23554,-0.093482,0.081253,0.15851,-0.79454,-0.13422,0.11213,0.29121,-0.031656,0.24895,-0.32552,0.018361,-0.24926,-0.15224,0.80865,0.883,0.26174,0.16452,-0.34024,-0.095471,-0.46276,0.17943,-0.21827,0.72243,0.27439,0.061801,1.2785,-0.024266,-0.42284,0.29557,-0.49745,-0.81912,-0.11889,0.18696,0.01986,0.012947,-0.08015,0.61803,-0.1407,0.29096,0.359,-0.40113,-0.17797,-0.21105,-0.4986,0.35225,-0.84878,0.082054,1.3569,-0.057606,-0.84192,-0.49741,-0.042908,-0.46948,-0.037956,-0.079832,-0.60154,0.25782,0.088762,0.23278,0.6687,-0.085322,0.08096,-0.070357,-0.042591,0.37827,-0.07258,1.4058,0.29125,0.60046,0.61742,-0.026458,0.1081,0.081108,0.053714,-0.10804,-0.56829,-1.0746,0.33514,-0.4068,1.2078,-0.21056,0.87056,0.39413,-0.071435,0.34289,-0.098099,-0.0057644,0.17381,-0.28879,-0.18982,0.29276,0.7438,-0.09207,-0.10993,0.021386,-0.038973,0.56793,1.0409,0.15587,-0.3518,-0.011598,-0.62965,-0.32791,-0.0017164,0.023069,0.82409,0.30941,0.47589,-0.17162,-0.42402,-0.21229,-0.04482,-0.39742,-0.31701,-0.11734,0.018778,-0.039922,-0.57598,-0.14912,-0.090016,0.2868,-0.25715,1.6649,-0.17558,0.028166,1.2491
TCGA-61-2087-01A-21-1560-20,OV,Primary,35,-0.092322,0.19651,-0.034754,1.3193,0.079343,-0.41953,-0.54592,-0.086775,-0.37101,-0.40241,0.0083239,-0.023763,-0.36864,0.66773,0.54089,-0.39535,-0.62524,0.24193,-0.10974,-0.098667,0.76641,-0.4232,0.48673,0.66889,-0.7292,-0.0068432,0.48398,0.19902,0.25011,-0.46658,-0.70532,-0.095119,-0.63257,0.47535,0.013451,0.10622,0.055945,0.25865,0.16817,1.4215,-0.16016,1.0212,-0.33836,1.1036,0.051223,0.00023845,0.99814,-1.3208,1.3757,-0.44537,-0.19943,-0.13393,0.022427,1.4621,-0.13194,0.51865,-1.2018,-0.092067,2.1721,-0.61506,-0.24247,0.56151,-0.61162,-0.27014,-0.10197,-0.19751,-1.0109,-0.25338,-0.53044,-0.82205,0.71653,-0.17536,-0.37005,0.21385,-0.20636,1.2326,0.97194,0.81269,-0.30899,0.081589,0.27135,0.36524,-0.39699,2.7246,-0.31899,-0.18398,-0.037128,0.28949,0.1771,0.071349,0.58547,-0.392,-0.50991,0.30034,0.25163,-1.204,-0.0076255,0.1145,0.08134,-0.023665,0.0050848,-1.0258,-0.39826,0.016525,0.10125,0.19789,0.32998,0.043778,-0.072037,-0.21625,0.16916,0.54736,0.52446,0.28815,1.4605,-0.46712,0.029356,-1.289,0.48866,0.84374,0.61034,0.58664,-0.19168,2.2049,0.7391,0.81261,0.058408,-0.24388,0.72051,-0.2344,0.14937,0.16538,0.49697,-0.26517,-0.3661,1.1643,0.58928,0.37846,-0.38992,-0.33807,-0.17594,-0.99396,0.33961,-1.9062,0.25078,1.2749,-0.28616,-0.52399,0.47446,-0.33167,-1.0947,0.085248,-0.26463,0.30994,0.29927,0.006332,-0.40139,0.66662,0.18043,-0.41251,-0.13315,1.0878,0.05966,-0.37984,-1.4748,-0.034565,0.80257,0.79608,0.28107,-0.0044682,-0.12478,0.12088,-0.067666,-0.68923,-0.95057,1.0277,0.82569,2.055,-0.46414,0.77211,0.29491,-0.4083,-0.24605,-0.44645,-0.25595,0.53131,-0.88752,-0.12531,-0.36178,-0.073554,-0.50483,-0.088534,-0.25419,-0.23809,0.47314,0.96896,0.01014,-0.49855,-0.18704,-0.52064,-0.14289,-0.34019,-0.0055525,-0.41839,-0.33765,1.2006,0.0586,-0.28393,0.52915,-0.09113,-0.96898,-0.39344,-0.46058,0.10891,-0.41658,-1.1002,-0.16696,-0.30064,1.1067,-0.20301,2.0029,0.16306,-0.18813,0.85291
TCGA-61-2102-01A-21-1560-20,OV,Primary,35,-0.083042,-0.050277,0.2297,0.62801,1.3466,0.55068,0.42497,-0.17753,0.6585,-0.086151,-0.59312,0.097919,-0.80882,0.53705,0.45301,-0.30476,-0.29576,-0.051333,-0.36582,-0.21352,-0.9164,-0.23927,-0.29406,0.66545,-0.35576,0.10009,-0.55897,0.17787,0.25185,-0.98421,0.26338,-0.055172,-0.72353,0.21986,0.16029,0.11533,0.10644,0.33867,-0.13885,-1.5615,0.081225,0.93591,0.097012,0.64194,-0.16626,0.56751,-3.219,-1.4196,0.13199,0.14391,0.24706,-0.14817,0.082224,-1.9755,-0.25628,-0.51042,1.1959,-0.093994,0.050626,-0.19024,0.25355,0.48277,-0.40614,-0.012946,-0.17553,-0.13983,-0.020967,1.3274,-1.1976,1.0558,1.1638,-0.47421,0.17468,-0.52024,-0.41735,1.1511,0.0035644,0.72793,-0.092579,0.095755,0.24397,0.34921,0.019771,0.37634,-0.45875,0.16912,0.14486,-0.42677,0.25152,0.20611,0.56938,0.088741,0.19934,0.49252,0.65835,0.37163,0.38239,-0.13849,-0.2758,-0.82428,0.75512,-0.060951,0.41113,-0.14744,-0.27787,0.13189,0.39103,-0.7224,-0.021121,0.50975,-0.2581,0.46862,0.64408,0.17704,-0.1622,-0.057851,-0.028168,-0.6358,0.41877,0.71805,0.34226,-0.52055,0.085585,-0.67356,0.66353,-0.49763,0.28423,-0.49449,-0.91232,-0.33722,0.29843,-0.036026,0.21757,-0.35997,0.47751,0.17794,0.24432,0.75403,-0.37319,-0.14753,-0.29869,-0.53827,0.63778,-0.96911,-0.024896,0.60126,-0.031991,-2.847,0.74296,-0.034472,-0.85252,0.018314,0.074921,0.072782,0.051737,0.10233,-0.34424,0.4618,-0.10572,0.0018031,0.024217,0.16393,-0.14612,-0.11428,-1.2728,0.50184,1.2547,-0.024579,0.20985,0.12108,-0.07251,0.20513,0.019018,0.010642,1.7546,0.32688,0.52475,-1.6186,-0.42911,-0.17225,0.0076776,-0.19099,-0.41382,-0.13448,-0.06332,-1.4689,-0.58592,0.61181,0.43358,-0.00475,-0.22253,-0.088416,-0.06708,-0.10469,0.50666,1.1556,-0.2398,-0.24724,-0.13404,-0.029891,0.079128,0.31158,-0.3045,0.085992,0.055275,1.9735,0.043906,-0.39649,-0.1073,-0.058433,-0.22655,-0.44997,-0.531,0.10246,0.013374,-0.51212,0.86587,-0.3122,-0.24167,-0.38871,2.4004,-0.059886,-0.46481,0.61542
TCGA-24-2267-01A-21-1560-20,OV,Primary,35,0.084782,0.30959,0.050311,0.34263,-0.17291,-0.59483,-0.79224,-0.29918,-1.2238,-1.1906,-0.42895,0.094208,1.0699,-0.0060006,0.67206,-0.2695,-0.51459,-0.17684,-0.039653,0.1616,-0.026902,0.12548,0.18288,0.047374,0.20156,0.12833,0.96144,-0.10221,-0.00088707,-0.65116,-0.37699,0.28022,-0.1335,-0.31295,-0.020756,0.086165,-0.029827,0.27121,-0.025,0.30328,0.65773,-0.73398,0.13113,0.83369,-0.46791,0.090309,0.2444,-0.4015,0.89364,-0.24958,0.40216,0.044843,-0.24342,1.5618,-0.28143,-0.42717,0.20433,-0.26227,0.89136,-0.33305,-0.52406,-0.73611,-0.44143,0.0083846,0.53261,-0.0097113,1.2624,0.46574,0.023991,0.014558,-0.01207,-0.46605,0.077485,0.27577,-0.10799,-0.20195,0.59171,-0.14354,0.058662,0.41255,0.006919,0.17569,0.16975,0.62312,-0.4026,-0.022542,0.18477,0.55877,0.21541,-0.39282,-0.21176,0.035506,-0.36105,0.21265,-0.036245,-0.083346,-0.26039,-0.3968,-0.61691,-0.2888,0.59485,0.32811,0.7736,0.19521,-0.11068,-0.010899,0.48075,0.069005,-0.050386,-0.79217,0.033144,0.083497,-0.29449,0.38802,0.19884,-0.1467,0.01347,-0.54287,0.46124,-0.13543,0.21724,0.81373,0.095836,0.86728,-0.38264,-0.47304,-0.12135,0.0035339,-0.049756,0.01345,-0.18549,-0.013047,-0.077639,-0.17612,0.090173,0.020744,0.14737,-0.11244,-0.14989,-0.054032,-0.61341,-0.13256,-0.039849,-1.4038,-0.0075263,-0.0024349,-0.14365,0.2578,-0.84747,-0.041294,-1.8092,0.0062621,0.085636,0.43994,0.39406,0.19502,0.12152,0.67999,-0.30039,-0.25061,-0.28776,-0.22106,-0.10448,0.21766,-0.25083,-0.2079,0.044564,-0.079085,-0.10499,0.058533,-0.083944,-0.23956,-0.38335,-0.54958,-0.87524,0.078583,-0.30294,1.1868,0.1672,-0.61571,0.20886,0.11008,-0.49611,0.17013,0.1928,0.4328,0.16709,-0.15162,0.25071,-0.018879,0.16281,0.06669,0.23767,-0.2071,-0.12536,0.098726,0.2427,-0.089316,0.098157,-0.44607,0.11221,0.20454,0.022969,0.029202,0.54491,0.40675,-0.11712,-0.27416,-0.05744,0.20175,-0.25217,-0.069676,-0.12958,0.025457,-0.21661,-0.20645,-0.12549,0.11549,0.38445,0.014764,1.7692,0.18079,0.22411,0.44109
TCGA-24-2297-01A-21-1560-20,OV,Primary,35,0.037384,-0.35812,-0.00035775,0.32736,0.0333,-1.0061,-1.0832,0.42078,1.0974,0.46674,-0.53951,-0.30195,0.44339,0.36551,0.13281,-0.16417,-0.32459,-0.54385,-0.065941,0.20863,0.16505,0.2661,-0.044229,0.19351,-0.11144,0.19975,0.89599,-0.27534,0.062422,-0.69375,-0.45419,0.21852,-0.40044,-0.18441,-0.0058226,0.23396,-0.064061,0.36988,0.14743,0.53954,0.92159,-0.53871,0.18663,0.15315,0.23832,0.11055,0.0053772,-0.81774,0.27568,-0.34801,0.36241,0.19548,-0.093946,1.1336,-0.088821,-0.35597,0.98508,0.34194,0.80959,-0.23203,-0.23907,0.001203,-0.3967,-0.074734,1.033,-0.062349,1.9499,3.1817,0.44375,0.22995,0.30547,0.031585,-0.40305,-0.096211,0.11402,1.4568,-0.040734,0.26817,0.090718,0.43939,0.22633,0.4624,0.40279,-0.66751,-0.19366,-0.12222,0.32961,-0.17211,0.18388,-0.18096,0.20197,0.16712,-0.27932,1.3122,0.11336,-0.12586,-0.10857,-0.36487,-0.50695,-0.21545,0.016272,-0.12825,0.096945,0.0073948,0.088609,0.14136,-0.054573,0.062744,-0.031464,0.14483,-0.12167,1.1626,1.1044,0.38282,-0.11167,-0.23366,-0.10215,-0.48786,-0.009089,0.21786,0.23322,-0.42682,0.19625,1.6176,-0.03176,-0.41975,-0.27829,0.098907,0.64711,0.028778,0.16983,-0.20642,0.095331,-0.31416,-0.03681,-0.27632,0.62063,-0.20587,0.025139,-0.04645,-0.88035,-0.3156,0.010316,-1.0338,0.16316,-0.082413,-0.15338,-1.6128,-0.461,-0.057244,0.83861,0.14926,-0.17375,0.63544,0.62019,0.26487,-0.22568,0.35511,-0.33089,-0.33141,-0.72813,0.061735,-0.080044,0.16643,-1.0788,0.10511,0.16656,-0.22451,0.42752,0.0036719,-0.17597,0.018024,-0.31517,-0.50479,-0.10448,0.022877,-0.37976,0.95952,0.21032,-0.45375,-0.073878,0.024327,0.30818,0.022814,0.1251,0.58269,-0.87725,-0.054491,-0.29008,-0.13452,-0.13218,0.16771,0.12364,0.008962,-0.28488,-0.020692,-0.26759,0.04556,0.045427,-0.63875,-0.057162,-0.092618,-0.090954,0.22576,0.23902,0.1449,-0.17715,-0.31669,0.010625,0.14547,-0.28665,-0.40648,-0.46579,0.012025,-0.23449,-0.73399,-0.4832,-0.072385,-0.28134,-0.53554,1.3951,-0.026583,-0.21243,-0.26966
TCGA-59-2372-01A-21-1560-20,OV,Primary,35,-0.01861,-0.11275,-0.037699,0.06906,0.84614,-0.55361,-0.85613,-0.36789,-0.42447,-0.9008,-0.012826,0.85151,0.33271,-0.016155,0.93413,-0.50731,-0.54348,0.026536,0.24289,-0.22012,1.4079,0.09084,1.7317,0.083744,-0.12227,0.087545,0.13527,-0.070413,-0.026548,-1.1403,-0.83147,0.16925,-0.29288,-0.32383,-0.038025,0.090561,0.049575,0.29893,0.082605,0.76425,0.34217,-0.72091,-0.064515,0.30106,0.25649,0.53013,0.90609,-0.91442,0.38963,-0.51692,0.062495,-0.017103,-0.22734,1.1321,0.005951,-0.60817,-1.0159,-0.25493,0.6917,-0.25966,-0.20211,0.011263,0.13448,-0.13537,0.31031,-0.079007,0.26426,2.6119,-0.68531,0.32858,-0.064238,-0.84547,0.47736,-0.9321,-0.20554,0.8317,-0.073875,0.15842,-0.32086,0.26729,0.18633,0.24086,1.2495,-0.29742,-0.14966,-0.37958,0.54182,0.27044,0.23272,-0.1102,-0.35559,0.16843,-0.13363,0.23376,0.25754,-0.33075,0.72246,-0.24987,-0.0054568,0.47802,0.8339,0.12422,0.7674,0.12981,-0.096767,-0.068146,0.33889,0.41828,-0.31225,-0.11857,0.015669,0.21373,0.038597,0.25737,-0.032475,-0.23853,0.037005,-0.394,0.17675,0.72756,0.53719,-0.33964,-0.1794,1.2346,0.39373,-0.7965,0.49959,0.4578,0.83985,-0.072806,-0.031418,-0.23151,-0.19001,-0.1229,0.5657,0.44393,0.34638,-0.013105,0.090042,-0.42575,-1.5095,-0.69602,0.57637,-1.0315,-0.032195,0.10071,0.17998,1.0575,0.12242,0.15463,0.20905,0.19229,0.17796,-0.59209,-0.045028,0.060553,-0.22231,0.94555,0.069959,0.40993,-0.047549,0.24736,1.0597,0.0087912,-0.96778,0.18004,0.7602,1.0251,0.17882,0.06317,0.085515,-0.15991,-0.11193,-0.67984,-1.1944,-0.23792,0.19598,1.1847,-0.098837,0.96191,-0.7587,0.0067273,-0.13441,0.071244,0.15639,-0.65482,-0.18227,0.30798,0.61536,-0.41531,0.14674,-0.10413,-0.25028,-0.053403,0.83877,0.95213,0.079148,-0.15783,-0.017263,0.18763,-0.16621,-0.0026557,-0.10218,-1.0274,0.13017,0.77533,0.062484,-0.27495,0.046908,-0.19465,-0.39325,-0.057216,-0.15543,0.10414,-0.19366,-0.11864,-0.5075,0.018989,-0.62853,-0.3679,0.34891,0.13855,-0.031023,0.58249
TCGA-25-2401-01A-21-1560-20,OV,Primary,35,0.03188,-0.18316,-0.25773,0.14936,-0.10773,-0.59327,-0.55786,0.36249,-0.27406,-0.88147,-0.40366,0.1445,-0.48971,0.84164,0.23844,-0.23549,-0.00066808,-0.63433,-0.10487,0.077703,-0.24563,-0.079414,-0.029523,0.2275,-0.1274,0.024362,0.27626,0.11973,0.077146,-0.74074,-0.55386,0.14304,-0.30948,-0.065735,-0.017284,-0.028225,0.16537,0.20595,0.13038,-0.16036,0.876,0.32914,-0.076491,0.10195,-0.14766,0.41513,-0.78414,-1.0109,0.19815,-0.3677,-0.0027367,-0.087991,0.0093406,1.0647,-0.4554,0.10561,1.1829,-0.15694,0.73475,-0.2837,-0.075283,0.061979,-0.47324,-0.15837,0.61578,-0.10561,-0.30989,1.3908,-0.26074,-0.0030366,0.44793,-0.11981,-0.48848,0.25801,-0.040381,1.3898,0.29905,0.45992,-0.14488,0.18891,0.10735,0.27442,-0.044431,1.1008,0.097523,-0.085994,-0.053682,-0.27682,0.029369,0.072852,0.5726,0.22242,-0.12593,0.41358,0.1972,0.48512,0.2329,-0.13592,-0.47366,0.0052799,-0.016033,-0.38353,0.064657,0.025796,-0.20367,-0.069644,0.47511,-0.10734,-0.17309,-0.20905,-0.086927,1.0724,0.98086,0.10737,0.43102,-0.24815,-0.06775,-0.4354,0.23923,0.18273,0.00062677,0.23976,0.17244,1.3304,-0.091441,0.16927,0.086371,0.3699,1.0368,0.13861,0.19213,-0.095531,0.15478,-0.18056,0.15605,-0.19859,0.29994,0.15964,-0.24442,-0.02728,-0.18247,-0.062061,0.28465,-0.51273,0.1671,0.57022,0.039797,-1.3207,-0.19302,-0.0036756,1.3257,0.48812,-0.081717,-0.35042,0.54284,0.0090079,-0.18558,0.56765,-0.083929,0.059941,0.14103,0.23348,-0.020568,-0.045824,-1.2696,0.60014,0.11905,0.26495,0.15769,0.048412,-0.058326,0.082594,0.03783,0.12738,-2.0032,0.20144,0.0018481,2.204,-0.022274,-0.1795,0.17886,-0.034665,-0.1074,-0.071088,0.054343,0.36753,0.29924,-0.12509,-0.22054,-0.12787,-0.094844,0.044276,0.14375,-0.097615,0.22224,0.56424,-0.31966,-0.14223,-0.080465,-0.654,-0.12986,0.55752,0.26526,0.13205,0.48417,0.48193,-0.18269,-0.09247,-0.17218,-0.051807,-0.28366,-0.20644,-0.20825,0.026301,-0.23385,-0.49945,-0.092183,-0.024028,0.052397,-0.18514,-0.54566,0.20687,-0.10522,-0.23411
TCGA-29-2432-01A-21-1560-20,OV,Primary,35,0.012168,-0.95419,-0.21665,-0.16092,-0.074726,-0.66336,-0.70253,0.024527,0.020428,-0.50823,-0.22175,0.14327,-0.29846,-0.18872,0.215,-0.18594,-0.52564,-0.35965,-0.2747,0.044611,0.14697,-0.38866,-0.17157,0.27179,0.39894,0.086405,-0.12257,-0.20386,0.18047,-0.75208,-0.19068,0.21487,-0.19932,-0.2352,-0.0023974,0.083658,-0.41428,0.24583,0.25719,0.21926,0.40268,-0.9573,-0.080173,0.81227,0.12117,0.22232,-0.5779,-1.192,0.35996,-0.27307,0.12562,-0.21636,0.16411,0.93737,-0.14015,-0.45144,0.92187,-0.21564,0.7345,-0.314,-0.39313,-0.29062,-0.35889,0.087409,-0.0038103,0.18535,-0.26144,2.2173,-0.10977,-0.10545,0.36412,-0.077078,-0.39959,0.29044,-0.0054592,1.4135,0.28837,0.39945,-0.09303,0.27221,-0.034168,0.38916,-0.013691,0.8292,-0.21551,-0.12512,-0.01266,0.3726,0.22538,0.15102,0.21584,0.20794,0.049314,-0.094305,0.36592,-0.0093435,0.042918,-0.31375,-0.4587,0.4658,0.29923,-0.31455,0.44698,0.20579,-0.19039,0.021198,0.54171,-0.13211,-0.21348,-0.42607,-0.31443,0.53091,0.52504,0.23118,0.40358,-0.14901,0.22265,-0.94458,0.2437,0.30412,0.36038,-0.10664,-0.074034,0.94352,0.04624,-0.21762,-0.11732,0.31413,0.22221,0.031427,0.22006,-0.35811,0.035012,-0.14616,0.59553,-0.24674,0.24058,-0.15521,-0.22378,-0.068266,-0.61582,-0.054097,0.081124,-1.3104,0.1002,-0.27009,0.11075,-2.5744,0.010694,-0.024703,0.66988,0.20051,-0.13701,0.067976,-0.12751,0.18553,-0.14118,0.74878,-0.26609,-0.103,-0.13683,-0.16416,0.0014478,0.021168,0.11024,-0.071702,-0.051998,-0.30597,0.14484,0.011868,-0.3076,-0.14675,-0.25964,-0.03177,-1.0006,-0.088201,0.40763,2.3172,-0.037425,0.28023,0.35106,0.068556,0.11176,-0.22491,0.10362,0.92602,-0.10518,-0.75425,-0.38591,-0.09116,-0.18624,-0.0055052,0.068189,-0.093801,-0.40387,-0.41152,0.037623,-0.17507,0.040737,-0.27146,0.095654,0.27883,0.16462,-0.6267,0.24118,-0.21539,-0.25913,-0.30096,-0.021129,0.097939,-0.33673,-0.06739,-0.43596,-0.0040475,-0.51423,-0.55312,-0.1718,-0.035742,0.34867,-0.031417,0.7396,0.024895,-0.20068,0.30911
TCGA-36-2534-01A-21-1560-20,OV,Primary,35,-0.013206,-0.65122,-0.056801,0.44247,-0.67005,-0.50025,-0.76814,-0.24016,-0.25476,-0.7105,-0.44407,0.23846,0.58908,0.12296,1.5007,-0.43103,-0.76159,-0.49179,-0.16895,0.085254,-0.19939,-0.10919,0.25955,0.46736,-0.45483,0.033186,0.75663,-0.18883,-0.057742,-0.90572,-1.0964,0.16376,-0.49076,-0.17045,0.020273,0.12614,0.098754,0.2567,0.26184,0.044026,0.024049,-0.79935,-0.22285,0.23316,-0.55945,0.15523,0.59307,-0.79394,1.2634,-0.41537,0.028772,-0.11076,-0.22113,3.6778,0.62248,0.27128,0.14538,0.23639,1.4855,-0.24035,-0.24357,0.050162,0.21438,0.057182,0.19485,-0.13081,-0.4686,0.72113,-0.56734,-0.36713,0.48651,-0.20618,0.60393,0.034305,-0.20723,0.99203,0.092931,0.22303,-0.395,0.21136,0.21333,0.31254,0.24204,1.886,0.57756,-0.070599,-0.02886,0.35431,0.1753,-0.046437,-0.009166,0.14711,-0.22679,0.12449,0.23318,-0.12041,0.078824,-0.2989,0.02032,0.40322,0.37349,-0.21105,0.27822,0.0024499,-0.23937,0.13023,0.28983,0.098968,-0.42412,-0.32842,-0.1133,0.22345,0.29547,0.13536,0.76598,-0.22128,0.010806,-0.38853,0.10741,0.44786,1.0186,0.7855,-0.16734,2.6692,0.21712,-0.050064,-0.20476,-0.067301,0.5524,0.017448,-0.03103,-0.20396,0.12078,-0.25887,-0.031991,-0.067061,0.40888,0.36736,-0.27166,-0.2109,-0.5228,-0.77752,0.13182,-0.68693,0.15179,0.085825,-0.20252,-0.73526,0.27107,-0.088539,1.1633,0.35771,-0.096366,1.0427,0.081985,0.15503,-0.22742,0.81096,-0.066165,-0.22228,-0.31424,0.10742,-0.072876,-0.088394,-0.073885,0.1853,0.62036,0.42771,0.27897,0.086887,-0.077783,-0.24581,-0.029278,-0.082309,-1.2272,0.15287,0.59585,2.3588,-0.13622,0.73583,0.64615,0.0025082,0.37388,0.06723,0.091407,-1.1726,0.22224,0.10601,0.63045,0.24369,0.014337,-0.007032,0.0072214,-0.083063,0.3629,0.71566,0.31396,-0.34221,-0.042667,0.12405,-0.24817,0.072175,0.15661,-0.30642,0.56079,0.74577,0.049252,-0.20056,0.025675,-0.10684,-0.36765,-0.045848,-0.1768,0.10015,-0.34032,-0.17053,0.2298,0.02437,0.39141,-0.20799,1.8688,0.010429,-0.0076991,1.1244
TCGA-24-2036-01A-21-1560-20,OV,Primary,35,0.0016262,0.11252,0.12808,0.46409,1.0465,0.28199,0.24606,-0.33583,-0.10997,0.76916,-0.37468,-0.2949,0.89552,0.60798,1.0567,-0.44507,-0.69549,-0.51275,-0.17249,-0.03082,0.5869,-0.14903,0.09181,-0.13537,-0.46132,-0.033716,0.64359,0.20546,0.0535,-1.4219,-0.94321,0.014702,-0.62213,0.076142,0.14057,0.017667,0.39283,0.24917,0.41344,0.47945,0.6116,0.69258,-0.10639,0.41866,0.0027992,0.31573,-0.089534,-1.3029,0.83706,-0.41902,-0.30352,0.041011,0.15598,1.7231,0.52481,-0.079021,-0.83786,0.052788,1.4806,-0.36092,0.030175,0.43329,-0.26966,-0.14311,-0.49751,-0.16363,-0.096157,0.28064,-0.97813,-0.21019,-0.35975,-0.26596,-0.015715,-0.16919,-0.11844,1.1301,-0.46811,0.79397,-0.3663,0.12136,0.3313,0.084776,1.4369,0.55648,-0.080357,-0.45678,0.12417,0.60525,0.23454,-0.28681,0.94804,0.65397,0.55598,-0.1127,0.18917,-1.112,0.069968,0.0055677,-0.061698,-0.25512,0.073549,-0.39889,0.6516,0.25357,0.31973,0.33025,-1.0937,-0.068816,-0.26954,0.11321,-0.36855,0.21072,0.35322,0.045524,0.61447,-0.42521,0.08338,-1.1743,0.3812,0.25598,0.34318,-0.44764,-0.0047814,2.6426,0.38382,-0.44788,0.35476,0.33117,0.66967,-0.29134,0.077105,-0.037282,0.38703,-0.40924,0.79983,1.0219,0.4129,0.44962,-0.46497,-0.21838,-0.023448,-0.88066,0.33411,-0.27039,-0.17503,0.76119,-0.42803,-1.7378,0.55813,-0.15519,-1.2068,-0.2442,-0.31772,-0.49276,-0.14067,0.17115,-0.21941,0.72795,0.30938,0.081213,-0.16956,0.4588,-0.15002,-0.14817,-0.90151,0.49287,0.98299,0.47805,0.045201,0.15103,0.056513,-0.33472,-0.48015,-1.0005,-0.09121,0.056386,0.84553,1.8536,-0.28232,-0.76508,-0.088127,-0.074761,-0.029411,-0.30277,-0.20033,0.52287,-0.70974,0.32023,0.62626,-0.48558,-0.18088,-0.034541,0.092195,-0.056484,0.72654,1.2254,0.59537,-0.41803,-0.034442,-0.14816,-0.12527,-0.18585,-0.3634,-0.16651,0.73853,1.2773,-0.3032,-0.040901,0.31853,0.02188,-0.39213,-0.21739,-0.41124,-0.021448,0.062815,-0.72062,0.125,-0.17032,-0.19135,-0.47882,1.1941,-0.24283,-0.44323,2.0313
TCGA-09-2054-01A-21-1560-20,OV,Primary,35,0.11186,-0.11122,-0.018842,0.24032,0.77159,-0.1616,0.1219,0.17688,-0.42921,-0.42877,-0.34635,0.27673,-0.90614,0.90696,0.99186,-0.41659,-0.11916,-0.37622,-0.38885,-0.020766,-0.47312,-0.2808,-0.041598,0.25358,-0.44253,-0.098865,-0.45089,0.089973,-0.30446,-1.1097,0.45174,0.16205,-0.27422,0.29644,0.26105,-0.080258,0.22616,0.031462,0.22447,-1.7971,0.57136,0.73973,-0.19715,0.54003,-0.095634,0.36846,-3.0752,-0.77777,0.29685,-0.1683,-0.26112,-0.075201,-0.14606,-1.6121,-0.67837,-0.48591,0.85702,-0.17889,-0.11147,-0.63175,-0.018514,0.048707,-0.22639,-0.041231,-0.086038,-0.020652,-0.56696,1.0902,-0.56236,-0.079316,-0.016562,-0.50537,-0.59281,-0.095519,-0.056876,-0.51083,0.11802,-0.12888,-0.13344,0.054477,-0.054904,0.2715,0.44149,1.2199,-0.39807,-0.057279,0.40265,-0.39496,0.14539,0.28428,1.0241,0.29624,0.074572,-0.23883,0.5985,-0.054061,0.015812,0.023543,-0.53912,-0.27621,0.038291,-0.63254,0.114,0.13609,0.056294,0.050142,0.48766,-0.22792,-0.025347,0.42652,0.11661,0.30698,0.56818,-0.048328,0.25724,-0.24006,-0.020411,-0.74199,0.26027,0.22097,0.06664,-0.48911,0.15836,1.1632,-0.23705,-0.1903,0.51413,0.44592,0.78239,0.15554,0.16266,-0.020545,0.26127,-0.31597,0.59296,0.034002,0.26791,0.58034,-0.45616,-0.13673,-0.40331,0.11874,0.34145,-0.96928,0.17635,0.26056,0.045309,-0.91429,0.11279,0.030948,3.168,0.09851,-0.19802,-0.58405,0.039989,0.13873,-0.30149,0.73974,-0.19867,0.17074,-0.41768,-0.049311,0.0012342,-0.16385,-1.2383,0.055087,0.93048,0.68564,-0.1442,0.037232,-0.22602,-0.25401,-0.129,-0.21114,-0.20821,0.55609,0.0028156,0.40965,0.14507,0.99579,-0.40589,0.0089669,-0.2235,-0.040146,0.044863,-0.60222,-0.018862,0.58172,0.61645,-0.008846,-0.078815,-0.16585,-0.099889,-0.14993,0.67205,1.2353,0.1845,-0.21688,-0.15869,-0.26997,-0.0893,0.15799,0.17499,-0.32143,0.76427,1.546,-0.040754,0.28742,0.0093947,0.07684,-0.17083,-0.099781,-0.15688,0.074275,-0.013183,-0.5932,0.38795,0.11558,0.0049227,-0.24983,1.6181,0.1931,-0.26165,1.2398
TCGA-61-2088-01A-21-1560-20,OV,Primary,35,0.026228,-0.1946,-0.096744,0.15103,1.4372,-0.35225,-0.58713,-0.56549,0.20433,-0.47041,-0.076016,-0.022521,1.2722,-0.0074369,1.2279,-0.4824,-0.43951,1.7547,0.017773,-0.16329,1.4555,-0.26699,1.576,0.16954,-0.53807,-0.030948,0.93886,0.020465,0.080297,-1.193,-1.1338,0.083908,-0.70488,-0.2083,-0.067188,-0.020125,0.059114,0.24329,0.19329,1.7994,0.063432,-0.08881,-0.18567,-0.87887,0.52599,0.17357,0.65053,-1.5338,0.41837,-0.48387,0.08655,-0.21106,0.090196,2.7654,0.3233,-0.83971,-0.61899,0.062257,0.62092,0.098699,-0.26119,0.31995,-0.18432,-0.032702,-0.11094,-0.048506,-0.47176,0.86903,-0.97053,0.011738,-0.13926,-0.81422,-0.036671,-0.36685,-0.16492,0.95323,0.46407,0.50416,-0.33631,0.12721,0.42981,0.5649,0.77618,0.56874,-0.28218,-0.068795,0.13573,0.1398,0.2355,0.16686,1.315,0.38185,-0.51206,0.0053023,0.65569,-0.7135,0.04185,-0.49069,-0.40357,-0.025702,-0.025502,-0.7761,-0.17214,0.29699,0.28874,0.13245,0.18196,0.19335,-0.41326,0.23865,-0.35021,0.28945,0.078971,0.19139,-0.0497,-0.17998,-0.088005,-0.057012,0.55383,1.1437,0.27996,0.58232,-0.25601,1.7744,0.4829,-0.031225,0.26501,0.36377,0.41903,-0.18587,-0.070557,-0.23558,0.093738,-0.20483,1.0111,0.29006,0.63168,1.2103,-0.16795,-0.12966,-0.38902,-0.92053,0.45888,-1.0173,0.042992,0.34002,-0.27254,-1.9191,0.29618,0.14302,0.048117,-0.19568,0.16028,-0.099949,-0.44721,0.16585,-0.32503,0.94361,0.15576,0.050148,-0.46774,0.61419,0.30123,-0.0071315,-0.0052312,0.087182,1.1445,0.8388,0.11732,0.10601,0.31088,-0.14127,-0.19769,-0.53222,1.6117,0.085052,0.35411,1.5132,-0.35681,1.258,-0.050331,-0.0032953,0.025726,0.17284,0.16552,-0.91436,-0.029295,0.52469,0.46687,-0.23838,0.18157,-0.18296,0.010136,-0.21121,0.58504,1.3821,0.15086,-0.22698,-0.14516,0.55768,-0.27391,0.015287,-0.26866,0.41412,0.33457,0.95911,0.20617,-0.40978,0.14034,-0.18725,-0.35112,-0.13256,-0.14132,0.15504,-0.1487,-0.090589,0.052387,0.023165,-0.1832,-0.21387,-0.13211,0.14174,-0.061087,0.9938
TCGA-61-2104-01A-21-1560-20,OV,Primary,35,-0.0019411,-0.45405,-0.21168,-0.17787,0.31869,-0.54822,-0.57359,-0.26235,-0.48032,-1.0595,-0.64177,0.29231,0.18165,0.64647,1.218,-0.39382,-0.13234,-0.0017837,-0.0036906,0.15045,0.75611,-0.12148,0.29592,-0.070545,-0.064559,0.0028672,1.0346,-0.19622,0.045273,0.6396,-0.84786,0.10304,-0.44063,-0.34347,0.013525,-0.053085,0.23914,0.28779,0.20797,1.6172,-0.013058,-0.50784,0.027455,0.48534,-0.18844,0.1804,0.88841,-0.83929,1.3541,-0.21956,0.35016,-0.10273,-0.080665,1.1986,-0.45967,0.5666,-0.20666,0.0071705,1.2711,0.0075046,-0.22721,-0.30749,-0.073421,0.011996,0.21111,0.062288,0.30558,0.60223,-0.57902,-0.33312,0.095642,-0.36828,-0.65809,0.46107,-0.13094,0.8054,0.26054,0.16208,-0.2378,0.31798,0.23205,0.4189,0.2245,0.53491,-0.0022454,-0.17691,0.14558,0.14449,0.10936,-0.029205,0.55054,0.17165,-0.19964,0.41492,0.36959,-0.51769,-0.21465,-0.5058,-0.3806,0.0080851,0.1758,-0.59676,-0.24398,0.10519,-0.095385,-0.11655,0.68736,0.13273,-0.25366,-0.45296,-0.048622,0.53205,0.30321,0.35904,-0.43172,-0.52469,-0.23141,-0.55467,0.19685,-0.11689,0.33329,0.62231,-0.13476,1.1449,-0.26984,-0.50789,-0.21495,-0.084111,0.26386,-0.17281,0.10178,-0.14551,-0.035722,0.022055,0.0075865,0.081209,0.47301,0.44037,-0.21487,0.0045051,-0.47237,-0.55896,0.33239,-0.9375,0.06489,0.24722,0.20051,-1.4327,-0.41076,0.087302,-0.76514,0.18668,0.23821,0.87002,-0.084484,0.094892,-0.011426,0.56484,0.077135,0.069427,-0.1007,0.22905,0.15525,0.30157,0.19463,0.081917,0.56211,0.10685,0.23581,0.024791,0.012269,-0.13226,0.12621,-0.14918,-0.93821,-0.12618,-0.14067,3.0796,-0.16665,0.33816,-0.15197,-0.0041099,-0.1574,0.23827,0.20289,0.81963,-0.1542,-0.089009,0.22127,-0.058076,0.16005,-0.13237,0.30643,-0.17104,0.04491,0.27533,-0.2787,-0.22183,-0.018732,0.28642,-0.19798,0.2293,0.0094475,-0.26669,0.52185,0.91645,-0.052189,-0.37538,0.0053675,-0.11524,-0.40557,-0.37246,-0.11388,0.065996,-0.24303,-0.064514,0.55784,-0.025284,-0.01084,-0.11211,1.6082,-0.011057,0.15086,-0.074823
TCGA-24-2271-01A-21-1560-20,OV,Primary,35,-0.056782,-0.21223,-0.058343,-0.13104,0.46502,-1.075,-0.83987,-0.34626,-0.48591,-0.96989,-0.41409,0.12844,-0.13527,0.036146,0.71156,-0.22308,-0.10667,-0.11977,0.14233,-0.030185,0.42032,0.12384,0.53074,-0.04519,-0.22296,-0.040532,0.46616,-0.078276,-0.15165,-0.42302,-0.039651,0.040764,0.012887,-0.3715,0.039671,-0.15135,-0.20131,0.011257,-0.056067,0.52214,0.71595,-0.81557,0.001711,0.35402,-0.50286,0.76157,-0.31134,-0.80485,0.70198,-0.056797,-0.24998,-0.099098,-0.25096,0.96375,-0.436,-0.086484,0.90849,-0.13913,0.73956,-0.15109,-0.13311,-0.87641,-0.43682,-0.18279,0.9964,-0.1445,1.4515,0.54701,0.27396,0.21793,0.17339,-0.24454,-0.45591,0.14139,0.083424,0.85855,-0.099739,-0.1018,-0.024653,0.27115,-0.086521,0.13556,0.56132,-0.75842,-0.12166,-0.10817,-0.015372,0.23279,0.14995,-0.092037,-0.30396,-0.094829,-0.022394,0.36156,0.15614,-0.21518,0.34581,-0.31225,-0.08009,2.2404,0.46378,0.19318,0.48461,-0.0054613,-0.18459,-0.038013,0.777,0.12535,-0.23011,-0.33431,0.29495,0.67056,0.42942,0.21426,0.063741,-0.1083,-0.078266,-0.22345,-0.26044,-0.59035,0.14719,-0.12106,0.024584,1.9762,-0.26503,-0.071624,-0.031637,0.12941,1.4503,0.45668,0.044904,-0.038849,0.059707,0.025432,-0.1526,-0.26814,0.43522,-0.059305,-0.15388,-0.036384,-0.80869,-0.13632,0.020603,-0.89002,0.32343,-0.26097,-0.15701,-0.82554,-0.84908,0.092289,-0.068293,0.17509,-0.050388,-0.30916,0.15086,0.26901,-0.33835,0.64831,-0.15618,0.16316,-0.0045335,-0.15644,0.47083,0.27349,-0.31942,0.33588,0.1871,-0.31187,-0.23722,-0.17261,-0.17405,0.24683,-0.10174,0.68041,0.56014,0.084494,-0.33502,3.5223,0.14499,-0.093714,0.27145,0.13127,0.67557,0.17057,0.19456,0.054666,-0.13189,-0.20701,0.02076,0.10476,-0.09832,-0.05694,0.16994,-0.15287,-0.22648,0.2786,-0.39714,-0.2051,0.14146,-0.070938,-0.23254,0.2351,0.3023,0.15165,0.6457,0.6675,-0.37548,0.145,-0.04762,0.35979,-0.20017,-0.19933,-0.18406,-0.043532,-0.079613,-0.27932,0.22973,0.076725,0.48753,-0.064511,1.897,-0.21866,0.080018,-0.21422
TCGA-24-2298-01A-21-1560-20,OV,Primary,35,0.11752,-0.21203,-0.35429,0.30771,-0.71183,-0.74361,-0.65031,-0.11388,-0.42778,-0.63304,-0.38656,-0.27769,0.3464,0.10296,-0.23723,-0.18574,-0.30318,-0.51654,-0.13753,0.29628,0.041378,0.27973,-0.051801,0.54402,-0.053556,0.10649,1.4937,-0.28371,0.013654,-0.35938,-0.029273,0.26903,0.25608,-0.15314,0.044581,0.044909,-0.3618,0.28146,0.022437,-0.11348,1.2565,-1.4525,0.16055,0.53534,-0.073887,0.15844,0.11736,-1.5827,-0.38554,-0.27609,0.60563,0.16773,-0.28397,0.61772,-0.53108,-0.24746,1.2672,0.059437,0.59836,-0.12771,-0.43899,-0.31284,-0.017882,0.13752,1.9367,0.017168,1.2202,0.98191,1.1269,0.2661,0.28402,-0.32899,-0.82411,0.16323,-0.076801,0.88729,0.16995,0.093177,0.33871,0.37047,-0.22181,0.24036,0.3013,-0.48674,-0.43976,-0.17528,-0.018539,-0.052872,0.092059,-0.31861,0.084896,-0.051465,-0.17515,1.0343,0.016755,2.9408,0.32305,-0.40022,-0.4882,0.06572,-0.12479,-0.071882,-0.010908,-0.080451,-0.067274,-0.053642,0.15583,-0.26007,-0.065204,-0.34723,-0.80403,1.0915,1.039,0.35373,0.14483,-0.11135,-0.11654,-0.45437,0.46982,0.22969,0.50613,-0.66061,0.20801,-0.089096,-0.47002,0.073266,-0.42575,-0.017485,0.17748,0.38442,0.047236,-0.17102,0.12192,-0.065673,0.033956,-0.41295,0.35355,-0.6053,-0.18966,0.12214,-0.63876,0.7174,-0.27615,-1.5556,0.20948,-0.27617,-0.094832,-0.49068,-0.12994,0.069909,1.3756,0.37706,-0.080417,1.2938,0.39704,-0.046387,-0.092816,0.33394,-0.212,0.081759,-0.46126,-0.34613,0.28248,0.21679,-0.35825,0.054123,-0.52038,0.1299,0.15605,0.057565,0.0094373,0.12032,0.035056,-0.35151,-1.0344,0.69952,-0.29403,2.0478,0.45259,-1.7355,0.35385,0.16644,0.29628,0.16397,0.27751,0.5185,-0.41685,-0.61479,-0.77711,-0.52038,-0.0099424,0.32656,0.21316,0.1889,-0.3229,-0.29096,0.0060559,0.14963,0.017292,-0.25601,0.25743,0.27499,0.30219,-0.134,0.45789,-0.01297,-0.10956,-0.25626,-0.12991,0.19615,-0.28575,-0.23475,-0.026556,0.032358,-0.21531,-0.42909,-0.097045,0.096239,0.13989,-0.45303,1.3755,0.35638,0.092945,-0.95354
TCGA-25-2390-01A-21-1560-20,OV,Primary,35,-0.1135,-0.61088,0.12516,0.1884,0.21007,-0.80531,-0.89993,0.16568,-0.37954,-0.58985,-0.29206,-0.31492,1.489,-0.24994,0.95152,-0.62092,-0.31207,0.17586,0.023236,0.047455,0.69634,-0.28882,1.2313,0.5416,0.33133,-0.08848,0.54389,-0.061057,-0.25732,-1.1325,-0.01547,0.13075,-0.56381,-0.12257,-0.22153,-0.23793,0.43053,0.092607,-0.018344,0.11145,0.43523,0.062184,-0.23006,1.6466,-0.31079,0.31983,0.75775,-1.7653,0.12477,-0.53866,0.27461,-0.28794,-0.71945,2.8747,-0.002652,-0.074564,-1.1009,0.29611,1.3528,-0.36752,0.021191,-0.17927,0.40297,0.20532,0.10388,-0.13474,-0.86368,0.69965,-0.49041,-0.27817,-0.055275,-0.50173,0.33099,-0.31042,-0.15633,0.35772,-0.61253,-0.26031,-0.36233,0.099489,0.12514,0.31796,-0.01148,0.4387,-0.26212,-0.059378,-0.071325,0.86358,0.09473,-0.15652,0.64527,0.32476,-0.61018,-0.033163,0.33293,-0.15749,0.32091,-0.033977,-0.51153,0.22916,0.44069,-0.46646,0.042673,0.062773,-0.15662,-0.022644,0.71352,0.096841,-0.37884,-0.06414,-0.15822,-0.12656,-0.098697,0.050117,0.086782,-0.22272,-0.056318,-0.20487,0.36414,0.68346,0.62498,-0.11237,-0.34189,1.3147,-0.35878,-0.10551,0.22118,0.18307,0.6508,0.035376,-0.097946,-0.19421,0.26029,-0.30281,0.62405,-0.054797,0.67777,0.41259,0.13363,-0.23371,-0.62737,-0.87698,0.3408,-1.1151,-0.029793,0.80426,-0.1383,-0.61973,0.30397,0.035991,0.5327,0.18539,-0.015324,0.85729,-0.28494,0.16561,-0.40049,1.1349,-0.27532,-0.23471,-0.25042,0.47887,-0.27665,-0.057168,-0.97534,0.071281,0.57271,0.38643,0.17015,0.044516,0.060053,-0.272,-0.16294,-0.77696,-1.671,-0.35721,0.12664,1.9727,-0.1866,-0.49499,-0.07778,0.025067,-0.0064763,0.11852,0.14807,-0.25024,0.24571,0.87539,0.23121,0.19814,0.13381,-0.07977,0.029923,-0.22017,0.30475,0.6084,0.062508,-0.30461,-0.1811,0.4394,-0.19054,0.085412,-0.048345,0.97117,0.88981,0.87095,0.26492,-0.26709,-0.298,-0.29077,-0.33979,-0.053602,-0.085997,0.17898,-0.38139,0.011434,-0.13224,0.035993,-0.081723,-0.19708,1.6359,0.221,0.045822,1.0134
TCGA-25-2404-01A-21-1560-20,OV,Primary,35,0.053445,-0.097182,-0.40202,-0.54001,0.46178,-0.67868,-0.49173,0.081071,-1.0264,-1.1317,-0.40178,0.57518,0.39366,0.3268,0.57747,-0.40174,-0.38916,-0.60354,-0.087021,0.1287,0.15427,-0.097764,0.68082,0.16248,-0.090784,0.065496,0.089344,0.023688,-0.091571,-0.48744,0.66186,0.15794,-0.34895,-0.12771,-0.10912,-0.031829,-0.1545,0.1415,0.18693,2.2443,0.80761,0.25373,-0.094251,0.52936,-0.32872,0.68982,0.3316,-1.024,-0.23404,-0.35171,-0.1279,-0.11161,-0.067771,0.67351,-0.3827,-0.33863,1.0122,0.054459,1.6756,-0.57481,-0.1785,-0.8805,0.090194,0.076438,0.45468,-0.19702,0.22469,0.68186,0.22368,-0.0053361,-0.13738,-0.087761,-0.01035,-0.37116,0.091064,0.03404,0.057919,-0.37316,-0.05809,0.15807,0.089834,0.1915,-0.17794,0.55886,0.17687,-0.10676,0.091657,0.0099547,0.18257,-0.11375,-0.35961,0.65223,0.12601,-0.15906,-0.14003,0.56573,0.36373,-0.32706,-0.48348,-0.088103,0.3796,0.061516,0.69415,0.054647,0.063007,-0.249,0.71273,0.093774,-0.24664,-0.66818,0.11899,0.45537,0.42042,0.024323,0.2132,-0.045802,-0.016512,-0.2157,0.063272,-0.24562,0.32915,0.14193,0.64754,0.32785,0.25401,0.13888,-0.049764,0.26729,0.42978,0.36316,-0.22015,-0.21873,-0.12143,-0.17027,0.46454,0.081182,0.010734,0.40851,-0.12408,-0.10036,-0.32961,-0.53442,0.58972,-0.80701,0.090178,-0.06328,0.059036,-2.0069,-0.83086,-0.15491,2.2359,0.43761,-0.21139,0.37741,0.2809,0.13194,-0.49074,0.60151,-0.20176,-0.13366,-0.18213,-0.17337,0.021146,-0.085921,-0.47341,0.21338,0.24191,0.67792,-0.04951,0.064115,0.01826,0.055683,0.0021286,0.61864,0.57766,0.35647,-0.25404,2.5326,0.023583,0.691,0.7025,-0.03446,0.173,-0.15089,0.022505,0.86682,-0.23182,0.41999,0.10849,0.10375,-0.23354,0.036576,0.0104,-0.091741,0.0080471,0.25967,-0.31753,-0.15653,-0.10129,-0.057451,0.079183,0.10404,0.1665,0.68951,0.7344,0.17749,-0.28905,-0.18974,-0.30969,-0.12045,-0.23105,-0.13403,-0.15091,-0.014709,-0.24337,-0.50723,-0.35866,-0.061683,-0.074971,-0.25883,1.5244,0.037751,-0.14311,-0.056085
TCGA-29-2434-01A-21-1560-20,OV,Primary,35,0.090163,-0.20951,-0.095134,0.53981,0.18998,-0.54532,-0.48122,0.69623,-1.0938,-0.69655,-0.57713,-0.013717,2.4313,0.93625,-0.96527,-0.20568,-0.10293,-0.63131,0.33892,-0.19322,1.0601,-0.0061998,0.33176,0.60692,-0.35047,0.10817,0.5918,0.11695,0.051991,-0.74746,-1.6719,0.009351,0.25284,0.088472,0.020694,0.10039,0.68457,0.47863,-0.040284,2.2643,0.16252,0.83887,0.026289,0.4453,0.083118,0.22306,0.74199,-0.5735,0.63221,-0.60244,-0.055457,0.021735,0.061853,2.5478,0.081269,0.27165,0.99022,0.057587,0.72203,-0.12821,-0.1149,-0.59487,-0.39954,-0.094284,-0.036865,-0.062796,0.60298,1.6025,-0.46013,0.24457,0.30794,0.42156,0.0076469,-0.37494,-0.20161,1.2749,0.19748,-0.090851,-0.16425,0.18898,-0.10278,0.0057365,0.85119,0.74879,0.032452,-0.036505,0.073825,0.23846,0.16028,-0.054137,-0.24741,1.2997,-0.47504,-0.20778,0.13039,-0.25239,0.028928,-0.16034,-0.41564,0.99169,0.22646,-0.82707,-0.51348,-0.21307,0.10157,-0.038276,0.63373,-0.30128,-0.32105,0.5455,-0.17035,-0.62615,-0.32484,0.28545,0.34892,-0.41481,-0.083523,-0.65741,0.62364,0.47747,0.20817,-1.2226,0.24032,1.7517,-0.4298,-0.13533,0.038882,0.04991,0.098662,-0.16897,-0.068889,0.10897,0.53973,-0.021576,0.12988,0.70662,0.20497,0.091744,-0.071157,-0.162,-0.47642,-0.61313,0.6997,-0.82038,0.044172,0.71687,0.12107,2.7989,-0.25121,0.060162,-1.5201,0.13366,-0.058734,0.29589,-0.26559,0.053024,-0.58198,0.8925,-0.10455,-0.26307,-0.49069,-0.67038,0.64624,-0.024849,-1.0991,-0.10554,0.16336,-0.59961,0.079491,0.17236,-0.11199,0.20547,0.056549,0.95713,-1.6983,0.53804,0.051416,1.2258,-0.2465,0.76063,0.76472,-0.041303,0.12098,0.023419,0.049629,0.50401,-1.2664,-0.22736,-0.54684,-0.23611,0.051871,-0.026384,-0.090735,-0.096823,0.05979,0.47566,-0.29092,-0.15223,-0.049928,0.72101,-0.19469,-0.72909,-0.19883,0.58276,0.31603,0.97882,-0.0088681,0.0078577,0.26373,0.040235,-0.60032,-0.24464,-0.27031,0.07806,-0.14469,-0.50777,0.26208,-0.025567,-0.03894,-0.63911,0.024012,0.20424,-0.27575,0.092613
TCGA-36-2537-01A-21-1560-20,OV,Primary,35,0.13669,0.29102,-0.26939,-0.8786,0.37599,-1.0353,-0.93143,-0.18054,-1.2821,-0.78792,-0.53431,0.16621,0.9116,0.30693,0.59789,-0.23331,-0.52988,-0.26857,0.087945,0.044934,0.53422,0.23763,0.41392,-0.12711,0.084485,0.22813,1.0509,-0.068198,0.079498,-0.77187,-0.3157,0.20805,-0.1159,-0.032943,0.069941,0.17839,0.46624,0.34999,0.054692,0.33748,0.9437,0.12814,0.16517,0.26086,-0.28478,0.4032,0.074989,-0.73203,0.96491,-0.44023,-0.19784,0.13542,0.27621,0.62436,-0.23339,-0.25743,0.5583,-0.035497,0.70897,-0.45537,-0.23169,-1.3577,-0.28499,-0.066791,0.44995,-0.073556,1.4481,2.5327,-0.20428,0.049414,-0.21215,-0.45577,-0.21903,-0.8005,-0.15056,-0.46855,-0.22022,-0.88734,-0.11241,0.39489,-0.2416,-0.095117,0.86275,0.78236,0.10317,0.082355,0.072831,-0.12047,0.18789,0.046075,-1.0592,0.52043,-0.3347,-0.14725,-0.13169,0.096227,0.12412,-0.12571,-0.67204,-0.075733,0.090546,-0.31144,0.2929,0.10967,0.086218,-0.30814,0.3194,-0.014306,0.25105,-0.42638,0.073762,-1.3236,-0.9037,0.081781,0.24028,-0.22801,0.16333,-0.29394,0.072287,-0.031535,0.08379,-0.57687,0.24163,-0.080741,-0.0131,-0.17826,-0.067643,0.5984,1.2302,0.16576,-0.36733,-0.23626,-0.08712,-0.16555,0.1268,0.056872,-0.17605,0.37022,0.029566,0.023037,-0.23725,-0.30548,0.14819,-0.48879,0.0010156,0.24784,0.059451,-1.6216,-1.1382,0.056977,0.24976,0.30642,0.10549,-0.68858,0.38088,0.0088413,-0.39196,0.30647,-0.10788,0.1392,-0.53426,-0.29826,-0.1275,0.248,-0.65949,0.10568,0.1565,-0.0044889,0.1688,0.16156,0.06885,0.098652,-0.029361,-0.61184,-0.33588,-0.10574,-0.093616,3.1118,0.061775,0.28836,-0.17199,0.20998,0.0082778,-0.016314,0.16547,-0.2393,-0.61858,-0.21344,0.058379,0.029961,-0.064809,0.066076,0.090664,-0.072267,-0.064568,0.078568,0.0027919,0.088534,0.075148,-0.8341,0.070806,0.21283,0.072959,-0.34025,0.52645,0.58893,-0.17548,-0.25435,-0.025434,0.18079,-0.078874,-0.078023,-0.2992,0.022754,-0.049791,-0.38202,-0.20695,0.059169,-0.13047,-0.47272,0.13784,-0.022678,-0.21766,0.082094
TCGA-36-2538-01A-21-20,OV,Primary,35,0.23489,-0.23739,-0.24178,-0.20957,0.4708,0.1591,0.17033,0.10861,-0.55989,-0.45641,-0.22215,0.52554,-0.10883,0.14654,0.084141,-0.39982,-0.51726,-0.29015,-0.07027,-0.11033,0.45724,-0.098639,0.086944,-0.26563,-0.3987,-0.07426,0.043604,0.028226,-0.043455,-0.60889,-0.069613,0.26258,-0.13382,-0.087941,0.1261,-0.077454,-0.64497,0.15619,0.098926,1.853,0.72403,0.029041,-0.071087,0.16948,-0.38699,0.55759,0.84297,-0.54082,0.90298,0.12184,-0.030508,0.19642,-0.064215,0.088792,-0.53098,0.086801,0.075122,0.069841,0.83946,-0.281,-0.074219,-0.19202,-0.42464,-0.20223,-0.038806,-0.10744,0.65134,2.0562,-0.054911,0.17234,-0.10423,-0.53979,-0.33653,0.41182,-0.21686,0.044999,0.5447,0.044138,-0.14983,0.22742,0.080511,0.12363,0.431,2.1803,-0.82879,-0.064009,0.36985,-0.067507,0.13879,0.14284,0.75885,0.3764,-0.249,0.26701,0.21265,-0.01504,0.11027,-0.19479,0.012711,0.31217,0.616,-0.042745,0.9192,0.18378,0.16369,0.074116,0.81419,-0.39733,-0.21255,-0.56357,0.0017203,0.32498,0.35683,0.064789,0.1275,-0.14796,-0.074288,-0.062016,0.20555,0.45805,-0.0035876,-0.41974,0.03027,2.2619,0.27141,0.54755,-0.11524,-0.22777,-0.018494,-0.4268,-0.072531,-0.39718,0.20873,0.010251,-0.1618,0.55069,0.43768,0.43868,-0.33298,-0.14548,-0.26384,-0.73043,0.41834,0.3298,0.42154,0.52761,-0.049708,-1.7213,0.37351,-0.023682,2.3697,0.17586,0.0080747,0.16125,0.13497,-0.02863,-0.00030537,0.53499,0.20013,0.1486,-0.18151,0.44503,-0.066273,0.1408,-0.087993,0.34188,0.14023,0.72554,0.0097194,0.13114,-0.031939,-0.147,0.0044663,-0.84711,0.31114,0.46432,0.51142,2.6336,-0.14549,0.94386,-0.34713,0.059114,0.15309,-0.011555,-0.035799,1.5215,-0.32712,0.23265,-0.072213,-0.43912,0.023204,-0.019828,-0.036132,-0.031625,0.59058,1.0191,-0.45131,-0.26802,0.10196,-0.29047,-0.14764,-0.059064,0.044061,0.29585,0.24846,0.31835,-0.15881,-0.28019,0.023553,0.036499,-0.28453,-0.30093,-0.21576,0.012802,0.031081,-0.33643,0.099329,-0.026103,-0.13521,-0.29507,1.4015,-0.018148,-0.011901,-0.29198
TCGA-36-2548-01A-21-20,OV,Primary,35,0.11049,-0.31446,-0.48181,-0.40556,0.25037,-0.82845,-1.0025,-0.34738,-0.88922,-0.61433,-0.30734,0.28076,-0.33368,0.47585,-0.25846,-0.20168,-0.24308,-0.80229,0.38244,0.061283,0.69174,-0.0038176,1.8057,0.1121,-0.52001,0.037658,1.2262,-0.093086,-0.12678,-0.61345,-0.61684,0.21753,-0.30715,-0.10442,0.0086573,-0.047223,0.13005,0.25665,0.22252,1.2206,0.91375,0.36112,0.0035818,1.3339,-0.17321,0.53169,-1.2487,-1.0533,0.42575,-0.020497,-0.17473,0.1819,-0.36249,1.7743,-0.46845,-0.12827,1.173,-0.35166,1.3753,-0.33096,0.0017186,-0.61017,-0.22747,-0.076384,1.0236,-0.14079,0.69444,1.9063,-0.17698,-0.28263,0.35084,-0.21179,-0.5314,-0.61016,-0.28979,-0.067051,-0.12927,-0.31959,0.0047928,0.24599,0.14775,0.066195,0.14568,0.68916,-0.23252,-0.21231,0.036133,0.35804,0.13071,-0.50733,-0.03133,-0.081943,-0.34236,-0.10355,-0.02972,1.2107,0.39578,-0.19597,-0.39551,0.60371,0.1729,-0.70073,-0.23556,0.14889,-0.13441,-0.051708,0.020631,0.062132,-0.039208,-0.64718,-0.23073,0.32273,0.36125,-0.050335,-0.015485,-0.2723,-0.067058,-0.60631,0.018015,-0.70017,0.066198,-0.38261,0.042856,1.4098,-0.17804,0.54811,0.25838,-0.21231,-0.303,0.17622,-0.2683,-0.30405,0.25859,-0.057108,0.63601,0.1783,0.30689,0.36489,-0.33893,-0.0083213,-0.31872,-0.063379,0.35838,-1.6593,0.28614,0.3501,-0.12205,0.13411,0.0019784,-0.035102,0.10372,0.26172,-0.16509,0.16042,0.36971,-0.019194,-0.17741,0.59053,-0.06951,0.04509,0.15031,-0.27732,0.068325,0.051062,-0.035166,0.02794,0.6286,1.0753,-0.036955,0.12796,0.16882,0.38757,0.0033307,0.23001,-1.5081,0.57817,-0.064852,1.6189,0.17325,-1.4016,0.80516,0.31433,-0.10512,-0.0097793,0.15488,-0.31763,-0.42444,0.15713,-0.703,0.029212,0.037286,0.096979,0.064482,0.0047304,0.23674,0.15298,-0.18339,-0.016268,0.026765,-0.11923,0.20662,0.084768,0.25244,0.16247,0.43909,0.88016,-0.35542,-0.11689,-0.22496,0.22174,-0.22846,-0.14704,-0.036118,-0.046678,0.056778,-0.41604,0.054997,-0.017759,0.40449,-0.46762,1.0184,0.17341,-0.0039476,-0.30202
TCGA-42-2591-01A-21-20,OV,Primary,35,0.090185,0.30688,-0.01848,0.44288,0.2616,0.024377,0.0042148,0.017049,-0.92004,-0.44295,0.0059291,0.11748,0.94263,0.14185,-0.9057,-0.062176,-0.52084,-0.47059,0.081182,0.0061093,0.73529,0.45352,0.83526,0.054404,-0.21082,0.20476,0.83077,0.051297,0.21089,-0.32181,-1.2376,0.15978,-0.041183,0.17575,0.26606,0.23453,-0.3979,0.34,-0.043886,0.069013,0.56623,0.17152,0.3297,0.74924,-0.074941,0.22918,0.27311,-0.88915,0.23177,-0.23615,0.60188,0.31529,-0.22317,0.20671,-0.2339,0.021537,0.45976,0.17969,0.75515,-0.023783,-0.22173,-0.37784,0.0007787,0.46304,0.23857,0.1008,2.4308,1.5724,-0.82045,1.0395,-0.1466,-0.24091,-0.40076,-0.05876,-0.14861,0.37205,-0.23606,-0.56205,0.40371,0.44629,0.26961,-0.048148,0.49041,0.5614,-0.86396,0.29648,0.37298,0.46394,0.25439,-0.49433,-0.52182,0.42976,-0.057521,0.21268,0.14182,1.0243,0.039117,0.043987,-0.78879,0.094014,0.29887,-0.79511,-0.47118,0.0028455,-0.047948,0.088637,0.10426,-0.3715,0.43119,-0.59991,-0.73779,-1.024,-0.79192,0.28639,-0.055608,-0.20579,0.033336,0.32236,0.32765,0.47336,0.30073,-0.63137,0.51145,0.053559,-0.4276,-0.23295,-0.049648,-0.13045,0.11256,-0.30205,0.039102,0.031959,0.13691,-0.26286,0.34862,0.31808,0.0046844,0.062452,0.1525,-0.0087469,-0.32952,-0.23151,0.065244,-0.037898,0.055927,0.84267,-0.054987,-0.45861,-0.068326,0.092023,0.014428,-0.15432,0.34874,0.34377,0.3051,-0.015302,-0.105,-0.3222,-0.2395,0.24603,-0.2762,-0.70851,0.12212,0.62117,-0.33769,0.3647,0.65194,0.19746,0.24798,0.16337,0.12111,0.2294,0.024116,-0.73085,-1.9745,0.59722,-0.025784,0.88939,-0.12124,0.26468,-1.1282,0.16059,-0.68814,-0.041052,0.13736,0.96501,-0.99901,-0.081541,0.35676,-0.42377,-0.09378,0.044195,-0.13966,-0.14137,0.35534,0.63126,-0.39596,0.10481,0.12916,-0.70219,-0.056121,-0.29824,-0.34272,-0.10674,0.10045,-0.057865,-0.054405,-0.30875,-0.099277,0.25752,-0.057402,-0.18931,-0.26195,0.073988,-0.38002,-0.85133,-0.071184,-0.026257,-0.22634,-0.70884,1.8368,-0.08307,-0.19389,-1.5322
TCGA-23-2645-01A-21-20,OV,Primary,35,0.027936,-0.47142,-0.10629,0.29848,0.72329,-0.23713,-0.49342,-0.22496,-0.88631,-0.94987,-0.39469,0.50697,-0.23714,0.65395,1.1685,-0.26544,-0.45255,-0.54825,-0.051819,-0.1534,0.5006,-0.041269,0.25942,0.050063,0.16894,0.065467,-0.40934,0.14592,0.1792,1.7207,-0.99189,0.035083,-0.6514,0.463,0.12466,0.22734,0.21539,0.47717,0.019914,0.37884,0.084019,1.8689,0.044322,0.056156,-0.34535,0.13571,0.02372,-0.41527,0.29176,-0.34993,-0.054072,-0.12017,-0.63581,-0.06731,-0.29764,-0.36049,-0.15147,0.16765,1.5187,-0.41643,-0.084439,-0.063601,-0.56683,-0.24321,0.10756,-0.11493,1.5211,1.7382,-0.65292,-0.045313,-0.055181,-0.25124,0.083095,0.26366,-0.33419,0.26312,0.067846,0.53574,-0.26918,0.2857,0.085847,0.24904,0.49038,0.6988,-0.61515,-0.048598,0.14948,-0.28804,0.20353,-0.23155,-0.19316,-0.18685,-0.32148,0.10088,0.038476,-0.42199,-0.18291,-0.1258,0.11745,-0.23989,0.38131,-0.10718,0.2749,0.052471,-0.073335,0.039006,0.62414,-0.014867,-0.055821,0.40169,0.30228,0.18241,0.35194,0.12396,0.35061,-0.66531,-0.12469,-0.35168,0.056572,0.51158,-0.34426,-0.42486,0.074575,0.50808,0.010498,-0.94173,-0.010943,-0.14571,0.052714,-0.34395,0.08534,0.035792,0.054065,-0.013057,0.24859,-0.25297,0.23057,0.38696,-0.3054,-0.12913,-0.15705,-0.37911,0.25242,-0.73735,0.025843,1.9299,-0.13456,0.052178,0.00021437,-0.048406,-1.825,0.18858,-0.052919,0.9885,0.2245,0.17557,-0.36882,0.31404,0.23954,0.20479,-0.17022,0.18564,0.29634,0.11386,-1.0746,0.17147,0.74287,0.4709,0.17205,0.088551,0.043082,-0.033323,0.14526,-0.27066,-1.3128,0.57996,-0.074559,2.3888,-0.25592,0.7329,0.064325,-0.080687,0.28956,-0.13047,0.014233,-0.12883,-0.14739,0.64417,0.077673,-0.20767,-0.16014,-0.14195,-0.10825,-0.34277,0.89037,1.2515,-0.30924,-0.13875,0.042026,-0.22985,-0.2073,-0.026046,-0.026535,0.52799,0.075527,0.30167,0.044758,-0.39207,-0.054894,0.13995,-0.37009,-0.3168,-0.4666,0.10744,-0.39186,-0.49282,-0.034765,-0.094679,0.12207,-0.36173,0.62724,-0.4965,-0.054949,0.042829
TCGA-13-0720-01A-21-20,OV,Primary,35,0.080097,-0.23898,0.092414,-0.21536,0.86687,-0.41739,-0.50103,-0.37186,1.6436,1.6801,0.015142,-0.39567,-0.15802,1.4336,0.54948,-0.52154,-0.32554,-0.38737,-0.069281,0.078101,1.1815,-0.044424,-0.11416,-0.20675,-0.48172,0.0099381,0.89237,0.21001,0.099664,0.052892,-1.0193,0.13516,-0.031202,-0.27112,-0.071296,0.20582,0.24597,0.19176,0.40454,1.7213,-0.043126,-0.96351,-0.0060599,0.54405,0.53011,0.40559,1.5108,-0.51865,0.25012,-0.35615,-0.23949,-0.11101,-0.73166,2.0285,0.013586,0.41875,-1.0812,-0.15479,1.2348,-0.2399,0.095594,0.5645,-0.81219,-0.45496,-0.12985,-0.16439,-0.31138,0.81326,0.11067,-0.44024,-0.17361,-0.00079171,-0.31764,0.43782,0.065026,0.93193,-1.0515,0.51656,-0.2397,0.267,0.53698,0.44026,0.21011,-0.35952,0.1099,-0.41916,0.015526,-0.31983,0.2356,-0.14129,1.0583,0.41201,0.67617,0.20929,0.38646,-0.734,-0.32772,-0.049912,0.059745,0.357,0.47471,-0.34817,0.20434,0.43729,-0.20979,0.28514,-1.7187,0.51206,-0.30955,-0.69598,0.98852,-0.34643,0.049443,0.29846,0.21577,-0.15978,-0.13494,-1.0826,-0.081108,-0.57226,0.099881,-0.45301,-0.16749,1.4327,-0.59543,0.37764,-0.14952,0.20085,0.6636,-0.3785,-0.040326,-0.32686,0.30821,0.15,0.10455,-0.3635,0.65539,0.13452,-0.14063,-0.22279,-0.80921,-0.75515,-0.36688,-0.91833,0.26311,-0.35687,-0.3542,0.03612,0.10915,-0.058293,-1.1322,-0.08683,-0.22394,2.6432,-0.21769,0.098485,0.064223,1.6375,-0.32272,-0.38514,-0.13881,0.73992,0.94518,-0.055545,0.56017,0.43069,0.74793,-0.35916,-0.0484,0.024543,-0.081821,-0.38805,-0.27068,1.0645,-0.78164,0.51094,0.017881,2.0991,-0.12737,0.39092,0.88511,-0.009041,0.72716,0.13722,0.0808,2.2752,-0.64015,0.7596,0.36181,-0.1943,0.012916,-0.074306,0.038802,-0.13951,0.4987,0.45079,-0.48392,-0.30877,0.040672,-0.051832,-0.37087,-0.36782,-0.035161,0.77748,0.35538,0.2977,-0.086976,0.060652,0.083972,0.13576,-0.41825,-0.081052,0.10043,0.050762,-0.15273,-0.080826,0.69775,0.016394,0.33,-0.052422,1.8288,-0.24091,0.10947,-0.46611
TCGA-13-0901-01A-21-20,OV,Primary,35,0.39582,0.11564,-0.11973,-0.067798,0.36592,-0.52959,-0.24964,-0.088994,-0.69279,-0.51901,0.037274,-0.401,0.40452,-0.39565,-0.16093,-0.20884,0.015847,0.12427,0.33035,0.28021,0.14386,0.1838,1.4807,-0.10036,-0.22065,0.16343,0.48823,-0.065048,0.052289,-0.42876,-0.5171,0.18246,-0.13211,-0.012112,0.079007,0.17262,-0.33783,0.21287,-0.0028193,2.0392,0.57893,0.25735,-0.085435,1.1175,0.35842,0.3332,-0.021905,0.72176,0.96333,-0.20138,-0.35266,-0.013864,0.16551,0.27455,-0.17913,-0.050239,0.45993,-0.051257,-0.025426,-0.02743,-0.067929,-0.97307,-0.41299,-0.16106,0.54444,-0.091255,0.17457,1.7388,0.40893,0.18509,-0.082947,-0.22146,-0.64952,-0.13571,-0.12584,0.29266,-0.053589,-0.43814,0.10741,0.30734,0.57183,0.037401,0.57513,-0.34672,1.2082,-0.21598,0.58986,0.34073,0.2972,-0.38938,-0.91406,-0.13171,-0.41183,0.13394,-0.36099,0.79642,0.41409,-0.015192,0.042112,0.60792,0.36484,-0.45165,0.027688,0.04262,0.094503,-0.016748,0.50084,-0.28535,-0.036051,-0.8265,0.95852,0.15153,0.02119,0.15834,0.065561,-0.37314,-0.045124,-0.76235,-0.12486,-1.3765,-0.25146,-0.51432,0.10893,0.53256,0.045825,0.039471,-0.24993,0.34236,1.0778,0.061799,-0.034352,-0.12147,0.19914,-0.15977,-0.36132,0.48725,-0.0014045,0.31431,-0.25867,-0.079788,-0.47079,-0.0023173,0.083443,0.12466,0.30411,-0.033497,0.1149,3.6937,-0.90569,-0.058212,-0.51136,0.32513,0.10023,-0.13316,0.52254,-0.012999,-0.39865,0.41492,-0.15354,-0.27189,-0.48138,-0.70368,0.27454,0.025421,-1.122,0.62943,-0.29746,0.2558,-0.2368,0.073106,-0.087849,0.053172,0.10241,0.037798,-0.19525,0.9588,-0.25138,0.71468,0.18287,-2.2387,-0.43648,0.14971,-0.11171,0.073414,0.051117,0.29559,-0.44228,0.42474,-0.28349,-0.29079,0.11826,0.12045,-0.065053,0.077467,0.055549,0.15758,-0.37661,-0.13996,0.15959,0.50336,0.12528,-0.14517,0.34756,0.73853,0.30289,0.18086,-0.20912,-0.050341,0.13207,0.22136,-0.17149,0.019314,-0.027156,-0.0025607,-0.089062,-0.5019,-0.56116,0.033408,-0.17269,-0.47748,1.3396,-0.53766,-0.052191,-0.45046
TCGA-24-0982-01A-21-20,OV,Primary,35,0.052598,-0.071183,-0.013936,0.47629,0.806,-0.84949,-1.0013,-0.20233,-0.11438,-0.97397,-0.48399,0.089819,0.8338,-0.15441,0.46038,-0.31924,-0.48291,-0.62463,0.1411,0.10815,0.55272,0.18797,0.72062,0.44658,-0.21497,0.062493,1.577,-0.15445,-0.014909,-0.22294,0.89567,0.19413,0.046011,0.1632,0.028794,-0.048397,0.63302,0.2765,0.081757,1.3217,0.68514,0.84649,-0.0077781,1.2557,-0.031743,0.11301,-0.26519,-0.94737,0.18644,-0.2777,-0.11608,-0.08996,-0.12528,0.68579,-0.51901,-0.39359,0.55416,0.010265,0.69081,-0.30005,-0.15992,-1.1853,-0.33244,-0.12392,1.1703,-0.17913,1.0604,1.9102,0.28888,0.04441,0.23741,-0.35363,0.27644,-0.50197,-0.17028,1.1391,-0.49722,0.31282,0.27007,0.25882,0.29319,0.29896,1.2751,-1.0114,-0.42105,-0.15328,0.20434,0.32721,0.10263,-0.35434,-0.43435,0.69424,-0.12557,0.17692,-0.067285,1.3138,-0.14598,-0.35292,-0.34847,0.0054464,0.028377,-0.27316,-0.17332,-0.037974,-0.0618,-0.042977,-0.1235,-0.24126,-0.094153,1.0484,-0.21496,0.307,0.089251,0.19621,0.19766,-0.4265,-0.073668,-0.33866,-0.14005,-0.086567,0.32871,-0.35493,0.17167,0.45963,0.16026,-0.075744,-0.25379,0.17263,0.56519,0.13362,-0.1057,-0.057123,0.15325,-0.1229,0.1247,-0.59455,0.38783,0.29224,-0.10068,0.021038,-0.35194,-0.33306,0.30388,-0.94688,0.12419,0.77174,-0.071714,-0.90769,-0.82199,0.2574,2.3154,0.47604,-0.043632,0.91869,0.3311,0.1112,-0.26979,1.2325,0.013048,0.22016,-0.43269,-0.030444,0.094957,0.085844,-0.4427,0.40974,0.862,0.84669,0.14293,0.016453,-0.064508,0.44935,0.11402,-0.39275,-0.74869,0.68666,-0.26183,2.2618,0.27354,0.94515,0.059834,0.10561,0.12678,-0.034687,0.11114,-0.0044713,-0.50106,0.24382,-0.028856,-0.014694,-0.0558,0.081381,0.0088983,0.0095746,0.29787,0.17,-0.11131,-0.034246,0.045358,-0.32036,-0.067526,-0.11742,0.0009966,-0.029692,0.41512,1.023,-0.054684,-0.35481,-0.41661,0.1021,-0.2828,-0.082414,-0.1863,0.065258,-0.15013,-0.55283,-0.2302,-0.021844,-0.0067185,-0.40831,1.1536,-0.28165,-0.0064836,0.37339
TCGA-04-1342-01A-21-20,OV,Primary,35,-0.036426,-0.15573,0.0727,0.016147,0.12086,-0.15463,-0.17744,-0.32148,0.48545,-0.04827,0.18695,0.73067,-0.19774,-0.017754,0.03801,-0.24396,-0.3819,-0.67703,-0.053093,0.39195,-0.42957,0.023905,0.36665,0.13304,-0.042577,0.0096106,1.5382,-0.13029,-0.013797,-0.41255,1.8332,0.22024,-0.30541,0.11538,0.0051149,0.092211,0.16131,0.22013,0.11172,0.18661,1.6273,0.42139,-0.049957,0.76446,-0.056914,0.31714,-0.66581,-1.4472,-0.12234,-0.19513,-0.084072,-0.050591,-0.22597,1.7205,-0.33364,-0.25927,0.63886,0.24226,0.62281,-0.3759,-0.24243,-0.2593,0.31467,-0.14668,2.2653,-0.24358,0.69405,1.1716,1.0967,-0.078404,0.46544,-0.258,-0.30803,0.061787,-0.08647,0.98767,-0.47591,0.16886,-0.071977,0.2406,0.010778,0.32318,0.22377,0.050315,-0.67848,-0.26646,0.22894,0.21356,0.1292,-0.070753,0.57691,-0.06181,-0.13724,0.029646,-0.11928,0.11526,0.1371,-0.24671,-0.15597,0.61386,0.15342,0.18977,0.33952,0.14166,-0.18945,-0.034299,-0.3637,0.22609,-0.14309,0.19062,-1.0148,0.025145,-0.065095,0.27116,0.223,-0.33292,-0.057328,-0.41543,-0.11134,-0.19966,0.67691,0.17685,0.17155,0.48738,-0.018244,0.23539,-0.079227,-0.021757,0.82886,0.51108,-0.0081291,-0.11434,0.15999,-0.047785,0.22392,-0.08137,0.29998,-0.11054,0.074337,0.10882,-0.56777,0.16512,-0.080446,-0.87706,0.4812,0.37055,0.22243,-1.723,-0.27762,-0.02877,3.4496,0.15955,-0.16983,0.39602,0.6131,0.075562,-0.41256,0.23121,-0.18757,0.12433,-0.10971,0.1616,0.119,0.0010655,0.071377,0.21012,-0.27078,3.448,0.13354,0.13651,-0.22111,0.22704,-0.12943,0.38387,-0.069458,0.35608,-0.024269,1.7915,0.58986,1.0643,0.41326,0.031965,-0.10872,0.1463,0.17186,-0.26898,-0.2628,-0.094741,0.1905,0.15292,-0.15114,0.40186,0.021016,0.26752,0.38433,0.31635,-0.27169,0.063523,0.10395,0.034091,-0.032995,0.0094787,-0.14103,-0.38937,0.39519,0.090516,-0.12792,-0.33305,-0.19192,-0.087859,-0.27248,-0.29315,0.099249,0.040863,-0.31989,-0.40033,-0.089956,-0.032335,-0.06304,-0.32208,1.3428,-0.033686,-0.13676,-0.50568
TCGA-04-1362-01A-21-20,OV,Primary,35,0.042535,-0.12772,-0.12076,0.71344,-0.095874,-0.4042,-0.49541,-0.62775,0.25437,-0.36761,0.048733,0.72175,-0.025687,-0.066163,0.92955,-0.36929,-0.39551,-0.68948,0.1935,0.059318,0.40619,-0.058495,1.218,0.39976,-0.37451,0.0078531,0.057334,0.21952,0.43885,-0.76226,-0.45157,0.2065,-0.41171,-0.17274,0.090509,-0.0045821,0.1133,0.24626,0.35227,0.39587,0.4741,-0.5038,0.014824,0.41804,0.55034,0.55717,0.94689,-0.95373,0.047272,-0.3092,0.2766,-0.097554,-0.41991,1.8071,-0.19306,-0.14319,-0.89645,0.092194,1.209,-0.19153,-0.0030453,0.43146,-0.1137,-0.081683,0.30171,-0.1515,-0.29821,0.90056,-0.27699,-0.5682,0.40905,-0.59625,-0.096311,-0.11524,-0.012892,1.5329,-1.1713,0.94587,-0.21389,0.16594,0.47935,0.78429,-0.31347,1.1265,0.30274,-0.36905,-0.023976,-0.4784,0.12849,-0.035372,0.50895,-0.18064,0.22714,0.55498,0.64676,-0.44418,-0.21315,-0.15056,-0.4435,-0.12677,0.69896,-0.62809,0.0012657,0.090044,0.083742,0.096178,0.044991,0.27346,-0.20179,0.46012,0.13898,1.4032,1.2246,0.3702,-0.0582,0.063182,-0.17958,-0.18895,0.17956,0.68224,0.83605,0.038583,-0.04501,1.0942,-0.023628,0.018918,-0.096115,-0.037624,0.70167,-0.30494,0.19219,-0.015089,0.64783,-0.073508,-0.12724,-0.37961,0.88201,0.09384,-0.27549,-0.14467,-0.4117,-0.31436,0.15079,-1.3504,0.041016,0.25627,-0.19149,-1.2023,0.64629,-0.13819,-1.0569,0.33066,-0.12771,1.2522,0.0096989,0.039699,0.050985,1.118,-0.22051,-0.18842,-0.14094,0.50499,-0.16399,-0.1638,-0.96372,0.11873,0.71336,0.11653,0.4601,0.079435,-0.043561,0.0001618,-0.10379,-0.4857,-1.2332,0.71389,0.17259,3.5363,-0.033522,1.0707,0.22468,0.10787,0.53154,-0.068507,0.060136,1.241,0.064375,0.37326,-0.19947,-0.10101,0.011009,-0.019972,0.065491,-0.081781,-0.015134,-0.20355,-0.27914,-0.16462,-0.013583,0.36955,-0.1587,-0.080128,0.069328,0.15658,0.14984,0.12905,0.036536,0.25591,0.096628,-0.20831,-0.15283,-0.14235,-0.24564,0.08786,-0.16437,-0.32843,-0.20727,0.046578,-0.24105,-0.26255,0.9208,0.11559,-0.14108,-0.11407
TCGA-36-2539-01A-21-20,OV,Primary,35,0.044803,0.083707,-0.23403,0.41949,0.039112,-0.48239,-0.58935,0.54707,0.44147,-0.36213,-0.34114,0.49093,-0.50903,-0.39103,1.3344,0.00091016,0.13584,-0.27844,-0.374,-0.19937,-0.11398,-0.1143,0.14447,0.055971,0.00039377,-0.31187,-0.063084,-0.10599,-0.19476,0.39707,1.2567,-0.19361,-0.29994,-0.25642,-0.055801,-0.34409,0.0092161,-0.13734,0.1413,-0.88109,0.96244,-0.32292,-0.095339,0.2499,-0.10781,0.42624,-0.58798,-0.63909,-0.24557,-0.13463,-0.07421,0.029348,0.092909,-0.016636,-0.91628,0.15269,0.89537,0.057958,1.5019,-0.34638,0.056799,0.39924,-0.2673,-0.10513,0.30077,-0.26765,-0.14958,2.0372,-0.086127,0.097779,0.66584,-0.061717,-0.61352,0.39999,-0.47576,1.8456,0.30981,0.99629,-0.06691,0.018404,0.51851,0.19661,0.31396,1.518,0.077563,-0.22395,0.087238,-0.2441,-0.037542,0.035152,0.96542,-0.51424,0.18457,0.45751,0.51858,1.2589,0.38421,-0.1275,-0.11189,0.48497,0.11213,0.058852,0.97221,-0.20708,-0.26172,0.1734,0.37797,-0.5686,-0.26243,0.23999,0.082475,1.1549,1.3175,0.15218,0.15099,-0.50945,-0.17559,-0.29487,-0.076621,0.2651,0.11353,0.23786,-0.060272,1.5863,0.144,0.6531,-0.31496,-0.19353,0.44531,-0.18137,0.32941,-0.21924,0.24474,-0.091566,-0.11257,0.18936,0.52143,-0.2679,-0.50673,-0.11488,-0.45096,-0.65905,0.25699,-0.42118,0.68578,0.097039,0.12023,0.7939,0.24652,-0.12,2.0213,0.52599,-0.23626,0.65599,0.5807,0.056973,0.014754,-0.15362,0.10803,0.045147,0.45411,0.94455,0.17885,0.27421,-0.45286,0.44326,0.25446,1.276,0.10758,-0.46397,-0.32931,-0.24761,-0.25595,-0.21126,-0.098238,0.18636,0.1518,3.9745,-0.1224,-0.38431,0.75861,-0.061068,0.54863,0.010638,0.024594,0.87944,-0.38883,-0.14325,-0.3657,-0.5936,-0.26741,-0.00022147,-0.049071,-0.23839,-0.64441,-0.2672,-0.66302,-0.25378,-0.10984,-0.74895,-0.41673,0.38603,0.61169,0.32184,-0.18959,0.32621,-0.54077,-0.044952,0.089616,0.51923,-0.045419,-0.36646,-0.079153,-0.12884,-0.12113,-1.5988,0.15559,-0.083921,0.66355,-0.45305,1.6953,-0.04299,-0.18651,-0.9248
TCGA-36-2549-01A-21-20,OV,Primary,35,0.10572,-0.16445,-0.26027,-0.41365,0.27471,-0.41436,-0.29643,-0.28054,-0.76308,-0.18757,-0.32362,-0.80983,0.84707,0.17875,0.43285,-0.36628,-0.53416,-0.11354,0.11266,-0.040966,0.45396,-0.027247,-0.30607,-0.1377,-0.29149,-5.4353e-05,0.56581,-0.057346,0.0054326,-0.78418,-0.20974,0.25652,-0.21988,-0.46538,0.061998,-0.087074,0.4038,0.3044,0.081897,0.15858,0.94621,-1.2731,-0.0065227,0.38158,-0.2805,-0.17633,0.42219,-0.32398,0.89939,-0.031444,-0.11056,0.079392,-0.10235,0.91246,-0.11324,0.93385,0.0066714,-0.36976,0.87137,-0.21403,-0.37943,-0.14592,-0.18617,-0.084553,0.7821,-0.086857,1.2219,0.11735,0.013857,-0.21952,0.024182,-0.22942,-0.50171,0.033501,-0.22302,1.5066,0.61461,0.373,-0.19584,0.23113,0.24143,0.238,0.73164,-0.10693,0.19832,-0.16925,0.065335,-0.053054,0.17772,-0.18992,0.48741,-0.045183,-0.54107,0.16998,0.31901,-0.37441,-0.3125,-0.4172,-0.017017,0.65603,-0.27949,-0.48482,0.14605,0.16109,-0.11842,0.14854,0.47881,0.084781,-0.34823,-0.70501,0.61545,1.0322,0.98572,0.087013,0.06861,-0.30698,-0.16379,-0.18344,0.0050031,-0.56766,-0.118,-0.095979,0.042244,0.8176,-0.11379,-0.14216,-0.14944,0.27478,1.4071,0.10692,0.41533,-0.1648,0.42695,0.091417,-0.30024,0.36597,0.63185,-0.32178,-0.18898,0.053618,-0.39328,-0.31051,-0.42588,-0.99866,0.20168,0.12709,0.27788,2.9885,-0.075495,0.11862,1.8266,-0.053715,0.32884,-0.21311,-0.21007,-0.081617,-0.2689,1.155,0.11992,0.47041,-0.38125,0.26813,0.51739,0.24518,-0.15089,0.13337,-0.044999,0.32704,0.1113,0.098797,0.19373,0.012097,0.153,0.15022,-1.7647,-0.18956,0.14222,3.2923,0.081749,0.51426,-0.121,0.37707,0.33924,0.58593,0.42038,1.2876,-0.43152,0.58346,-0.3759,-0.41282,0.33503,0.071384,0.076586,-0.032569,-0.29341,-0.16977,-0.29137,-0.13019,0.099202,0.41102,0.068103,-0.23252,-0.11103,-0.51855,0.25512,-0.1345,-0.10024,-0.26918,0.056485,-0.020127,-0.34323,-0.2043,0.62002,0.050647,-0.010379,-0.099612,0.21102,0.017397,0.0064477,-0.21161,1.7298,-0.15121,0.018702,-0.34863
TCGA-42-2593-01A-21-20,OV,Primary,35,-0.10359,-0.23549,-0.070594,-0.1557,0.39229,-0.18028,-0.27268,-0.31277,-0.41479,-0.85516,-0.17998,0.97842,0.68624,0.14855,-0.10771,-0.23792,-0.53658,-0.48723,-0.24646,0.14499,0.36506,-0.031411,0.33223,0.0033394,-0.21574,0.019552,0.91481,-0.09841,-0.060432,0.51476,0.010128,0.14952,-0.4815,0.31237,0.20225,0.066565,0.0087602,0.38691,0.39092,0.27313,0.66938,1.2863,-0.1315,2.014,0.26928,0.21932,1.0004,-0.99131,0.031419,-0.29998,-0.050962,-0.11999,-0.24561,2.9582,-0.36138,-0.32309,-0.47117,0.18164,1.1416,-0.18056,-0.12072,-0.12896,0.15804,0.12315,0.29598,-0.15283,1.1456,0.51407,-0.095707,0.36513,-0.090793,-0.44258,-0.29191,-0.31842,-0.1099,0.55384,-0.33616,0.42759,-0.19712,0.26976,0.66046,0.40795,0.14961,3.0703,-0.57423,0.080491,0.11473,0.49118,0.1776,-0.21827,-0.75213,0.38252,0.082059,0.21359,0.033852,-0.36976,-0.1296,-0.2996,-0.14135,-0.71616,0.57788,-0.12382,0.41591,0.29051,-0.17884,0.059085,0.60555,0.039228,-0.12319,0.43247,-0.4405,-0.44829,-0.41351,0.18697,0.35416,-0.27297,-0.080802,-0.82263,-0.062773,-0.099861,-0.0072196,0.2475,0.26968,0.88499,0.36314,-0.69411,0.20805,0.24303,0.93079,-0.10974,-0.039873,-0.0082105,-0.08724,-0.15051,0.69672,0.30728,0.44854,0.37878,-0.34215,-0.23612,-0.75628,-0.75681,0.36506,-0.82325,0.1387,0.82091,-0.21763,-1.4595,-0.58855,-0.11565,2.4538,0.032697,-0.11963,-0.12724,-0.020082,-0.006442,-0.29316,0.37655,-0.25393,-0.1503,-0.016725,-0.019227,-0.10678,-0.03121,0.35678,0.56603,1.0116,1.1044,-0.011229,0.10834,-0.19622,-0.37305,-0.21027,-0.79296,-1.3402,0.1104,0.0020977,3.4133,0.10332,1.5602,0.96711,-0.034642,-0.18671,-0.040289,0.016457,-0.78391,-0.4927,0.72822,0.5175,-0.055966,-0.13376,1.3322,1.271,0.67758,-0.22139,0.1678,3.535,0.43247,0.43156,0.91644,3.0621,-0.065439,-0.091791,0.53252,0.33793,0.85906,0.095397,-0.49982,-0.30157,0.17795,-0.37572,-0.28272,-0.23724,0.11546,-0.012064,-0.44806,0.070111,0.095095,0.58386,-0.3119,1.7349,-0.21502,-0.086133,0.26311
TCGA-23-2647-01A-21-20,OV,Primary,35,-0.059483,-0.18349,-0.12031,0.16519,0.70181,-0.13309,-0.37794,0.20138,-0.02833,-0.59071,-0.58302,-0.12044,0.46402,0.70141,0.61022,-0.39245,-0.34978,-0.4567,-0.23968,-0.12562,0.43111,-0.28236,0.04869,0.2817,-0.5681,-0.091948,0.94573,-0.020785,-0.10677,-0.19801,-0.20107,-0.056141,-0.51282,0.15631,-0.047931,-0.10946,-0.060809,0.14586,0.28834,0.38215,0.29008,1.2357,-0.14732,0.019986,-0.013517,0.82885,0.12774,-1.1739,-0.0262,-0.30138,0.026882,-0.22804,-0.1762,0.61996,-0.55779,-0.18913,0.70111,0.17131,1.2024,-0.7515,-0.065899,0.26896,-0.13606,-0.064398,0.48004,-0.20153,0.50778,1.9591,-0.62464,-0.30652,0.74307,-0.031917,-0.14989,0.16568,-0.30639,1.1703,-0.22517,0.97555,-0.13004,0.18284,0.063504,0.19727,0.0081092,1.7723,0.053487,-0.09329,-0.10304,-0.21362,0.12299,-0.055052,0.81058,-0.097653,-0.018799,0.025614,0.20623,0.99867,0.56912,-0.019146,-0.2066,0.0065657,0.41849,0.18941,0.66907,0.09089,-0.22057,0.11419,0.54264,0.23598,-0.074507,0.013591,0.12542,0.3329,0.28758,0.13795,0.47084,-0.40937,-0.26241,-0.51109,0.18927,0.59097,-0.020051,-0.18558,-0.21508,0.51714,0.22043,-0.21342,-0.076183,0.1175,0.79783,-0.16141,0.2439,-0.10421,0.49183,-0.17346,0.055199,-0.20712,0.58947,0.20485,-0.35311,-0.10429,-0.22286,-0.51825,0.31016,0.11561,0.31847,1.2786,-0.16672,-0.36787,0.23045,-0.1367,-0.32217,0.43895,-0.23346,0.52253,0.39489,-0.027022,-0.22737,0.61843,-0.17838,0.017964,0.2394,0.73734,0.070046,-0.058272,-0.62039,0.50586,0.52559,0.20672,0.18338,0.094195,-0.26659,-0.03945,-0.021129,0.24247,-0.4919,0.73268,0.29703,3.401,-0.035494,0.65906,0.18533,-0.1035,0.33307,-0.091994,-0.02131,-0.19238,-0.25423,0.61008,0.19062,-0.29349,-0.20561,-0.15713,-0.19317,-0.24257,0.48499,0.50216,-0.58972,-0.30313,-0.23303,0.19042,-0.37047,0.52226,0.59697,1.0792,0.5666,0.73527,0.097468,-0.1484,-0.16961,0.15472,-0.24585,-0.27863,-0.19747,0.12033,-0.12483,-0.67754,-0.017831,-0.22325,0.37006,-0.42323,0.12868,0.062856,-0.21444,-0.13421
TCGA-13-0725-01A-21-20,OV,Primary,35,0.070213,0.072975,-0.28524,0.015212,-0.40912,-0.61849,-0.23691,-0.72381,-0.42477,-0.36661,-0.19331,0.43581,0.4661,0.38272,1.0506,-0.012729,0.18099,-0.019228,0.076016,0.10963,0.66843,0.12475,0.32072,-0.19138,-0.087157,-0.027155,0.63357,-0.12904,-0.040081,-0.31426,0.21297,0.074624,-0.13358,0.093064,-0.045524,0.041712,0.042121,0.26934,0.087269,-0.10062,1.1625,0.65735,-0.11388,0.13139,0.63042,-0.094218,-0.19969,-0.34423,0.35165,-0.31403,-0.23488,-0.0016496,-0.47977,0.26401,-0.16648,0.94169,1.3366,0.27301,0.69844,-0.26725,0.34211,-0.52953,-0.32017,-0.12054,1.1818,-0.19362,-0.84359,0.6467,0.043412,-0.017703,0.46043,0.17265,0.15728,0.32598,-0.0034431,0.23814,-1.1758,0.013395,-0.0079484,0.22776,0.17361,-0.19853,0.7842,0.37825,-0.31411,-0.061317,0.14285,-0.14626,0.69669,0.2714,0.3601,-0.2506,-0.21301,0.063804,-0.47953,0.36686,-0.51115,0.64361,0.18725,1.0276,0.66394,0.064374,0.54986,0.22651,-0.21181,-0.10596,-0.43939,-0.090727,0.16482,-1.0112,-0.11036,0.31316,0.33682,0.18787,-0.18161,-0.26158,0.030788,-0.57105,0.16653,-0.42432,0.14832,-0.064914,0.02822,2.1083,-0.41026,0.33455,-0.051206,0.052179,-0.042558,-0.085818,-0.11182,0.10248,0.55523,0.092305,-0.55897,-0.12347,-0.037408,-0.36156,-0.18079,-0.025452,-0.4017,-0.22282,-0.0074319,-0.82563,0.1451,0.48707,0.25034,1.0349,-0.69001,-0.13593,-0.23169,-0.0090866,-0.12971,-0.28268,0.097029,0.051613,-0.41817,-0.68942,0.0017157,-0.30754,0.47492,0.63247,0.52134,0.049516,-1.2409,0.63501,-0.51019,-0.37743,-0.05376,0.15365,-0.12214,-0.12672,0.10378,0.093817,-1.0117,1.137,-0.075816,2.0723,0.18905,-0.4892,0.60026,0.13746,0.46826,0.041023,0.13327,-0.19556,0.36375,0.21178,-0.043712,-0.47346,0.092834,0.13706,0.12279,0.31557,0.38244,0.58747,-0.37845,-0.12965,0.012463,-0.23086,-0.050873,0.31291,-0.10814,0.13565,0.12529,-0.28133,-0.11973,-0.31908,-0.12744,0.028774,-0.19353,-0.12737,-0.038432,0.040705,-0.013957,-0.56033,-0.92336,-0.047563,-0.17764,-0.30404,1.6578,-0.38608,-0.1607,-0.2468
TCGA-13-0903-01A-21-20,OV,Primary,35,0.076459,0.21155,-0.15089,0.33591,0.30523,-0.86996,-0.10911,-0.014179,-1.3078,-0.99526,-0.41697,-0.37538,-0.36562,1.1566,0.35178,-0.20951,-0.36258,-0.54084,0.049664,0.17444,-0.010877,0.13462,1.2414,-0.28187,-0.27921,0.10447,0.54748,0.11522,-0.10237,1.1002,-0.75638,0.15125,0.27973,-0.036247,0.0073646,0.027848,0.57868,0.22493,0.090079,0.48243,0.18163,0.4903,-0.043424,0.34737,-0.074655,-0.083549,0.42817,-0.39263,-0.17121,0.0082366,-0.029082,-0.027831,-0.075943,0.38811,-0.47792,0.10156,1.0961,0.079592,0.6029,-0.23986,-0.0012344,-1.5859,-0.48624,-0.27201,0.63112,-0.18231,0.78556,1.5793,0.032173,0.022694,0.064882,0.10671,-0.034635,0.32254,0.049887,-0.43176,-0.072742,-0.41141,0.22004,0.30099,0.17306,-0.14267,0.078396,-1.0879,-0.44086,-0.26252,0.33042,-0.47872,0.16628,0.11737,-0.041387,0.23255,-0.41837,-0.10478,-0.36007,1.2226,0.14533,-0.017674,-0.42746,0.89143,-0.018601,-0.33159,-0.082717,-0.041342,-0.22489,-0.23181,0.8472,-0.13877,0.08866,-1.3153,0.14922,0.64036,0.93949,0.15995,0.23997,-0.2182,-0.14742,-0.46484,0.11217,-0.99503,0.22833,-0.10001,0.035657,1.6101,-1.0122,-0.045257,-0.15038,0.061828,0.39179,0.24327,0.28307,0.3303,0.26539,0.22306,-0.46587,0.35828,0.20331,-0.2438,-0.13546,-0.11393,-0.55158,-0.14349,-0.21283,0.27243,0.14736,0.21423,0.49641,-0.65381,-1.5016,0.030019,-0.74018,0.12009,-0.021219,-0.40587,0.32511,-0.12208,-0.23276,0.19014,-0.22048,-0.13839,-0.38845,-0.56189,0.71647,0.17564,-0.86583,0.38564,0.018311,-0.14018,-0.17366,0.13469,-0.12151,-0.11823,0.12103,0.60265,-0.74276,1.0601,-0.51632,3.4351,0.071413,0.78588,0.80662,0.41805,0.21796,0.087488,0.1391,0.74637,-0.18171,0.19395,-0.14914,-0.15345,0.13179,-0.014064,0.2362,-0.026378,0.045054,0.33563,-0.44876,-0.096507,0.18711,0.62351,0.10362,-0.042745,0.033932,0.29136,0.32777,-0.06905,-0.23582,-0.18475,-0.11271,0.24066,-0.15596,-0.092149,-0.067386,-0.026043,-0.089651,-0.37122,-0.2602,0.084845,0.25238,-0.46275,1.6792,-0.21897,0.43804,-0.47616
TCGA-10-0925-01A-11-20,OV,Primary,35,0.085853,0.011953,-0.12592,-0.3184,-0.12767,-0.25097,-0.52794,-0.53732,-1.2893,-0.71388,-0.10455,0.45876,0.99298,0.16575,0.84219,-0.15358,-0.11253,-0.1232,0.18791,0.6643,-0.20968,0.5041,-0.18887,-0.06338,-0.10615,0.16153,0.76653,0.18627,0.085166,-0.17839,-0.78291,0.164,0.030782,0.05636,0.23018,0.26301,-0.3575,0.31141,0.09122,1.3355,0.86287,-1.0332,0.24243,0.50938,-0.086491,-0.018874,-1.1251,-0.51322,0.19435,-0.30525,-0.16164,0.17145,0.14276,1.1618,0.083134,0.18898,0.33622,0.17542,-0.35342,-0.35789,-0.29188,-0.87137,-0.51289,0.019632,0.17099,-0.068381,1.6299,0.69245,-0.334,0.48439,0.023873,-0.063183,-0.037114,0.045283,0.098287,0.3998,-0.12813,0.23755,-0.011092,0.50566,-0.062439,-0.046215,1.4705,-0.8858,-0.33396,-0.0079864,0.076576,0.3989,0.17568,0.14104,0.14324,0.17898,-0.074132,0.22126,-0.24912,1.7526,-0.60147,-0.18664,0.030583,0.14735,0.1338,-0.10933,0.09077,-0.08391,0.17397,-0.063073,0.25884,0.53286,0.2298,-0.5447,-0.78775,-0.90992,-0.90673,0.29038,0.16143,-0.16105,0.11907,-0.2539,-0.068866,0.73639,0.059704,-0.24923,0.31836,0.91003,-0.40971,-0.17234,0.11292,0.22979,0.18966,-0.2369,-0.14603,-0.08528,0.098872,-0.060542,-0.34078,-1.0733,0.29972,-0.35575,0.094952,-0.12202,-0.35248,-0.73489,-0.34892,-0.84622,0.16093,-0.4415,-0.11969,-1.7578,-1.1293,-0.054907,0.96414,-0.24726,0.0042929,0.042383,0.20372,0.073318,-0.2876,0.38386,0.14742,0.16254,-0.34209,-0.29187,-0.013447,0.29331,0.0068385,0.41604,0.2453,-0.71177,0.22602,0.094542,0.014611,0.26255,0.19757,-0.48069,-1.948,0.23234,-0.43339,0.36966,-0.067862,0.78307,-0.12236,0.042929,0.12268,0.024425,0.068942,0.41031,-0.65903,0.17367,0.31564,-0.4196,-0.047834,0.07376,0.20836,-0.055271,-0.21394,-0.22924,-0.12617,0.025424,0.049714,-0.23524,-0.21143,-0.43268,-0.51415,0.26671,-0.029022,-0.43376,-0.17752,-0.19212,-0.23375,0.36947,-0.067937,-0.25418,-0.38471,0.036762,-0.20928,-0.50805,-0.80956,-0.0010843,-0.43698,-0.64488,-0.56881,-0.50344,-0.25988,0.18225
TCGA-23-1111-01A-21-20,OV,Primary,35,-0.085947,-0.01691,-0.21683,0.19727,1.0292,-0.26043,-0.4048,-0.057428,-0.52801,-0.64343,0.11206,-0.7777,0.52445,-0.47689,0.56944,-0.50199,-0.19726,-0.52661,0.19118,-0.014102,0.60052,-0.085229,-0.072429,0.24693,-0.1522,0.014106,0.78621,-0.17722,-0.063705,-1.0433,-0.0026095,0.040521,-0.37754,-0.17122,-0.1784,-0.083743,1.1869,0.43995,0.10153,0.90469,0.24064,-0.4489,0.02488,1.5026,0.30104,0.040628,-0.051525,-1.4332,0.23389,0.17542,4.0185,-0.085377,-0.43937,2.1666,-0.0098821,-0.22985,-0.5295,0.092693,0.80928,-0.38952,-0.23028,0.26399,4.2064,4.4005,0.5021,0.28442,-0.46358,1.2307,-0.12612,0.31224,0.3485,0.32245,-0.076192,-0.64306,-0.31124,0.8467,0.059369,0.35565,-0.15579,0.10329,0.10786,0.4592,0.42483,-0.31967,0.092883,-0.48038,0.06331,0.15408,0.11537,-0.15954,1.1377,0.6099,-0.42898,-0.094827,0.3985,-0.46872,0.68357,-0.28226,-0.50487,-0.00018892,-0.065082,-0.31536,0.17305,0.20421,-0.07828,0.049466,0.53903,0.23998,-0.39335,0.03394,-0.05064,0.15637,-0.20985,0.39851,-0.19964,-0.10729,-0.17397,-0.36536,0.73172,0.62858,0.67474,1.3937,-0.2882,0.77143,0.10867,-0.19368,-0.021263,0.35279,1.3508,0.12265,0.082399,-0.28935,-0.14669,-0.18641,0.25054,0.16338,0.81134,0.47871,-0.35092,-0.11814,-0.52645,-0.38603,0.079727,-1.3347,-0.12887,-0.19938,-0.09285,0.49582,0.26522,-0.10328,-0.34695,0.27921,-0.3468,0.21838,0.0031664,0.075686,-0.15035,1.0818,-0.28193,0.0050668,-0.056809,0.56849,-0.097426,-0.21792,-0.63853,-0.044477,0.72951,0.9056,0.25148,0.038945,0.036029,-0.13834,0.023038,0.35198,-0.41934,0.33315,0.026209,3.7283,0.011466,-0.84236,0.35027,-0.15754,-0.10583,-0.10218,-0.042823,0.74824,0.13845,0.0075738,0.053754,-0.45157,-0.15635,0.57789,0.71781,0.13634,-0.19937,-0.022483,1.844,0.044534,0.1612,0.59574,1.805,-0.089032,-0.10249,0.11099,0.65813,1.0131,-0.27307,-0.48085,0.096261,0.063026,-0.51877,-0.31916,-0.17871,-0.0094257,-0.14199,-0.53391,-0.010059,-0.033217,0.12913,-0.39862,1.9894,0.52245,-0.27838,-1.0554
TCGA-04-1343-01A-21-20,OV,Primary,35,-0.13096,-0.18465,-0.32688,0.44845,-0.35083,-0.13271,-0.10982,-0.59766,0.44589,-0.59191,-0.23228,-0.37021,-0.56471,0.47302,1.5038,-0.31737,-0.12515,-0.63646,0.25378,0.00054777,0.40043,-0.038738,0.26094,0.3017,-0.30684,-0.089758,0.51489,-0.19003,-0.090013,-0.7021,0.47892,0.1782,-0.38311,-0.066016,-0.047629,-0.21227,0.5274,0.296,0.3534,1.0989,0.77316,0.551,-0.24134,0.81764,0.19095,0.36298,0.27407,-0.82542,0.54397,-0.24865,0.14807,-0.10661,-0.18834,2.3439,-0.19613,0.17766,0.62723,-0.16179,0.9588,-0.2949,-0.14264,0.010141,-0.20219,-0.18377,0.25727,-0.24938,-0.41131,2.8499,-0.32852,-0.28005,0.43439,-0.27811,0.3598,-0.31987,-0.23078,1.5541,-0.27249,0.44544,-0.1102,0.19751,0.088406,0.309,0.025527,0.069881,-0.20628,-0.25238,0.23486,0.056503,0.10093,-0.25284,0.25883,-0.044934,-0.32425,0.55619,0.32242,0.44263,-0.016203,-0.26118,-0.44283,-0.096634,0.23123,-0.24089,0.16579,0.0050923,-0.16584,0.046911,-0.47845,0.33249,-0.3381,0.33083,-0.27304,0.9235,0.85747,0.23444,0.0046756,-0.2681,-0.22567,-0.47344,-0.17336,-0.1544,0.48941,0.87146,-0.1948,0.52764,-0.15529,0.071719,0.33054,0.033011,0.44545,0.021179,0.13951,-0.18848,0.20901,-0.092306,0.075592,-0.25499,1.0811,-0.10749,-0.141,-0.17377,-0.6438,-0.082027,0.39185,-1.3846,0.091619,-0.0037371,0.051489,-0.71809,0.00029386,0.050853,-0.4403,0.35895,0.02857,0.38908,0.01795,0.085486,0.088289,1.0705,-0.20974,-0.17288,-0.056045,0.50349,0.10001,0.25483,-0.69361,0.031688,0.89264,-0.24559,0.004877,0.077495,-0.34309,-0.069184,-0.22977,-0.16799,-1.17,0.8156,-0.29267,2.2836,-0.039753,0.31242,0.58356,0.049392,0.048597,0.24048,0.19467,-0.33137,0.11997,-0.1133,-0.15577,0.066501,0.045951,0.028037,-0.068841,-0.032762,0.19864,0.37014,-0.24864,-0.22374,-0.036295,-0.066347,-0.11227,0.11713,0.089249,-0.12939,0.62922,0.09861,-0.1115,-0.088298,-0.16748,-0.083375,-0.36972,-0.15076,-0.068079,0.058369,-0.31268,-0.14074,-0.36183,0.11207,-0.060811,-0.15761,1.497,0.00034194,0.050266,-0.024517
TCGA-13-1409-01A-21-20,OV,Primary,35,0.040521,-0.13082,-0.28377,-0.31787,1.0802,-0.8867,-1.1447,-0.15517,-0.1845,-0.52168,0.33633,0.66587,1.9182,-0.30014,0.90454,-0.31051,-0.41442,-0.13087,0.08789,0.057013,0.86793,0.060911,1.1037,-0.11875,-0.21758,0.05541,2.192,-0.18806,-0.09247,-1.0671,0.93997,0.11365,-0.23833,-0.40799,-0.23476,-0.12481,0.39551,0.15715,-0.070181,1.1653,0.76238,-1.2089,-0.07026,0.13188,0.19329,0.24001,0.10235,-0.77352,0.57215,-0.43379,-0.18032,-0.078106,-0.35288,3.0611,-0.15775,0.15024,0.71374,0.23957,0.7288,-0.28102,-0.051241,0.0033211,0.33645,-0.19396,1.3146,-0.12724,-0.53815,1.0078,0.76012,0.20006,0.29374,-0.072988,0.055017,-0.64507,-0.16581,0.25595,-0.25235,-0.19108,-0.14716,0.18821,0.32694,0.13237,0.82286,-1.067,-0.57988,-0.30209,0.29542,0.012137,0.13596,-0.17411,0.31813,-0.28403,-0.35139,-0.1677,0.33299,-0.3618,0.48946,-0.12993,0.08545,0.3962,0.42677,0.26657,0.54358,0.047061,-0.15796,-0.024806,1.3027,0.30846,-0.4375,-0.65457,0.44863,-0.25168,0.055797,0.15196,0.06527,-0.30184,-0.082909,-0.77917,-0.22669,-0.35907,-0.077942,0.25512,-0.013719,1.4132,0.19716,-0.21196,0.48589,0.1298,0.68606,0.23615,-0.30044,-0.30993,0.19263,0.026754,0.055607,0.052744,0.14413,0.31616,-0.16262,-0.027297,-0.5552,-0.44951,-0.012241,-1.6182,0.24785,-0.16541,-0.048333,2.4305,0.5087,0.16898,-0.23552,0.16743,-0.064191,0.25308,0.17973,0.02893,-0.13356,1.0316,-0.065244,-0.20658,0.15732,-0.016042,0.22791,-0.052249,-0.93743,0.36798,0.9738,0.55595,0.29088,-0.017899,-0.07793,-0.098484,-0.12105,-0.31821,0.292,-0.096496,0.083326,1.1703,0.3626,1.1415,-0.49122,-0.049889,0.12757,-0.1638,0.16364,-0.4562,-0.63327,0.30615,0.25547,0.14061,-0.040272,0.17987,-0.06732,0.17033,0.52924,0.92315,0.16395,-0.022187,0.070484,0.15449,-0.069892,-0.078822,-0.15795,-0.98768,0.1608,0.98803,-0.2551,-0.40027,-0.12165,-0.13368,-0.41917,-0.12416,-0.077374,-0.0098301,-0.17933,-0.32253,0.64334,-0.044779,0.0027169,-0.4119,0.54005,-0.1795,-0.18976,0.13543
TCGA-36-2540-01A-21-20,OV,Primary,35,0.23477,-0.13091,-0.37767,-0.21345,-0.081711,-0.68396,-0.53216,0.38538,-0.06598,-0.26734,-0.025349,0.79486,-0.0015886,-0.41254,0.39379,-0.29677,0.50128,-0.13948,0.68228,0.11932,0.085917,-0.17417,-0.41886,-0.20707,-0.22944,-0.16705,0.1198,-0.11264,-0.15926,-0.46471,0.57622,0.27356,-0.1214,-0.29649,0.13654,-0.15802,-0.49887,0.049752,0.33724,0.54874,0.64619,-1.4089,0.017504,-0.26875,-0.33638,0.51282,-0.61118,-0.69966,-0.11063,0.56723,0.10674,0.10617,0.046255,0.48176,-0.27117,-0.40955,0.29301,0.25516,0.63005,-0.24227,-0.0054776,-0.39558,-0.21831,-0.014204,0.20259,-0.18064,0.7096,0.093275,0.80331,-0.089009,0.10019,-0.018034,-0.61666,0.51166,-0.20959,-0.21229,0.31221,-0.19391,0.048198,0.16994,-0.15607,0.14793,0.57768,1.0816,-0.22325,0.0076676,0.1467,-0.19529,-0.015248,0.30271,1.1954,0.027049,0.033727,-0.24548,0.16309,1.5623,0.91873,-0.30481,-0.019862,0.47813,0.12794,-0.70622,0.30051,-0.060762,-0.22737,-0.0015615,0.78887,-0.1964,-0.30704,0.21131,-0.89976,0.64823,0.62459,0.07768,0.12911,-0.19623,0.12865,-0.086204,0.0099484,0.14902,-0.1119,-0.33464,-0.065296,1.554,-0.25378,0.86154,0.0002495,0.20583,0.79585,-0.012761,0.19171,-0.14445,0.31926,0.11274,-0.15126,-0.10859,0.21839,0.11661,-0.097577,-0.059242,-0.18458,-0.044239,0.02329,-1.1358,0.62061,-0.63539,0.036145,-0.30585,-0.11266,0.60079,2.0938,0.5962,-0.12106,-0.30854,0.36182,-0.094266,-0.29878,0.28008,0.052923,0.27543,0.25117,-0.053815,0.035722,0.11531,-0.022709,0.032947,-0.45813,0.64893,-0.019374,0.045811,0.078728,0.32338,0.17078,1.0773,0.16247,0.01958,-0.074425,2.437,-0.1217,0.33069,-0.37396,0.1412,0.29826,0.0369,0.0031682,1.1256,0.10107,0.038584,-0.2298,-0.46022,-0.24462,0.068737,-0.0023276,0.027451,-0.39014,-0.19003,-0.56018,-0.13222,0.13869,0.050782,0.030909,0.50731,0.72123,0.0096716,0.18117,-0.13255,-0.33733,0.083905,-0.017513,0.25117,-0.10342,-0.32426,-0.080284,-0.069258,-0.022134,-0.33811,0.15458,0.030181,0.15775,-0.33177,-0.30523,0.15267,-0.074235,-2.1008
TCGA-36-2551-01A-21-20,OV,Primary,35,0.12427,0.71277,0.23284,1.4067,-0.36638,-0.72091,-1.016,-0.29899,0.018645,-0.14372,0.084565,-0.10377,0.051031,0.19892,0.11778,-0.39437,-0.041438,-0.043172,-0.027346,-0.28049,0.99731,-0.25943,0.8579,0.99349,-0.62018,-0.06864,0.88723,0.020734,-0.13112,-1.0224,0.064838,-0.22871,-0.55624,0.81494,-0.0054946,0.10075,0.0095936,0.2944,-0.0086605,2.3695,0.23395,1.9401,-0.15882,2.7767,0.18827,-0.16133,1.0153,-0.6815,0.85342,-0.16506,0.30632,0.021122,-0.21984,1.6848,0.1589,-0.25276,-0.023475,0.14405,0.43094,-0.58659,0.093253,0.62055,0.094466,0.24029,-0.12444,-0.0096466,0.028816,1.3183,-1.1208,-0.08057,0.21005,-0.23549,-0.26107,0.10045,-0.41018,1.5116,0.14324,0.54439,-0.15888,0.033572,0.65911,0.066696,-0.46686,1.4881,-0.44737,0.044773,0.17983,1.1152,0.13352,-0.23193,0.72485,0.52787,-0.22311,0.26378,0.35584,-0.94814,-0.092344,0.39483,-0.1825,-0.066156,0.53312,-1.0538,-0.48781,0.024384,-0.23341,0.41754,-0.25733,-0.43434,-0.12117,1.3292,-0.44779,0.10296,0.077454,0.30981,0.25539,-0.21344,-0.15082,-0.77095,0.43362,0.38543,0.27467,0.20644,0.092246,1.6564,0.26922,-0.12556,-0.20169,0.66463,2.1609,-0.25217,0.47531,0.14404,0.057197,-0.16831,0.15401,-0.09063,0.64041,0.59698,-0.6483,-0.10439,-0.17879,-1.1535,0.30409,-0.48854,0.22201,1.4982,-0.19142,0.31617,0.97156,-0.21459,3.2171,-0.060228,-0.21748,0.27943,0.39014,0.061297,-0.55981,0.49772,0.099271,-0.18876,0.10749,0.58997,0.027249,0.077349,-1.2598,0.26017,0.51091,0.96884,0.20141,0.12588,0.18564,0.01061,0.007229,-0.26304,-0.58933,1.8708,0.56634,0.82799,-0.34437,-0.16251,-0.35895,-0.15553,-0.30572,-0.13419,0.023827,-0.45353,-0.84727,0.36117,-0.10419,-0.19203,-0.24184,-0.13915,-0.097272,-0.075168,-0.14612,0.14403,-0.93904,-0.10246,-0.1069,0.30619,-0.41769,-0.10291,-0.082907,0.61284,0.64187,0.87626,0.31157,-0.44946,-0.40862,-0.24029,-0.52168,-0.44685,-0.060251,0.19635,-0.078674,-1.0469,-0.22661,-0.1444,0.12842,-0.55217,1.7086,0.16793,-0.25027,-1.4811
TCGA-61-2610-01A-21-20,OV,Primary,35,0.093179,-0.20546,-0.098216,0.30383,-0.27833,-0.74704,-1.0889,0.25619,0.46702,-0.39478,-0.28101,0.098755,-0.26733,-0.57357,0.7098,0.11091,-0.068131,-0.087804,-0.26409,-0.095979,-0.35788,0.093811,-0.087345,-0.018921,-0.041256,-0.30191,0.71783,-0.019867,-0.22014,-0.57724,1.3643,-0.36702,-0.41213,-0.53413,-0.0055935,-0.32543,-0.26217,-0.24555,-0.2202,-1.3325,1.1113,-1.2487,0.027186,-0.55797,-0.2202,0.59093,-1.7087,-0.82323,0.2424,-0.17995,-0.090251,-0.028582,-0.20262,1.3303,-0.37014,0.26066,1.7419,0.19042,0.50956,-0.2976,-0.38029,0.38433,-0.27203,0.27304,1.2923,0.018471,1.0215,0.7279,-0.17008,0.049702,0.62578,-0.033189,-0.65409,0.5151,-0.20131,1.7759,0.31732,0.69708,0.09273,0.12243,-0.082364,-0.031608,0.32013,0.35592,-0.050901,0.093297,0.089904,0.34926,-0.057101,0.038491,0.70883,-0.37891,-0.044204,0.22201,0.20633,-0.7594,0.60884,-0.24054,-0.18262,0.1253,-0.042417,0.021677,0.38864,-0.016463,-0.20823,0.20525,0.69397,-0.18572,-0.0070201,-0.65455,-0.93366,0.38489,0.51531,0.10942,0.020543,0.26727,0.003693,-0.45192,0.1596,0.4889,-0.071632,0.58488,-0.20979,0.88212,0.059441,0.47697,-0.48299,-0.077183,0.99214,0.30349,0.23281,-0.12051,0.4623,0.032047,-0.52786,-0.61755,0.28247,-0.27591,-0.27544,0.19048,-0.023877,0.25768,0.10165,-1.2243,0.55646,-0.3307,0.0056517,-0.95711,0.83735,0.082539,1.182,0.59881,0.12836,0.48687,0.83228,-0.059233,-0.52336,-0.13902,-0.028015,0.19305,0.23804,0.70824,0.098291,0.34314,-0.75046,0.32914,-0.20963,0.34245,0.25573,-0.49967,0.26738,0.40095,0.14566,-0.20746,-0.65591,-0.16006,0.38892,-0.40816,0.16921,-0.95938,-0.18004,0.014298,0.0432,0.23946,0.31619,0.29402,-0.57637,-1.0589,-1.1416,-0.69037,-0.19921,0.088882,0.093594,-0.26637,-0.66707,-0.47094,-0.98997,0.027961,-0.30733,-0.91272,-0.32167,0.75095,0.55043,-0.53399,-0.81606,-0.18293,-0.8479,-0.020552,-0.19338,0.43716,-0.01267,-0.84932,-0.0063803,-0.18904,-0.15513,-2.0733,0.20141,0.074918,0.65689,-0.10113,0.25832,0.18747,-0.36917,-3.7266
TCGA-23-2649-01A-21-20,OV,Primary,35,-0.03663,-0.50594,-0.12683,0.52733,-0.61324,-0.33295,-0.44349,-0.015608,-0.59426,-0.37537,-0.34179,-0.52502,0.67284,0.28534,0.099189,-0.43259,-0.53946,-0.48795,-0.12451,0.044681,-0.57355,-0.14631,0.15529,0.28878,-0.26645,0.050554,1.025,-0.035519,0.01068,-0.9312,-0.25189,0.12734,-0.48947,-0.026699,-0.066448,0.020458,0.29499,0.47586,-0.0669,1.3269,0.051865,0.33818,-0.056174,0.66379,-0.13736,0.26372,0.50573,-0.3001,0.9481,-0.36751,0.28004,-0.13224,-0.24416,1.7928,-0.099041,0.39964,-0.28118,-0.1861,1.1725,-0.47273,-0.22934,0.054138,0.084736,0.15451,0.0069894,-0.17568,1.7963,2.0962,-0.2651,-0.2232,0.41568,-0.34595,-0.050812,-0.16743,-0.19309,1.3788,-0.046552,0.49682,-0.13332,0.25723,-0.016508,0.23483,0.27602,0.96142,0.10805,-0.2123,0.21689,-0.0094574,0.23156,-0.19661,0.056546,-0.11197,-0.3176,0.18592,0.48521,-0.92495,-0.24145,-0.29701,-0.071961,0.054058,0.58311,-0.3788,-0.021278,0.12922,-0.13636,0.11809,0.13756,-0.32039,-0.19524,0.24584,-0.088466,-0.14696,-0.10969,0.29217,0.22482,-0.46059,-0.10627,-0.74262,0.17143,0.36126,0.23762,0.21367,-0.082088,0.81943,-0.38737,-0.60441,0.084635,-0.22933,-0.021748,-0.07012,0.017707,-0.037233,0.41386,-0.060748,-0.28274,0.079173,0.54862,-0.16719,-0.32576,-0.13489,-0.37697,-0.68998,0.19177,-1.6252,0.051932,0.51684,-0.078092,0.94517,0.20534,0.0066258,-0.99724,0.37529,-0.074391,1.4021,0.18603,-0.010997,-0.34944,1.3359,-0.12406,-0.04929,0.11019,0.53955,-0.072608,-0.055175,-0.93543,-0.22181,0.61548,0.062764,0.11129,0.01556,0.069907,-0.21062,-0.0049092,-0.66648,-2.1331,0.33819,0.076326,3.3045,0.069989,-0.103,0.26452,0.093365,0.18851,-0.12979,0.056736,0.7786,-0.034149,0.27858,-0.11284,-0.14976,-0.055267,0.025521,0.14217,-0.17953,0.18721,0.38193,-0.069112,-0.18743,-0.0038763,-0.74818,-0.15093,0.094542,0.30838,0.19114,0.35977,0.70528,-0.048152,-0.091789,0.024488,0.20412,-0.4792,-0.13483,-0.059299,0.075361,-0.20617,-0.46391,0.16593,-0.010766,0.25568,-0.15677,-0.11264,-0.085543,-0.081447,0.53172
TCGA-13-0886-01A-21-20,OV,Primary,35,0.076831,-0.27079,-0.024324,1.1525,0.023468,-0.21437,-0.22943,0.27353,0.34888,-0.36466,0.14492,-0.053676,-0.50709,1.7578,0.58398,-0.16053,0.051017,0.020521,0.14177,0.080615,-0.023011,-0.060379,-0.12801,0.15239,-0.29087,-0.12564,-0.1354,-0.10916,-0.17263,0.64746,0.17689,0.11992,-0.33122,-0.00076734,-0.079131,-0.020654,0.21662,0.052063,0.19406,-0.52478,0.63416,0.67334,-0.12344,0.94359,0.050448,0.11058,-0.15781,-0.49897,-0.31653,-0.21621,-0.023955,-0.16686,0.067481,1.6609,-0.49103,0.16198,1.3177,0.038355,0.15768,-0.36158,0.024241,0.24678,-0.68543,-0.31039,0.43757,-0.21064,0.64986,1.0674,-0.073267,-0.13273,0.99533,-0.08775,-0.19407,0.62174,-0.024593,1.7236,-0.36618,0.51254,-0.077185,0.04345,0.11792,0.56464,-0.129,-0.47213,-0.13025,-0.29745,0.17042,-0.25207,0.12146,0.31789,0.89662,0.23321,-0.092972,1.0714,0.10256,0.46873,-0.11611,-0.024328,-0.35134,0.82223,0.48572,-0.13929,0.30237,-0.0082354,-0.21606,-0.039459,0.82169,-0.11602,-0.13854,-0.21951,-0.40949,1.3538,1.6325,0.41394,0.075534,-0.40631,-0.12033,-0.38676,-0.21539,0.55757,0.027546,0.55701,-0.12018,1.234,-0.35995,-0.19077,-0.25576,0.0029859,1.2111,-0.18194,0.34188,0.17354,0.18046,-0.13058,-0.4351,-0.72034,0.84561,-0.51692,-0.22107,-0.16999,-0.71067,0.0042162,-0.38963,-1.0585,0.25834,-0.12156,0.19482,1.5434,0.0026954,-0.0067767,-0.37683,0.15281,-0.12859,0.20039,0.34829,-0.0076966,-0.23959,0.33605,-0.2495,-0.21062,0.35242,0.42528,0.33875,0.093687,-1.2334,0.27598,-0.12519,-0.50997,0.030553,0.045547,-0.22553,0.10948,0.070182,0.91318,-0.56341,0.032485,-0.31804,-1.1163,0.055452,-0.11286,0.61822,0.098014,0.14835,0.094229,0.090084,0.25937,0.25935,0.062475,-0.31305,-0.28068,0.068677,-0.01746,0.031157,-0.031722,-0.26689,-0.24054,-0.51992,-0.21104,-0.15196,-0.039697,-0.17396,0.41376,0.16268,0.19601,0.11801,-0.26073,-0.14773,-0.06924,0.077108,0.3692,-0.12701,-0.2202,-0.00762,0.029507,-0.038015,-0.5389,-0.077784,-0.020271,0.23625,-0.30379,1.3618,0.087063,-0.040288,-0.71575
TCGA-13-0906-01A-21-20,OV,Primary,35,0.11961,0.20242,-0.11548,0.24289,0.34756,-0.19002,-0.29354,0.21498,-0.4912,-0.96013,0.045697,0.69721,0.6838,0.16227,0.67833,-0.24223,-0.40404,0.038914,-0.048677,0.11437,0.053461,0.15684,0.2252,-0.038978,0.10003,0.14138,0.68261,-0.092455,-0.016905,0.7721,0.35736,0.17656,-0.31519,0.060008,0.013488,0.16365,-0.10967,0.23933,-0.037816,0.41311,1.0284,0.68422,0.065904,0.32788,0.19691,0.17457,-0.229,-0.68855,-0.2143,-0.31753,-0.21083,0.080374,-0.18945,0.5006,-0.21352,-0.14514,0.44544,0.035815,0.37804,-0.245,0.018735,-0.34274,-0.43627,-0.25875,0.83694,-0.13414,0.90634,1.9136,-0.093334,0.16236,0.088984,-0.18267,0.054158,0.12519,-0.099569,1.1263,0.8014,0.061025,-0.029804,0.32667,0.15095,0.18087,0.64433,-1.2369,-0.35228,-0.1142,0.35964,0.086654,0.22069,-0.043586,0.15425,0.59475,-0.061915,0.49726,-0.12489,0.17505,0.23246,-0.13512,-0.51852,-0.028427,0.12197,0.051237,0.45744,-0.010686,0.14866,-0.081363,0.61137,-0.26768,0.017432,-0.8892,-0.47852,-0.0091386,0.21349,0.14825,-0.1824,0.24401,-0.020163,0.2493,-0.021535,0.65804,0.29483,0.37611,0.28302,0.50623,0.095228,-0.4887,-0.064439,-0.032044,0.48341,-0.098285,-0.025619,-0.022528,-0.037616,-0.17621,-0.17027,-0.74315,0.34251,-0.11489,-0.23268,-0.12481,-0.638,-0.18173,-0.30034,-0.47707,0.13923,0.66987,-0.074837,-1.1238,-0.61117,-0.032299,2.629,-0.019897,-0.1407,0.67834,0.28309,0.013065,-0.17342,0.8251,-0.34241,-0.31255,-0.42274,-0.24489,0.0079669,0.062157,-0.45172,-0.01494,0.42393,0.23363,-0.14669,0.064284,-0.28087,-2.9315e-05,-0.018608,-0.042714,-0.20603,0.78392,-0.45142,0.19292,0.17858,-0.72472,-0.17057,0.11646,-0.1696,-0.0016748,0.067849,-0.57939,-0.38507,0.41336,0.36038,-0.1372,-0.15038,0.1242,-0.086869,0.090018,0.51366,0.95689,-0.02492,-0.13899,-0.0099574,-0.19145,-0.13366,0.042772,-0.27318,0.24066,0.12355,0.34489,0.039631,-0.14054,-0.14283,0.098444,-0.23953,-0.22404,-0.20118,0.071978,-0.17988,-0.5998,-0.069315,-0.067341,-0.099355,-0.29005,1.3555,-0.33402,-0.084742,0.65469
TCGA-10-0926-01A-21-20,OV,Primary,35,0.14926,-0.18303,-0.046235,0.33333,0.36066,-0.40415,-0.6286,-0.95038,0.47954,-0.4221,-0.046382,0.52407,-0.67981,0.37419,0.72912,-0.37677,-0.0061665,-0.62168,0.16887,-0.013173,0.24285,-0.04957,-0.35041,0.68168,-0.19316,-0.021164,-0.30022,0.079253,-0.0010712,-0.4642,-0.38872,0.3257,0.10166,0.19312,0.066055,0.0055744,0.4437,0.28055,0.035746,0.089575,0.13932,1.0003,0.0062388,0.32092,0.015374,0.23031,-0.64713,-0.74928,-1.0008,-0.40236,-0.12334,-0.1621,-0.39889,-1.5964,-0.34493,-0.59192,1.2035,-0.1238,-0.084997,-0.21535,-0.16532,-0.28101,-0.28682,-0.16693,-0.14182,-0.16181,-0.33542,0.56708,-0.8753,-0.28956,0.17322,-0.49269,0.054387,0.050164,-0.23415,1.0962,-1.2974,0.34776,0.041486,0.15128,-0.030242,0.4082,1.1253,-0.85437,-0.374,-0.35108,0.16724,-0.33955,0.072164,-0.035182,0.26514,0.59852,-0.093496,0.63657,0.27838,2.2756,0.41991,-0.025721,0.15075,-0.16736,-0.023607,-0.59165,0.047501,0.10912,-0.23062,-0.32706,0.060891,-0.26919,-0.040972,0.66412,-0.56851,1.0271,1.0225,0.13097,-0.040109,-0.20364,-0.025807,-0.26173,-0.084156,0.3771,0.5672,-0.92602,-0.069151,1.1939,0.1581,-0.29665,0.20942,0.18287,0.53769,-0.37953,0.31171,-0.20126,0.083313,-0.06917,0.48226,-0.16333,0.46842,0.24863,0.037127,-0.15338,-0.29888,-0.29539,-0.10847,-1.4534,0.0027612,0.97591,0.31222,2.0457,0.079971,0.36405,-0.94788,0.3989,0.093953,1.441,0.1705,-0.031508,0.11613,0.9572,0.037345,0.050482,-0.20431,0.64128,0.015209,-0.11326,-0.73611,0.17335,0.26503,-0.36491,0.10523,0.11921,0.2534,0.18416,0.22537,-0.27281,-1.2082,-0.062082,-0.1424,0.99983,-0.19755,0.95404,-0.25855,0.024498,-0.040246,0.1145,0.12272,0.65015,-0.016589,0.52566,0.43943,-0.18158,0.16006,-0.042557,0.050472,-0.071056,0.57189,0.26726,-0.44809,-0.058,0.089104,0.66363,-0.04451,0.012498,0.15084,-0.26032,0.15065,0.55163,0.2129,-0.074759,0.10073,-0.044922,-0.1506,-0.16123,-0.14477,0.14345,0.089695,0.049431,0.15861,0.096019,-0.11564,-0.45699,1.5741,-0.1831,-0.048581,-1.1856
TCGA-25-1316-01A-21-20,OV,Primary,35,0.024007,-0.023329,-0.027571,0.28919,0.8453,-0.46603,-0.51173,0.052498,-0.41271,-0.097983,0.087603,-0.14156,-0.85419,-0.074649,0.9979,-0.40351,-0.14829,-0.58286,-0.33066,-0.069532,0.87183,-0.00011379,-1.0435,-0.14374,-0.017356,0.053343,-0.66664,0.16353,0.53336,-0.52004,-0.53413,0.061217,-0.083796,0.065169,0.41989,0.023342,0.2091,0.27302,0.14941,0.092194,0.052806,0.36502,-0.073437,-0.7003,0.084372,0.01964,0.46901,-1.0048,-0.46384,0.45755,-0.18823,-0.12128,-0.12598,-2.0054,-0.74378,-0.14818,-1.0615,-0.13039,-0.17344,0.55476,0.18656,0.77689,-0.69499,-0.48432,0.1916,-0.31683,-0.76941,1.6492,-1.0249,-0.091507,0.50772,0.56535,-0.0025182,0.26557,-0.12495,2.0448,-0.64111,2.1113,-0.20617,0.18036,-0.022945,0.28158,0.57856,1.0468,-0.60533,-0.45981,0.33325,-0.71324,0.10457,0.17665,1.0967,-0.18521,0.055483,-0.15405,1.0731,-0.90843,0.15553,-0.055608,-0.26106,0.56078,-0.052531,-0.3135,0.11971,-0.013832,-0.29647,0.082396,0.18956,0.61528,-0.27628,0.58653,0.51975,0.32881,0.23358,0.020334,0.26477,0.2338,-0.17219,-0.42432,0.25389,0.16731,-0.19747,-0.47863,-0.1153,0.33189,-0.23033,0.088869,0.0021459,0.28856,0.063777,-0.34913,0.31723,-0.29747,1.0332,-0.095114,0.35804,-0.23729,0.61071,1.2809,-0.14477,-0.27003,-0.42755,1.0944,-0.28132,-0.95848,-0.01175,0.49661,0.076483,-1.2937,1.0805,-0.13851,-1.4931,-0.078044,-0.31431,-0.15872,-0.35967,-0.019079,-0.30523,1.5881,-0.14452,-0.24828,0.023392,0.7644,0.052327,-0.07583,0.13492,0.29194,0.63916,-0.40277,0.38276,0.051919,0.045927,-0.14904,0.048183,0.29264,-0.5497,0.039556,0.23178,1.8429,-0.02184,0.23501,-0.5398,-0.14934,0.13859,-0.10933,-0.034605,-1.9748,0.20909,0.65542,0.15473,0.36977,-0.0099747,0.012687,0.085473,0.044077,0.54804,0.78615,0.58998,-0.087482,0.040034,0.44185,0.22286,-0.43181,-0.43037,-1.0562,-0.12105,0.93674,-0.11084,-0.26339,0.20074,0.040801,-0.42265,-0.29031,-0.53605,0.0372,-0.32508,-0.055253,-0.031076,-0.11613,0.12418,-0.55344,-0.34527,-0.14444,-0.29959,1.4973
TCGA-04-1348-01A-21-20,OV,Primary,35,-0.026592,0.17374,-0.13333,0.081989,0.34365,-0.28057,-0.37543,0.032848,-1.2029,-0.89889,-0.1884,0.79127,0.078225,0.29097,0.42714,-0.22423,-0.23432,-0.60588,0.15906,-0.042866,0.1674,0.22428,0.40955,0.038198,-0.29941,0.08398,0.49155,0.35919,-0.039103,1.7634,-1.0986,0.18714,-0.27309,0.42202,-0.0095402,0.0055637,0.19703,0.28582,0.064026,0.94567,0.10477,2.229,-0.11811,1.0589,-0.013269,0.11287,0.72084,-0.50429,0.67041,-0.53455,-0.19876,0.018104,-0.14827,0.62688,-0.29909,-0.26072,-0.2016,-0.2016,0.52689,-0.22188,0.13032,-0.62116,-0.60879,-0.36507,0.0060705,-0.21222,0.011323,1.0864,0.075925,-0.21181,-0.21117,-0.20206,0.13371,0.51325,0.14671,0.2048,-0.098386,-0.45967,-0.050288,0.24977,0.3741,0.25559,-0.1192,-0.33857,-0.22152,-0.28746,0.29823,-0.24392,0.19501,-0.054636,-0.86448,0.72017,0.23357,0.14779,0.15275,0.1049,-0.57966,0.092727,-0.26761,0.11188,0.51782,-0.6321,-0.15504,0.00092159,-0.058093,-0.16864,0.46072,0.19891,0.25589,0.3808,0.017885,0.45102,0.32701,0.14771,0.51962,-0.31304,-0.03476,-0.69103,-0.059796,-0.7085,0.67022,0.48634,0.12811,1.4837,-0.066564,-0.30289,0.32545,-0.22576,-0.6031,-0.25594,0.013004,0.25608,-0.029352,-0.23501,0.17671,-0.61197,0.070103,0.33336,0.0047316,-0.21637,-0.38116,-0.41915,0.20097,-0.50194,-0.0037029,1.1912,-0.010386,0.39186,-1.373,-0.069907,-1.6464,0.26158,-0.097663,-0.19324,0.30378,0.093819,0.058918,0.49332,-0.31657,-0.3794,0.13225,-0.33794,0.2976,-0.033906,0.0080688,0.40561,0.77547,-0.52651,-0.023743,0.045822,-0.22901,0.022622,-0.049391,-0.43252,-1.2073,0.83448,-0.42667,0.11958,0.032338,1.3076,0.94636,0.40584,-0.13303,-0.10478,-0.0077253,-0.16021,0.41662,0.24385,0.24588,0.10146,-0.14743,0.18073,0.19164,0.015033,0.15,0.12179,0.555,-0.019756,0.084878,0.24463,0.45969,0.23764,-0.059567,0.66269,0.15052,1.0411,-0.028895,-0.0089422,-0.1376,0.12234,-0.34778,-0.096923,-0.32581,0.072442,-0.12815,-0.44281,0.2569,-0.009775,0.19346,-0.1034,1.8401,-0.3944,0.097303,0.34369
TCGA-13-1410-01A-21-20,OV,Primary,35,0.026909,-0.17483,-0.13945,-0.39312,0.46425,-0.42476,-0.28512,0.28594,-1.0822,-1.068,-0.48851,0.27866,0.47858,1.3661,0.31616,-0.21565,0.23143,-0.65548,0.47743,0.0060559,0.30637,0.092349,1.6413,0.11699,-0.38033,0.027176,0.58863,0.021058,-0.10929,0.16004,-0.37737,0.11488,-0.31315,0.26554,0.018696,-0.035591,1.0747,0.34861,0.19349,0.43888,0.37593,0.98747,-0.055289,1.705,-0.31429,0.65901,-0.3994,-0.72808,0.26302,-0.20817,-0.14911,-0.061679,-0.10555,-0.0056587,-0.49467,0.12237,0.868,-0.14235,1.087,-0.22026,0.099182,-1.118,0.14118,-0.016678,0.49281,-0.27391,0.48253,2.4071,0.14258,0.20082,0.086363,0.11327,0.48289,-0.032934,-0.23371,0.41679,-0.088657,-0.3409,0.051264,0.26933,0.10748,0.040825,0.15665,-0.53291,0.083591,-0.21136,0.17686,-0.014417,0.10482,0.042069,0.033188,-0.21808,-0.12709,-0.050452,-0.29166,0.15588,0.23749,-0.078007,-0.45405,0.15684,0.28324,-0.2896,-0.31473,-0.055945,-0.0078446,-0.22467,0.82877,0.24955,-0.23845,0.07476,-0.052592,-0.078689,0.05235,0.18309,0.20995,-0.44526,-0.16475,-0.56465,-0.10665,-0.43299,0.31687,1.316,0.037372,0.99355,0.14516,0.33004,0.41552,0.25125,0.29666,0.14131,-0.27427,-0.065331,0.16693,-0.169,0.097133,-0.054928,0.021284,0.46968,-0.19985,-0.095048,-0.41948,-0.24721,0.39409,-1.0558,0.25704,0.5952,-0.11016,-1.5712,-0.99938,-0.11615,0.15678,0.39892,-0.16229,-0.84601,0.61453,0.056756,-0.26066,0.55035,-0.32563,-0.27714,-0.18129,-0.073143,-0.13939,0.072924,-0.039273,0.099229,0.96619,0.36274,0.029775,-0.0049124,-0.11887,0.0091621,0.093221,-0.030097,-0.60639,0.32234,-0.35484,0.42467,0.060066,0.063099,0.31928,-0.0033067,0.12553,-0.051814,0.048954,-0.11482,-0.040766,-0.18851,-0.3889,0.47827,-0.19195,-0.010552,-0.022159,0.030839,0.13333,0.39959,0.23583,-0.1037,-0.00072951,-0.79896,-0.018617,0.16049,0.21974,0.35328,0.72944,0.92329,-0.1913,0.17486,-0.28315,0.052426,-0.35578,0.060703,-0.1092,0.0097303,-0.018344,-0.45245,0.035709,0.011382,0.18094,-0.28884,1.1049,0.024079,-0.04675,0.66359
TCGA-36-2542-01A-21-20,OV,Primary,35,0.23117,-0.67262,-0.64464,-1.6898,0.8171,-0.9323,-0.44722,-0.15278,-1.2401,-0.9924,-0.044966,1.1051,-0.31571,0.92665,0.83801,-0.33797,-0.40901,-0.80656,-0.090338,0.053395,0.19849,-0.21926,0.022822,-0.373,-0.28742,0.032578,-0.22413,0.14111,-0.25904,-0.70826,-0.936,0.19673,-0.36443,-0.46042,0.057853,-0.2113,-0.24565,0.13986,0.18028,1.1916,0.31356,-0.84201,0.029306,0.36422,-0.089021,0.90448,0.11585,-0.57617,0.23075,-0.19468,-0.22855,0.017081,0.1504,2.3534,0.10701,-0.29464,0.81893,-0.17943,0.41334,-0.2935,-0.11425,-1.6782,-0.38007,-0.26732,-0.02892,-0.17434,0.32296,1.3298,-0.44499,-0.69057,0.037933,-0.08457,-0.29254,-0.13434,0.23562,-0.6878,0.099908,-0.7772,-0.21424,0.13715,-0.14337,0.15651,0.66213,-0.06307,0.45722,-0.097735,0.21755,-0.2467,0.056733,0.13171,-0.1038,0.48723,0.093894,-0.2943,-0.31958,-0.27897,0.32024,-0.28104,0.55043,-0.14609,0.34755,-0.051176,0.85575,0.11162,-0.21071,-0.42719,0.62697,0.047856,-0.21551,-1.4338,-0.73786,-0.079376,-0.17501,0.055869,0.39656,0.06941,-0.046428,-0.4941,-0.28087,-0.74858,-0.29488,-0.25867,-0.17669,2.3577,0.11878,-0.036034,-0.00079066,0.020824,-1.2735,-0.073496,0.055453,-0.42681,0.29693,0.18144,-0.00058542,0.29234,0.048356,0.36023,-0.13436,0.025393,-0.068095,-0.32757,0.37995,-0.55119,-0.028147,0.29111,0.32885,0.64928,-0.80195,0.3172,-1.0986,0.18417,0.15284,-0.65825,-0.070199,-0.093072,-0.00078509,-0.063764,0.52831,0.36291,-0.25339,0.10742,0.7276,0.11683,0.11571,-0.048547,0.01346,0.25334,-0.039647,0.12249,0.24087,0.12125,0.30074,0.038757,0.18092,0.1877,-0.21256,2.8286,-0.075346,-0.96838,0.92947,0.24112,0.35429,0.46174,0.30896,0.38236,0.17173,0.44796,-0.079051,-0.12688,0.44429,-0.13665,0.11932,0.051027,0.15651,0.53065,-0.28807,-0.18659,0.017206,1.0451,0.051997,-0.057775,0.12109,-0.13554,0.34321,0.10567,0.21722,0.38482,0.076369,0.10243,-0.0037344,-0.20066,-0.024483,0.13643,0.026062,0.25685,-0.20755,0.14079,0.25691,0.022203,0.24015,-0.10203,0.35225,-0.10341
TCGA-36-2552-01A-21-20,OV,Primary,35,0.20719,-0.4587,0.041355,-1.0613,1.4742,0.64591,0.64461,-0.27228,-0.98699,-1.1332,-0.20861,0.76396,-0.19757,-0.12138,1.4478,-0.11873,-0.2358,-0.55754,-0.0035897,-0.18425,0.7557,-0.17952,0.74292,-0.26096,0.12623,0.053465,-0.37018,-0.26898,-0.2973,-0.94828,0.25263,0.40325,-0.35643,-0.052212,0.11873,-0.17123,0.20767,0.15546,0.13322,1.6755,0.3199,0.54573,-0.020251,-0.50195,-0.35049,0.17439,-0.15543,-0.83449,-0.28242,-0.12162,-0.0060604,0.024773,-0.10512,0.046161,-0.40719,-0.27061,0.88969,0.14049,1.0722,-0.12909,0.23665,-1.5866,0.22937,0.023195,0.49091,-0.056945,0.75017,2.3827,-0.89324,-0.41564,-0.21689,-0.27587,-0.2005,-0.76457,-0.30395,-0.53817,-0.011322,-0.74814,-0.17496,0.21674,0.3482,0.061209,1.794,-0.73649,-0.46658,-0.077644,0.52029,-0.52377,0.1574,-0.049994,-1.4342,-0.020401,0.38998,0.037967,-0.051939,-0.13527,0.61843,-0.26125,0.23225,-0.32224,0.28372,-0.29844,0.23833,0.073211,0.24018,-0.38035,0.83456,0.33961,0.12497,-0.3081,0.511,-0.16097,-0.11714,0.18431,0.26841,-0.40898,-0.09868,-0.28082,-0.17016,-0.30044,0.1152,0.044087,0.17968,1.0701,0.35615,-0.62565,0.36911,0.12984,-0.36131,-0.10228,-0.3203,-0.19733,-0.072488,0.14373,0.53469,-0.14218,-0.08485,0.47038,-0.022553,0.069728,-0.30235,0.23246,0.11588,-0.5536,-0.011279,0.67945,-0.057599,1.2696,-0.94461,0.65702,-1.0222,0.10477,0.47054,-0.39098,0.028239,-0.094573,-0.1602,0.67055,0.61605,0.55447,-0.60499,-0.6889,0.68357,0.33621,0.54132,0.30821,0.28281,0.18415,-0.033871,0.23418,0.34377,0.057109,-0.12843,-0.47738,-0.17779,0.083501,-0.14612,3.2109,-0.079581,1.0154,-0.12456,0.19522,-0.057877,0.50609,0.42959,0.089407,-0.066832,0.82365,0.68952,-0.26247,0.32301,-0.019769,0.18922,0.070245,1.0307,1.3891,0.12001,-0.037148,0.072074,0.98743,-0.014513,-0.011686,-0.04376,-0.15602,0.2779,0.9805,0.21556,-0.32687,-0.32012,-0.23692,-0.3526,-0.18295,-0.011288,0.16307,-0.039202,0.36161,-0.066231,0.016913,-0.51708,-0.27151,-0.40199,-0.10772,0.053507,0.74074
TCGA-61-2612-01A-21-20,OV,Primary,35,0.027142,-0.079698,-0.14074,0.5856,0.37862,-0.26356,-0.40977,-0.063047,0.31772,-0.49113,-0.55664,0.24773,-0.54075,-0.26297,0.89458,-0.25536,-0.23233,-0.19456,-0.010405,-0.23031,0.13945,-0.058927,0.61728,0.43923,-0.23551,-0.094403,0.2669,-0.10802,-0.099222,0.26607,-0.16558,-0.059088,-0.48716,0.18221,0.04,0.058158,-0.044221,0.25388,-0.070421,1.2394,0.74194,1.6476,-0.032806,0.41056,-0.32806,0.40467,-0.46557,-0.72607,0.084331,0.10654,-0.018958,-0.15761,-0.0061236,-1.491,-0.49926,-0.14984,1.6104,0.15649,1.016,-0.53626,0.2876,0.55768,-0.14816,0.096239,-0.12339,-0.25215,1.0282,2.7896,-0.54547,-0.032675,0.70531,0.13651,-0.32872,0.28332,-0.20799,1.6119,0.16993,1.0802,0.065225,0.2844,0.21495,0.093192,0.14182,1.1662,-0.36906,0.087183,0.13629,0.023297,0.02632,0.14495,0.61591,0.33248,0.18694,0.66781,0.15797,1.7007,0.067477,0.10721,-0.30084,0.16601,0.20631,-0.59276,-0.28288,-0.061255,-0.13948,0.13211,0.396,0.38147,-0.17725,0.49396,-0.43984,0.67292,0.60468,0.11068,0.067046,-0.36261,-0.33162,-0.26538,0.21118,0.26062,-0.066362,0.13147,0.064353,1.0436,-0.16005,-0.26967,0.0026203,-0.18688,-0.26259,-0.096432,0.18289,-0.10946,0.11617,-0.16745,0.10438,-0.29604,0.47925,0.16365,-0.15922,-0.14343,-0.51372,-0.71473,0.38266,-0.82668,0.28797,0.87317,-0.067144,0.73512,-0.034579,-0.11837,-1.0584,0.43791,-0.1759,0.46163,0.38656,0.14227,-0.55736,0.19848,0.034007,-0.041299,0.27159,0.42455,-0.093913,0.035266,-1.0849,0.31432,0.42535,0.2148,0.16648,0.044511,-0.048591,0.025462,0.20679,0.40426,-0.52739,0.49469,0.1418,1.7225,-0.11693,1.2532,-0.071343,-0.22856,0.1539,-0.068,-0.023286,0.012976,-0.18647,0.30597,-0.18619,-0.3421,-0.26872,-0.075403,-0.12909,-0.1268,0.32379,0.39716,-0.73834,-0.16239,-0.091111,-0.129,-0.31204,0.36688,0.34734,0.2016,-0.12982,0.38944,-0.24163,-0.14386,-0.30707,0.1334,-0.36688,-0.38848,-0.38142,0.019962,-0.21478,-0.97893,-0.27048,-0.11849,-0.002849,-0.41291,-0.023632,0.023218,-0.18063,-1.4101
TCGA-13-0793-01A-03-20,OV,Primary,35,0.075373,0.10319,0.27837,1.4111,0.086719,0.20768,0.28017,-0.65693,-1.0814,-1.0249,-0.083634,0.73259,0.28549,1.6501,1.5212,-0.25275,0.47464,-0.28812,0.10508,0.0076162,0.90139,0.031332,0.178,-0.5632,-0.4429,-0.016187,0.24819,-0.027338,-0.12411,0.004438,-0.38326,-0.040188,-0.3827,-0.21511,0.020723,-0.22629,1.2557,0.11424,0.42352,-0.62893,0.76416,0.072173,-0.1161,0.52431,0.26406,0.17226,-0.43544,-0.13452,0.05865,-0.13505,-0.63209,-0.091549,-0.43152,0.36996,-0.49835,2.0811,0.34729,0.0086267,0.41847,-0.20123,0.4871,-1.6364,-0.56814,-0.46863,0.49309,-0.28915,0.73296,1.2552,0.75694,-0.28708,-0.21821,-0.35649,0.44948,0.31024,0.053526,-0.30193,-1.5805,-0.56573,0.052763,0.20336,0.12995,-0.20735,0.89499,-1.5913,0.85127,-0.28935,0.2307,-0.55534,0.11966,0.14142,-1.1278,-0.28327,-0.28616,0.08984,-0.4109,1.1539,-0.42201,-0.054712,-0.32661,1.8283,0.82263,-0.13641,0.064744,-0.070922,-0.1629,-0.42892,0.80922,0.17402,-0.052185,-1.5047,0.77537,0.68321,0.86114,0.048919,-0.047125,-0.57127,-0.20731,-0.39476,-0.27222,-1.7529,0.1116,-0.047067,0.046899,1.089,-0.98268,-0.044715,-0.14382,0.18949,1.316,0.14833,0.019804,0.2671,0.087896,0.12349,-0.67815,-0.64307,0.076998,-0.4981,-0.22951,-0.030536,-0.13769,-0.27591,0.046425,-0.13166,0.50224,-0.10646,0.33985,0.1727,-1.4831,-0.014656,1.6129,0.33976,-9.8661e-05,-0.78095,0.46937,-0.16965,0.0022168,0.44494,-0.078721,0.097288,0.65365,-0.13035,0.443,0.038088,-1.112,0.27219,0.50214,0.33299,0.0032701,-0.10194,0.030103,0.47936,0.29998,0.51308,-0.49361,0.56499,-0.33469,3.4762,0.034107,0.5522,0.48421,-0.13134,0.44918,-0.080739,0.015865,0.027051,-0.011502,0.2785,-0.021785,-0.43681,-0.21528,0.014044,0.12174,-0.039499,0.23581,0.21769,-0.51941,-0.13978,0.010582,-0.36515,-0.36659,0.33987,0.35683,1.0672,-0.10811,-0.36153,-0.66826,-0.25165,-0.034074,0.21868,-0.20365,-0.26606,-0.090908,-0.12694,-0.214,-0.75817,-0.56891,-0.15223,0.078591,-0.33152,1.9591,-0.75397,-0.3306,0.45245
TCGA-13-0887-01A-21-20,OV,Primary,35,0.20582,-0.10367,-0.32565,-0.22233,-0.79572,-0.12306,0.086341,0.20011,-0.84253,-0.82282,-0.085429,0.66457,-0.35589,1.1225,0.75927,-0.2085,-0.024506,-0.58182,0.43284,0.25533,0.17053,-0.09038,0.76575,0.58182,-0.44377,-0.011883,0.05625,-0.14504,-0.16425,-0.18633,-1.4607,0.12349,-0.11052,0.10036,0.13103,0.10467,0.26481,0.33859,0.25761,1.2836,0.0056556,0.5255,-0.20476,1.3604,-0.10107,0.26677,-0.037405,-0.050058,-0.26451,-0.47694,-0.24227,-0.099751,0.076587,0.54302,-0.046675,-0.25506,0.57879,0.08039,0.92751,-0.024533,0.04977,-0.79748,-0.5383,-0.25763,-0.28527,-0.24307,-0.51591,1.7272,-0.27566,-0.28435,1.0187,0.23695,-0.058842,-0.017301,0.076515,0.42154,0.20911,-0.13392,0.10211,0.22256,0.023153,0.061758,0.64787,0.55848,-0.47086,-0.31125,0.34054,-0.25658,0.16879,0.077846,0.10974,-0.11897,-0.40771,0.85079,-0.1498,0.75692,-0.56467,0.40445,-0.63391,-0.093877,0.84019,-0.81996,-0.39432,-0.064221,-0.044791,-0.26838,0.37584,0.13814,-0.034426,0.12455,-0.29136,1.0287,1.1949,0.28644,0.07578,-0.49462,0.021007,-0.55509,-0.020101,-0.13334,0.20521,-0.56154,0.064221,1.561,-1.4409,-0.49235,0.23578,0.30593,0.12212,-0.37518,0.26808,0.065444,-0.025225,-0.25751,-0.22435,0.16741,0.32077,0.15241,-0.29291,-0.22125,-0.48768,-0.51959,0.079836,-0.8054,0.066481,0.52087,0.12387,0.40653,-0.59509,0.48025,-1.6643,-0.079582,-0.099759,-0.013575,0.075605,-0.099989,-0.24035,0.028011,-0.0058122,-0.38834,-0.3662,-0.15327,0.22256,-0.03069,-0.10818,-0.098557,0.51458,-0.30718,-0.051076,0.19636,-0.12251,-0.22878,0.046775,-0.12415,-0.73699,0.9064,-0.39899,2.8818,-0.22282,-1.1763,0.62048,0.10354,-0.36265,-0.018653,0.060669,1.1184,-0.051938,0.16861,0.13807,-0.006183,0.057556,0.04479,0.093483,-0.079875,0.25731,0.49246,-0.030051,-0.17967,0.15956,-0.49417,0.13694,-0.2269,-0.061759,0.60767,0.17943,0.47996,0.059308,0.018816,0.245,0.15476,-0.35736,-0.13912,-0.10754,0.086359,-0.15592,-0.45369,0.5932,-0.04897,0.19751,-0.49709,1.9563,-0.31476,-0.064613,0.2411
TCGA-13-0910-01A-21-20,OV,Primary,35,0.15415,0.46726,-0.3858,-0.90418,-0.57909,-1.4983,-1.5705,-0.71885,-1.4769,-0.6221,-0.23398,0.099281,0.0051392,0.145,-0.16863,0.046914,0.11665,0.24716,-0.1456,0.084893,-1.2355,0.18982,0.82101,-0.19857,-0.095023,0.2079,0.06627,-0.3168,-0.021887,-0.42282,-0.20829,0.24917,0.099224,0.14235,0.048449,0.039507,0.12563,0.27163,0.21571,0.34402,0.34357,1.0492,0.11099,0.62102,0.57969,-0.17621,-3.0062,-0.81457,-0.194,-0.054213,-0.22878,0.14351,-0.40855,0.74846,-0.40487,-0.019516,-0.38526,0.12991,0.46507,-0.091838,0.049415,-1.8824,-0.61176,-0.19571,0.32836,-0.073798,1.1362,0.40195,-0.41848,0.049527,-0.17995,0.016557,-0.058825,0.51011,-0.089109,-1.4104,-0.93039,-0.71756,0.035053,0.38485,-0.34524,-0.37388,0.42833,-1.3519,-0.76421,-0.096045,0.067411,0.61748,0.23628,0.21056,-1.8286,0.22448,-0.43636,0.036841,-0.3845,-0.42292,0.030919,0.69899,-0.38074,0.53018,0.47908,-0.22365,0.32615,0.21008,-0.20736,-0.31039,-0.37848,-0.39641,-0.0087494,-1.6516,-0.20733,-0.6086,-0.88342,0.072787,0.12005,-0.2836,-0.037332,-0.36341,-0.084406,-2.2801,-0.50858,-0.84658,1.2241,0.68909,-1.0992,-0.79908,0.68583,0.20248,-0.73416,-0.36496,-0.098484,-0.18125,0.10719,0.13523,0.070811,-0.23513,-0.076516,-0.050885,0.050948,0.045487,0.053067,-0.012876,-0.63526,-1.4613,-0.40276,0.10167,0.37102,-0.27312,-2.1628,0.076816,-1.625,-0.53153,0.19034,-0.79715,0.1519,0.084268,-0.28191,0.31846,-0.051576,-0.051822,-0.004943,-0.29845,0.34169,0.27927,-0.061037,-0.21514,0.24326,-0.86943,-0.020837,-0.065823,0.20939,0.16138,0.056921,-0.0098713,-2.2648,0.28081,-0.33217,1.1986,0.077063,0.22359,-0.0647,0.21134,0.39682,0.25553,0.24805,0.078037,-0.13798,0.75546,-0.047783,-0.14511,0.23255,-0.017083,0.13619,-0.11915,0.97299,1.0702,0.31155,-0.072979,0.15599,0.71128,-0.028249,0.14032,-0.43641,0.86875,0.59116,0.92705,-0.11787,-0.20708,-0.073957,0.45806,-0.33973,-0.011374,-0.076686,0.01351,-0.70607,-0.39347,-0.19455,0.12255,0.20223,-0.3181,1.8356,-0.51448,0.021309,1.5525
TCGA-10-0931-01A-21-20,OV,Primary,35,0.075017,-0.036715,-0.19993,0.25295,0.57437,0.044508,-0.003794,-0.19093,-0.03383,0.48178,0.3662,0.41526,0.28486,0.66675,1.0135,-0.39839,-0.63629,-0.38319,-0.098137,0.017925,0.1247,0.022563,-0.2516,0.10752,-0.46777,0.078088,1.2326,0.33203,0.26178,-0.70848,-1.1298,0.10465,-0.35923,0.21491,0.11954,0.046102,-0.010244,0.21099,0.3886,1.0803,0.0098123,0.54911,0.01266,0.76431,0.31873,0.30475,0.72413,-1.0509,0.17295,-0.64826,-0.36661,-0.086374,-0.20748,1.984,0.21377,-0.31419,-0.47136,-0.27648,1.4505,-0.24096,-0.085945,0.39742,-0.19889,-0.31375,0.019274,-0.24652,0.1273,0.26096,-0.82945,-0.2115,0.063037,-0.17975,0.0049146,-0.22525,-0.1876,1.0466,-1.5468,1.1306,-0.25174,0.15706,0.43684,0.42852,0.5162,0.0075199,-0.21074,-0.5799,0.058973,0.064344,0.10497,-0.064169,1.1603,-0.15502,1.3589,0.49877,0.10629,-0.63873,-0.13904,0.33814,0.10023,0.061278,0.3405,-0.023541,0.60213,0.1781,0.33901,-0.0070422,0.29837,-0.27896,0.065118,2.1888,-0.21804,-0.032455,0.21642,0.23081,0.038349,-0.47444,-0.074285,-0.8551,-0.019517,0.018461,0.26373,0.10889,0.27498,1.0051,-0.072833,-0.3971,0.17477,0.23174,1.047,-0.44278,0.12836,-0.13465,0.48608,-0.0042403,-0.13116,0.28085,0.61538,0.33614,-0.12509,-0.1725,-0.45386,-0.86852,-0.14742,0.1971,0.14617,0.96693,0.069722,0.82717,-0.21883,0.12915,-1.1812,0.17699,-0.081731,-0.098872,-0.22597,-0.078928,-0.059035,0.66382,0.0054225,-0.078333,-0.32377,0.53835,0.69362,0.049421,-0.050665,0.63077,0.69904,-0.093635,0.25235,-0.036015,0.067477,-0.21365,0.17274,-0.40426,-1.3871,0.49561,0.16306,2.7152,-0.15702,0.87523,0.23313,0.14587,-0.058646,-0.061031,-0.0043982,-0.27736,-0.40918,0.42936,0.90075,0.26318,-0.0011638,0.041162,0.23369,-0.055198,0.63037,0.62514,-0.296,-0.19034,-0.11588,1.0892,-0.23953,-0.58387,-0.19822,0.83146,0.30131,-0.087811,-0.063954,-0.10849,0.40653,0.24434,-0.2552,-0.27231,-0.39959,0.041559,-0.16404,-0.039843,-0.098094,-0.047965,0.29627,-0.46615,-0.62968,-0.34743,-0.27477,0.27905
TCGA-25-1322-01A-21-20,OV,Primary,35,-0.014439,-0.59391,-0.27254,0.11385,-0.2372,-0.80362,-0.85524,0.3954,-0.17289,-0.96552,-0.3773,0.51703,0.59051,-0.38734,0.62679,-0.41264,-0.50255,0.25184,-0.18273,0.03175,0.11698,0.012439,0.63141,0.50694,1.075,0.078483,0.7209,0.0074497,0.022059,-0.60216,1.9132,0.16716,-0.45171,-0.009915,0.082965,-0.12412,0.44912,0.32215,-0.16075,0.0082847,1.5638,0.36766,-0.084953,0.39047,0.11514,-0.019306,-0.24478,-1.4001,-0.34058,-0.12664,0.24238,-0.064517,-0.26141,1.0848,-0.31349,-0.002332,-0.089352,-0.15758,1.2306,-0.539,-0.31212,0.1055,-0.44479,-0.093535,0.86278,-0.086538,0.46044,1.1584,0.21854,0.36885,0.11296,-0.018511,0.068437,-0.41358,0.012233,0.95553,0.51256,-0.15626,-0.24881,0.24943,0.13517,0.59498,-0.0025844,0.18264,-0.084581,-0.27306,0.27079,0.89053,0.16135,-0.36906,-0.30374,0.17769,-0.25213,0.64016,0.14724,-0.24825,0.13678,-0.372,-0.54694,0.14025,0.06673,0.60983,0.97277,0.13596,0.12032,0.11645,0.56715,-0.34948,-0.19727,0.092394,-0.52347,1.0968,0.73051,0.15528,-0.044404,0.039495,-0.02491,-0.23638,0.17325,0.42225,1.0118,0.94981,0.17831,0.73834,0.20875,0.055432,-0.2555,0.1134,0.83662,-0.031059,0.053966,-0.18562,-0.018701,-0.27351,0.052984,-0.3407,0.329,0.0032831,-0.30593,-0.08908,-0.41629,-0.14553,-0.010278,-1.4043,0.15543,0.45855,0.039702,-1.5504,-0.16242,-0.070088,2.4776,0.17993,-0.13895,1.1594,-0.017197,0.37873,-0.34008,1.175,-0.21265,0.023413,-0.1647,0.26533,-0.16205,-0.06039,-0.98445,0.1239,0.31899,0.71749,0.46717,0.014796,-0.22079,-0.22182,-0.085263,-0.58752,-0.0026656,0.016408,0.3107,1.5803,0.19021,0.46117,0.1815,0.20229,-0.1056,0.091938,0.050771,0.33448,-0.44001,0.007488,-0.45507,-0.11374,-0.098415,0.09448,-0.15412,-0.062522,0.13267,0.48957,-0.32124,-0.079115,-0.22405,-0.33801,-0.11855,0.052732,-0.16688,-0.5449,0.53795,0.80674,-0.15158,-0.24067,-0.15806,0.026103,-0.29636,-0.18247,0.14669,0.024649,-0.34349,-0.56655,-0.56317,0.17023,-0.22742,-0.22789,1.4494,0.34065,-0.13301,-0.32225
TCGA-04-1349-01A-21-20,OV,Primary,35,-0.040558,0.44113,-0.26195,1.1695,0.68193,-0.56661,-0.758,-0.081168,-0.66081,-0.53196,-0.26567,0.093048,-0.15618,0.13399,0.53641,-0.28135,-0.27062,-0.20787,0.18786,0.039517,0.4593,-0.16078,1.0194,0.3478,-0.35098,-0.037311,0.79048,0.067092,-0.075183,0.25871,0.030441,0.12781,-0.34227,-0.09187,-0.18683,-0.21904,0.15289,0.13776,0.06385,0.79619,0.4037,-0.68614,-0.13879,0.37423,0.24413,0.39113,-0.50084,-0.94504,-0.075687,-0.34937,-0.36525,-0.19456,0.29213,2.3851,-0.21872,-0.21902,0.11446,0.040622,0.63133,-0.22965,-0.3614,-0.72293,-0.20773,-0.31607,0.43334,-0.25426,-0.7499,-0.59271,0.80632,-0.41849,0.28784,-0.005881,-0.10545,0.59478,-0.18262,0.82605,-0.18404,-0.065494,-0.31479,0.15526,-0.01637,0.21191,-0.022611,0.07357,0.12442,-0.4034,0.16747,0.12214,0.11346,0.069412,-0.027841,0.71078,-0.45946,0.063887,0.12052,-0.17733,0.088711,-0.23227,-0.32871,0.37823,0.74022,-0.46605,0.19236,0.10631,-0.18066,-0.15859,0.40183,0.33751,-0.37887,-0.29862,-0.52422,0.41705,0.45054,0.12679,0.26242,-0.23428,-0.089959,-0.72035,-0.23847,-0.25586,0.68868,0.21527,-0.21553,0.93801,-0.12681,0.20947,-0.015937,0.18262,0.53747,-0.051099,-0.12135,-0.0022845,0.19126,0.012036,0.17874,-0.53847,0.58456,0.33445,-0.13899,-0.13087,-0.6607,-0.28021,0.049076,-1.5428,0.17248,-0.33378,-0.027125,-1.0747,-0.50174,-0.0026382,0.47178,0.42049,-0.053704,0.44931,-0.037969,0.070064,0.095408,1.47,-0.15419,-0.054329,-0.0071417,0.12575,0.35397,0.041865,0.1537,-0.084742,0.39556,-0.14393,0.058706,0.12939,-0.2486,0.081185,-0.22367,-0.30833,-1.019,0.26294,-0.23493,3.2105,0.079747,0.5426,0.18934,0.10735,0.62434,0.13914,0.1392,-0.20687,0.22926,0.029311,0.085335,-0.065813,0.13722,-0.054817,-0.22031,-0.071312,0.081654,0.22127,-0.22608,-0.17515,-0.13089,0.33741,-0.014561,0.12239,0.052082,0.19034,0.223,1.0389,-0.12713,-0.041507,-0.12522,0.099692,-0.35185,-0.14073,-0.031068,0.045418,-0.27854,-0.20363,-0.2581,0.03331,0.16594,-0.16781,0.24351,-0.11292,0.020343,-0.078578
TCGA-13-1411-01A-21-20,OV,Primary,35,0.12247,0.19992,-0.1237,-0.09797,-0.45108,-0.6993,-0.13674,-0.46469,-0.85017,-0.80126,-0.54674,0.1327,-0.28078,0.56045,-0.21441,-0.12444,0.10436,-0.43064,-0.04345,-0.03196,-0.19251,0.078461,0.51036,0.17049,0.062339,0.015431,-0.29373,-0.28025,-0.080058,1.4254,0.4073,0.18371,-0.11633,0.022394,0.30731,-0.079052,-0.092056,0.25587,-0.17122,0.66294,0.70199,0.41477,0.095888,0.28623,0.11245,0.33241,-0.6802,-0.4411,0.11803,-0.35859,-0.08323,-0.066842,0.38036,-0.45952,-0.50947,-0.36307,0.95843,0.15218,0.36963,-0.026961,-0.10742,-1.1734,-0.61404,-0.077976,-0.21731,-0.12484,0.94387,2.3593,-0.78376,-0.048573,0.35636,-0.10262,-0.66428,0.61069,-0.0104,0.62745,0.21977,-0.44153,-0.053805,0.23888,-0.092815,0.095041,0.89838,-0.26995,-0.36161,-0.040265,0.10801,-0.020079,0.059337,0.29022,0.32272,0.56753,-0.10526,0.0078427,-0.24859,0.73933,-0.25517,-0.02088,-0.019138,0.51575,0.1059,-0.69163,-0.19341,-0.13483,-0.1957,-0.19972,0.78263,-0.48865,-0.13608,-0.14875,-0.74888,0.29317,0.056537,0.19644,0.11431,-0.2096,-0.15033,-0.31909,0.19797,0.073794,0.11176,-0.92626,0.22171,0.64069,-0.61578,0.084195,-0.087294,-0.053871,-0.30381,-0.28796,-0.039021,0.024946,0.17259,0.12906,0.26148,-0.21135,0.060706,0.036028,0.13038,-0.047623,-0.27571,-0.17354,0.15152,-0.32093,0.23562,0.02654,0.080997,1.1304,-1.0413,0.011129,-0.23411,0.67358,0.22429,-0.19104,0.44872,0.094706,-0.27049,0.093677,0.2984,0.15915,-0.11514,-0.81255,0.36314,0.074595,-0.61199,0.016749,-0.041905,-0.80993,0.048421,0.194,-0.1479,0.023511,0.16905,-0.15876,-0.72594,0.31352,-0.20225,2.1674,-0.13015,-0.96163,0.64893,0.087572,0.40584,0.16419,0.17671,1.1315,0.48584,0.087046,-0.28233,-0.26333,0.069477,-0.054668,0.24929,-0.1117,-0.50945,-0.44534,-0.4597,-0.12302,-0.013279,0.015875,-0.041686,0.29245,0.41859,0.34377,0.31844,-0.45678,0.062286,0.11065,0.14215,0.089264,-0.10006,-0.042828,0.056715,0.10157,-0.057025,-0.13225,0.15378,0.18763,0.025155,-0.18677,1.5489,-0.066998,0.2045,-1.4017
TCGA-36-2543-01A-21-20,OV,Primary,35,-0.045705,-0.0070831,-0.27606,0.32437,-0.84472,-0.31914,-0.0083857,-0.19519,-0.16066,-0.6949,-0.28256,0.26556,-0.66473,1.2711,-0.32705,-0.32939,-0.25153,-0.32592,0.074573,-0.059771,-1.2158,-0.2062,0.68374,0.31074,-0.33598,-0.036474,-0.16536,-0.17298,-0.041123,-0.011784,0.65914,-0.050014,-0.11748,0.17277,0.13872,-0.066242,0.15243,0.28968,-0.34445,0.82665,0.95097,1.1714,-0.14937,0.17921,-0.36032,-0.089967,-0.98068,-1.1662,-0.34946,-0.1139,0.042307,-0.14263,-0.089594,1.0505,-0.55592,-0.77334,0.27447,-0.22676,0.52315,-0.56112,-0.35718,-0.56626,-0.0032995,0.21756,0.12979,-0.19908,0.70388,0.211,-0.33374,-0.36643,0.34564,-0.098452,-0.78487,0.59004,-0.21825,0.7833,0.45761,0.26148,-0.070199,0.18178,-0.34189,0.15877,0.044027,0.49088,-0.52978,-0.13189,0.13037,-0.14028,0.017547,0.069138,0.57972,0.50396,-0.087365,0.64465,0.12305,-0.025325,-0.48915,0.073138,-0.32954,-0.42846,-0.0030627,-0.41269,0.40428,-0.027526,-0.25741,-0.14321,0.4261,-0.040786,-0.073236,-0.077781,-0.70293,0.69322,0.58127,0.19516,0.25148,-0.3763,-0.054117,-0.28849,0.33456,0.13714,0.37468,-0.068203,-0.035853,1.4624,-0.65831,-0.13892,-0.12573,-0.014697,0.11781,-0.022206,-0.030617,-0.10354,0.18649,0.064643,0.061082,-0.063399,0.17938,0.37938,-0.30801,-0.077508,-0.10334,-0.071434,0.091733,-0.22297,0.20643,0.17579,0.13317,-1.8025,-0.29615,-0.034221,7.1361,0.22577,-0.052931,-0.073527,0.1759,0.1043,-0.45896,0.63935,0.1137,0.35789,0.3032,0.1545,0.18825,0.077283,-0.39073,-0.078723,0.058537,2.1821,-0.017781,-0.016848,0.17746,-0.15281,-0.039986,0.6024,-0.16447,0.69368,-0.11157,0.72378,-0.035533,-0.33374,0.30751,0.079268,0.1918,0.2104,0.098467,0.28816,0.50259,0.18109,0.063366,-0.1478,-0.020103,-0.036366,0.16465,-0.083602,-0.19809,-0.26249,-0.14092,-0.24664,-0.066473,0.11777,-0.1772,0.42373,0.10559,0.94896,0.27477,0.5997,-0.081494,0.22347,0.016946,0.24157,-0.20592,-0.070644,-0.064658,0.046688,-0.3248,-0.43211,0.23925,0.040658,0.78504,0.086598,1.7294,0.14143,0.54667,0.086641
TCGA-42-2582-01A-21-20,OV,Primary,35,0.026272,-0.033817,-0.052918,1.1132,0.33163,-0.60628,-0.89372,-0.37003,-0.11927,-1.0308,-0.20533,0.55701,-0.3056,0.099655,0.21065,-0.2769,-0.31345,-0.36401,-0.18641,-0.12814,0.68752,-0.25288,0.22224,0.24929,-0.65561,-0.047958,0.70594,0.1754,-0.041545,0.11323,-0.38786,0.024552,-0.31885,0.27809,-0.0043213,-0.022023,0.53672,0.45493,0.041165,-0.035113,-0.029743,0.89958,-0.13696,1.4311,0.039731,0.10181,-0.01079,-1.0592,0.0038927,-0.21382,0.005727,-0.12329,-0.27313,0.67624,-0.48256,0.39493,0.94843,0.060087,1.2423,-0.44817,0.09713,0.19136,-0.48866,-0.12826,-0.023081,-0.21569,-0.53466,1.2426,-0.62917,-0.64912,0.17316,-0.59209,-0.071315,0.27274,-0.35209,1.3045,-0.65806,0.39291,-0.19736,0.094314,0.26668,0.50929,0.82044,-0.69366,0.098541,-0.56059,0.043644,-0.12597,0.14189,-0.22849,0.19827,0.54994,0.42351,0.86606,0.11795,1.1035,-0.041101,0.26474,-0.32532,0.01949,0.64767,-0.52365,0.23882,0.072211,-0.2603,-0.015869,0.27224,0.18136,0.17666,0.02753,-0.23912,0.88007,1.2945,0.18105,0.59168,-0.12189,-0.17895,-0.92637,0.10311,0.70712,0.43271,-0.28122,-0.064879,2.1188,0.076807,-0.022333,-0.32282,-0.13279,0.21338,-0.26331,0.15641,-0.22639,0.07303,-0.13377,-0.077724,0.058744,0.54192,0.16218,-0.5597,-0.18766,-0.10904,-0.25998,0.19295,-0.23145,0.27798,0.62636,-0.21361,0.40578,-0.12723,-0.057648,-1.2207,0.3142,-0.30072,1.714,0.1261,0.059449,-0.22577,0.52857,-0.013347,0.12536,0.090102,0.54903,0.31754,-0.21416,-0.87071,0.064094,0.49517,0.66618,0.2146,0.054828,0.044073,0.057682,-0.10524,0.24592,-0.70387,1.0035,-0.10639,3.8741,-0.21011,0.88487,0.42316,-0.14742,0.38441,-0.073195,-0.0075516,0.35024,-0.24243,0.54331,0.25818,-0.32963,-0.12162,-0.032824,0.099843,-0.053532,0.20207,-0.1447,-0.40335,-0.21356,-0.092224,0.84431,-0.1371,-0.20732,0.04269,0.23315,0.10565,1.0691,0.25566,-0.20641,0.050313,-0.083335,-0.29029,-0.28125,-0.25669,0.1813,-0.26332,-0.76864,-0.03651,-0.21497,0.45031,-0.34768,2.0866,-0.045793,-0.080221,-0.14507
TCGA-61-2613-01A-21-20,OV,Primary,35,-0.0074991,-0.18288,-0.016374,0.20807,-0.0067234,-0.66068,-0.7817,-0.01067,0.29106,-0.53529,-0.53687,-0.20579,-0.054002,-0.010606,0.34384,-0.049161,-0.024834,0.13161,-0.089335,-0.20447,0.66523,0.046197,-0.37601,0.13989,-0.13365,-0.1432,0.72714,-0.15463,-0.096529,-0.068312,1.3062,-0.30799,-0.25609,-0.23949,-0.02529,-0.19439,-0.26287,0.1817,-0.22185,0.45859,1.3668,-0.28808,0.078661,-0.07864,0.0084569,0.039318,-0.93087,-0.55494,-0.013325,-0.18875,0.012507,-0.061629,-0.16469,0.97685,-0.51328,0.1968,1.261,0.16268,0.39302,-0.33977,-0.20849,0.34839,-0.24438,-0.018577,1.1666,-0.13567,2.0652,1.8075,0.48252,0.14595,0.34103,0.047478,-0.32034,0.018634,-0.31524,2.1373,0.45046,1.3278,0.085476,0.22341,0.059553,-0.25876,0.48356,0.39583,-0.73332,0.056499,0.24934,0.034101,0.033755,0.075934,0.87057,0.40617,-0.12147,0.47979,0.29628,-0.067613,0.29384,-0.24634,-0.45807,0.099445,0.27973,0.23353,0.52977,-0.13898,-0.21907,0.12654,0.68069,-0.15676,-0.1832,-0.33317,-0.98611,0.19232,-0.10532,0.23305,-0.24507,-0.21763,-0.19727,-0.22648,0.10283,0.87295,0.23261,0.0092079,0.094582,0.12111,-0.35856,0.27205,-0.29454,0.0077456,1.0443,0.29254,0.092649,-0.11313,0.27317,-0.02515,-0.24955,-0.37074,0.4467,-0.1164,-0.17257,0.041165,-0.57785,-0.72407,0.40437,-0.82133,0.48122,-0.22626,0.10683,0.083092,0.23501,-0.14909,1.7758,0.12197,-0.066617,0.40746,0.33175,0.049213,-0.74449,-0.043073,-0.016437,0.040888,0.39496,0.80507,0.22972,0.25443,-0.34149,0.54576,-0.19359,0.11752,0.2842,-0.44481,-0.017831,0.056035,0.32827,0.8674,-1.1647,0.38079,0.10126,2.3334,0.19873,0.25744,-0.15297,-0.17965,0.040571,0.10093,0.16886,0.028882,-0.716,-0.55933,-1.0773,-0.86119,-0.33507,0.12794,-0.0063471,-0.163,-0.51055,-0.23486,-0.97506,-0.027096,-0.045542,0.12802,-0.41325,0.35692,-0.14562,0.38772,-0.85893,0.45647,-0.53603,-0.26145,-0.18129,0.38023,-0.35065,-0.69046,-0.27049,-0.094065,-0.34104,-1.6763,-0.31974,-0.026095,0.08284,-0.49965,2.1481,0.087626,-0.33982,-2.8016
TCGA-13-0794-01A-03-20,OV,Primary,35,0.030165,-0.059051,0.14694,-0.4947,0.77591,0.2476,-0.14116,-0.18252,-0.75636,-0.68732,0.23519,1.1381,-0.5113,-0.021367,0.83351,-0.25628,-0.58336,-0.84046,0.25536,0.044886,0.88135,0.082208,0.91834,-0.060491,-0.13964,-0.013295,0.18703,0.09516,-0.057299,-0.54795,-1.089,0.062149,-0.53604,0.38038,0.013861,-0.077874,0.18307,0.2428,0.56588,0.81361,0.062064,1.3891,-0.026344,1.8364,-0.30513,-0.013572,0.59777,-0.96581,0.10907,-0.25246,0.016478,-0.1282,0.24308,-0.31385,-0.26707,-0.25281,-0.54274,0.31358,0.56868,-0.36419,0.32937,-0.21096,1.4546,0.72277,0.24558,0.040338,1.2325,3.8496,0.032149,-0.069978,-0.04423,-0.66711,0.19965,-0.47421,0.10789,-0.78867,0.35641,0.21024,-0.036007,0.36812,0.23719,0.13768,0.49083,0.74094,1.1491,-0.2459,0.010935,-0.1665,0.13942,-0.3347,0.10638,-0.14147,0.50668,0.16712,0.036499,-0.42252,-0.043124,-0.086402,-0.30554,-0.414,0.32866,0.72532,1.0447,0.13661,-0.19473,-0.080575,-0.15574,-0.32695,0.15922,1.5394,-0.031779,-0.14142,0.38809,0.38192,0.20289,-0.497,-0.2021,-0.62688,-0.012131,0.47305,-0.092991,-0.7754,0.43477,3.19,0.43399,-0.73725,0.10209,0.10509,0.078481,0.059965,-0.23666,-0.10351,-0.15402,0.008192,-0.406,-0.17087,0.3966,0.82709,-0.11351,-0.015009,-0.15772,-0.48944,0.29705,0.11097,0.30287,1.2158,-0.20703,0.58523,-0.4615,0.43518,-0.85812,0.016398,0.16606,-0.50124,1.0744,-0.014271,0.11509,-0.25905,0.12195,0.48544,-0.48586,-0.30567,0.027224,0.31918,-0.76988,0.15555,0.35859,0.55337,0.11375,0.114,0.46821,-0.2046,0.042984,0.49838,0.49301,-0.081615,-0.21399,2.9282,-0.083026,-1.2358,0.55898,-0.01957,0.31112,0.22305,0.14211,-1.1646,-0.6795,0.35599,-0.092148,0.038106,0.09198,0.10627,0.12416,0.13852,0.18795,0.48486,0.41416,-0.073359,0.18536,0.73037,0.45769,-0.64539,-0.071005,-0.029579,0.15531,1.6033,0.33085,-0.52613,-0.35535,-0.042509,-0.28293,-0.18163,-0.09808,0.20076,0.097693,-0.11164,0.033415,-0.026634,-0.36294,-0.42877,1.661,-0.072827,-0.068617,0.26107
TCGA-13-0888-01A-21-20,OV,Primary,35,0.13087,0.84239,0.70007,1.3876,0.79013,-0.17623,-0.51396,-0.10451,-0.94621,-0.83124,-0.030303,0.34539,0.14832,0.55105,0.7632,-0.28874,-0.03521,-0.37932,0.12445,0.16115,1.1934,-0.11508,0.3006,0.4755,0.4254,0.052847,0.17881,-0.1093,-0.14658,-1.035,-0.59073,0.13081,-0.44701,-0.16609,0.029218,-0.038827,0.88674,0.38617,0.16008,0.87107,1.1779,0.047636,0.011837,0.10772,0.32454,0.32845,-0.49043,-0.83047,-0.11308,-0.32827,-0.23485,-0.10897,-0.033023,0.61232,0.0345,-0.032167,-0.016437,0.048954,0.96594,-0.48589,0.24228,0.18953,-0.059276,-0.23025,0.6923,-0.20658,-0.27491,2.2549,0.048581,0.16143,-0.064829,-0.25769,0.79119,-0.64501,-0.088242,0.81182,0.32612,0.048745,-0.092114,0.20032,0.43194,0.30404,0.94615,-0.29724,0.38004,-0.27734,0.44247,-0.19753,0.24495,-0.31698,-0.50291,-0.22427,0.037498,-0.0014449,0.19887,-0.052478,0.75578,-0.28185,-0.13109,-0.074787,0.54909,0.43215,0.77303,0.22896,-0.20005,-0.064015,0.38549,-0.31214,-0.11071,0.86998,-0.31826,0.050534,-0.1929,0.17614,-0.053091,-0.063488,0.020223,-0.51692,-0.1857,0.32831,0.67312,0.38429,0.20874,1.4377,0.62866,-0.35367,0.28475,0.29153,0.55314,0.064156,-0.098151,0.14932,-0.14738,-0.35427,0.70417,0.00073078,0.56842,0.38896,-0.36336,-0.23265,-0.70017,-0.30188,0.242,-0.91607,0.20961,-0.035744,-0.087389,2.0375,-0.1064,-0.091483,-1.2255,-0.0065442,-0.24919,0.13168,-0.066857,0.044255,0.225,0.93216,-0.31404,-0.50879,-0.19521,0.11476,-0.13291,-0.0029292,-0.42041,0.1143,0.70508,0.0050136,-0.15008,0.087757,0.028781,-0.36289,-0.15677,-0.36091,0.21262,0.60283,-0.2146,2.9882,0.23328,0.82335,-0.27695,-0.028916,-0.19216,0.046824,0.067535,0.55274,-0.55875,0.69398,0.8134,-0.15343,0.091883,0.19797,-0.071531,0.20517,0.95139,1.4221,0.079539,-0.091671,-0.072659,0.58491,0.014694,0.15329,-0.0055264,-0.032805,0.24592,1.0098,0.0067142,-0.39141,-0.089828,0.16125,-0.22299,-0.12373,-0.13796,0.079308,0.019056,-0.43801,-0.072157,-0.042186,-0.15499,-0.43787,1.556,-0.12498,-0.20352,1.0279
TCGA-13-0911-01A-21-20,OV,Primary,35,0.17596,-0.02567,-0.017433,0.50392,0.22718,-0.60116,-0.62107,0.18291,-0.21082,-1.0211,-0.48112,0.25184,-0.30665,0.23172,0.56188,-0.33026,0.21772,-0.26289,0.097457,0.072179,-0.023195,-0.17332,-0.091203,0.50327,-0.52731,0.040901,-0.25819,-0.019377,-0.043553,-0.18772,-0.38412,0.1128,-0.20496,-0.001393,0.38338,0.062086,0.079957,0.27462,0.25029,0.99736,-0.036006,0.59453,-0.21364,0.48562,0.49118,0.62743,-0.36819,-0.61915,-0.41178,-0.33409,-0.33587,-0.13039,-0.10006,0.79537,-0.45102,0.093847,1.5311,-0.0055456,0.25615,0.0047432,0.13055,-0.0896,-0.49679,-0.16458,-0.02156,-0.1396,-0.74704,1.9456,-0.76686,-0.41246,0.27891,0.023233,-0.3663,0.21049,-0.045408,0.89171,-0.19332,0.23692,-0.014397,0.16129,0.1383,0.55506,0.27476,1.101,-0.11737,-0.5212,0.12844,-0.18612,0.20224,0.36197,0.39267,-0.089458,-0.1106,0.71014,0.1595,1.9509,-0.20681,0.10082,-0.037559,0.69183,0.55516,-0.85513,-0.23983,0.071073,-0.27636,-0.018924,0.52087,-0.083975,0.048992,0.26387,0.11187,0.93041,0.56024,0.13945,0.22234,-0.35387,-0.13584,-0.3599,0.035939,0.073701,0.72817,-0.066283,0.78147,1.595,-0.35484,0.45832,0.047535,0.11109,0.16509,-0.19081,0.13065,-0.053007,0.31836,-0.1151,0.35728,-0.059709,0.68353,0.43428,-0.25569,-0.19481,-0.63237,-0.33577,0.068847,-1.4997,0.33827,0.18561,0.013005,0.44425,-0.20941,-0.15318,-1.1265,0.39927,-0.34915,0.32273,-0.027422,-0.010513,-0.066511,0.61359,-0.14319,-0.23107,-0.041182,-0.21178,0.47301,-0.26072,-1.3359,-0.29615,0.34232,-0.41813,-0.17023,0.070763,-0.2554,-0.14926,-0.025902,0.44906,-0.74275,0.41825,-0.27033,1.0634,-0.078368,0.13388,1.0708,-0.034261,0.35973,0.041956,-0.0090993,1.1469,0.6868,0.51313,-0.039977,-0.13675,0.10078,-0.10403,0.13926,0.088504,-0.076083,-0.023663,-0.30956,-0.17823,-0.071775,0.30825,0.016924,0.1168,0.43324,0.53182,0.50288,0.42833,-0.10464,0.04824,0.034931,0.065289,-0.22709,-0.22806,-0.18372,0.044467,-0.10286,-0.49103,0.080238,-0.0072386,-0.19085,-0.28486,2.1797,-0.093182,-0.037022,0.54185
TCGA-10-0933-01A-21-20,OV,Primary,35,0.22814,0.35933,-0.042942,0.079335,0.28397,-0.17581,-0.071231,-0.33597,-0.73563,-0.85928,-0.31883,0.42259,1.1212,-0.0073256,0.86188,-0.19869,0.14956,-0.13571,-0.18621,-0.020947,-0.37536,0.18301,1.3976,-0.041982,0.49913,0.14865,-0.0070752,-0.11466,-0.056223,-0.24122,0.20839,0.27321,-0.12004,0.18828,0.17683,0.017852,0.077815,0.33629,-0.026303,-0.35048,0.95575,0.83496,0.069675,-0.10318,-0.37625,0.14702,-0.20261,-0.82431,-1.2209,-0.19458,-0.15292,0.053334,-0.26705,0.25984,-0.33563,-0.62345,0.059279,0.082591,-0.061391,-0.3485,0.21438,-1.7492,-0.41334,-0.24452,-0.13694,-0.080161,0.60726,1.2644,-0.51043,0.11552,-0.16765,-0.57507,0.025952,-0.31209,-0.03408,0.30704,-0.73597,-0.68269,-0.16314,0.29074,-0.12953,-0.078335,0.03606,-1.3375,-0.49164,0.30096,0.55234,-0.13895,0.17777,0.10443,-1.1491,0.041131,-0.30555,-0.13164,-0.54568,0.35745,-0.14641,0.38542,-0.35623,0.066961,0.20753,-0.59248,-0.013423,0.0016308,0.17323,-0.44069,0.41508,0.0014108,0.17072,-1.3465,-0.28122,-0.58089,-0.21525,0.13101,-0.02904,0.04288,0.09704,0.24764,-0.043964,0.16054,-0.13509,0.028688,0.75175,0.48231,0.087196,0.49966,0.60958,-0.12638,-0.36064,-0.44872,-0.21637,0.041746,-0.12443,-0.073729,0.29604,-0.85481,-0.10972,0.12445,0.064722,-0.03967,0.040309,0.27263,-0.093335,-0.09726,-0.15395,1.1476,0.049037,-0.96134,-1.6915,0.14019,-0.040534,0.16845,0.11915,-0.055869,0.42727,-0.060849,-0.32825,0.50349,-0.04075,0.091398,-0.41339,-0.73651,-0.23401,0.11637,-0.105,0.091284,0.85742,-0.35546,0.059632,0.12991,0.047291,0.24848,0.17908,-0.53036,-0.52542,0.56783,-0.33619,0.55076,-0.094817,-0.24817,-0.35828,0.20966,0.016482,0.15333,0.22076,-0.58818,-0.034784,0.33287,0.41546,0.29984,0.1418,0.088913,-0.067049,-0.06134,0.93358,0.77645,0.25326,-0.025188,0.077898,-0.39998,0.2171,0.47956,-0.03189,1.0942,0.36784,0.51037,0.16998,-0.14946,-0.12677,0.11243,-0.11356,0.10106,-0.11265,0.13187,-0.032805,-0.32456,-0.21577,0.14501,-0.18377,-0.16093,1.8053,-0.22832,0.024133,1.0562
TCGA-04-1335-01A-21-20,OV,Primary,35,0.089157,-0.78199,-0.13819,0.067635,-0.083373,-0.39113,-0.15185,-0.35343,1.3229,0.72191,-0.39307,-1.4611,0.0073818,0.16878,0.93946,-0.16917,-0.32231,0.082318,-0.047963,-0.022188,-0.155,0.17446,0.23047,-0.10196,0.15848,0.11296,0.48656,-0.1968,-0.055033,1.1138,1.2441,0.23425,-0.11895,-0.019506,0.19563,-0.017536,0.077564,0.16738,0.066158,-0.33088,0.97019,-0.096784,-0.10548,0.92872,-0.006216,0.26003,-0.33462,-0.52347,-0.27688,-0.11524,-0.41406,-0.11051,-0.92059,0.29285,-0.19583,0.2813,0.78131,0.015045,0.25108,-0.29752,0.062069,-0.86397,-0.58264,-0.35114,0.88533,-0.18358,0.56489,1.5773,0.034636,-0.043601,0.32418,-0.46832,0.1378,-0.29441,0.10853,1.2418,-1.3599,0.1826,-0.10219,0.30281,-0.019493,0.25081,0.59088,-1.2968,0.448,-0.24288,0.29819,0.65801,0.18024,0.15113,0.27734,0.4822,-0.20311,0.02126,-0.32725,0.8077,-0.17723,-0.11721,-0.46912,0.4803,0.68573,0.049881,0.70034,0.029975,-0.05803,-0.075647,-0.032533,-0.20202,0.045477,-0.81805,0.27047,0.55223,0.58581,0.12905,0.21004,-0.01166,-0.067627,-0.28798,-0.12623,-0.66001,0.46884,-0.044346,0.6041,1.648,-0.29855,0.019036,-0.75192,-0.060058,0.6054,0.11624,0.022098,-0.12284,0.20881,-0.062398,-0.2761,-0.83414,0.23449,-0.43332,-0.13193,-0.053237,-0.15562,-0.16545,-0.51682,-1.0018,0.37832,-0.36854,0.34184,-1.5371,-0.40742,-0.072808,0.98615,0.44332,-0.076845,1.4111,0.35383,0.052541,-0.48369,0.91726,-0.19223,0.065221,-0.021746,-0.060176,-0.049687,-0.044943,-0.74412,0.096141,0.25441,-0.42435,-0.1189,0.038364,0.016261,0.20005,0.13087,-0.018355,-0.58479,0.64866,-0.31061,0.72551,0.27692,0.85406,0.23303,0.045977,0.089326,0.055064,0.047346,0.4896,-0.28218,0.30231,-0.053253,-0.52682,0.013424,0.068146,0.072806,0.052089,0.052637,-0.083171,-0.25881,-0.14457,-0.00066468,-0.35328,-0.064541,-0.15199,0.17411,0.020247,0.10212,-0.030359,-0.24819,-0.17973,-0.10463,0.14699,-0.1146,-0.20651,-0.11818,-0.0016211,-0.24588,-0.13333,-0.28378,-0.049961,-0.2508,-0.25841,1.7438,-0.47978,-0.24179,0.24852
TCGA-04-1356-01A-21-20,OV,Primary,35,0.12668,0.53386,0.31745,0.98885,0.76889,-0.63438,-0.36868,-0.24713,-0.057819,-0.70188,-0.78018,-0.53922,0.019761,0.50868,-0.5192,-0.36299,-0.29138,-0.71913,0.077763,-0.12559,0.99078,0.18745,0.24437,0.45903,-0.061364,0.080214,-0.42692,-0.14947,0.013481,0.17567,-0.9412,0.17062,-0.26101,0.25241,0.30065,0.11938,0.8776,0.46648,0.010602,1.1074,0.11065,0.92277,-0.033392,0.94306,0.48108,0.56502,1.2275,-0.95802,-0.70753,-0.4842,-0.17414,-0.031448,0.70642,0.55853,-0.44673,0.15505,0.29383,-0.20298,0.8548,-0.15502,0.068959,0.22882,-0.31038,-0.10846,-0.18135,-0.17113,0.86906,2.1941,-0.516,-0.20978,0.1907,-0.41336,-0.39576,-0.20943,-0.11107,1.9557,-0.21993,0.64317,0.030614,0.28407,0.17898,0.45157,0.10962,0.25964,0.38187,-0.027641,0.047627,-0.051581,0.12632,-0.077559,0.87739,0.28125,0.71226,0.33282,0.21095,0.66755,-0.003793,0.11827,-0.34298,0.25715,0.2553,-0.64621,-0.068367,-0.12027,-0.27152,0.033538,0.39061,-0.32958,0.18256,1.2579,-0.5973,0.44588,0.21311,0.32727,0.97785,-0.40172,-0.17651,-0.71254,0.26548,0.59747,0.26289,-1.236,0.3164,0.68671,-0.48177,0.065165,-0.062898,0.35569,0.87825,-0.22748,0.31052,0.16418,0.31369,-0.1377,0.16109,-0.22155,0.87773,0.13134,-0.10632,-0.26579,-0.76659,-0.68344,0.29897,-0.066417,0.23957,0.66009,-0.13678,2.518,-0.0037214,-0.1205,-1.6851,0.34259,-0.37917,1.6911,0.085334,0.0096172,-0.47194,0.83123,-0.1575,-0.24297,-0.51207,0.081287,0.1583,0.030898,-0.2969,0.30859,0.36917,-0.76,-0.052238,-0.10146,-0.060369,-0.2001,0.16301,-0.40563,-1.2069,0.23812,-0.2473,1.0478,-0.12208,-1.1777,0.26673,-0.12277,1.0884,-0.15599,-0.0645,-0.22293,-0.28215,0.61579,0.17475,0.2327,-0.043359,-0.055708,0.34269,-0.052905,0.55595,1.0447,0.35344,-0.1554,-0.01875,0.21303,-0.24409,-0.69296,-0.0014481,0.11149,0.54099,0.61394,0.024261,0.092887,0.24188,-0.063291,-0.083184,-0.21549,-0.3801,0.094251,-0.06393,-0.41242,0.23825,0.040383,-0.22287,-0.64923,0.72931,-0.24471,-0.24682,1.7169
TCGA-13-1412-01A-21-20,OV,Primary,35,0.13984,-0.49033,-0.19874,-0.29817,0.37255,-0.46014,-0.43479,-0.95236,-0.79806,-0.72192,0.044202,0.0093375,-0.43755,-0.079961,0.31562,-0.062396,-0.16936,-0.42004,-0.0079799,0.27159,0.42666,0.046554,0.28719,0.025255,-0.23555,0.0075115,-0.034912,-0.18981,-0.078221,-0.098642,-0.17151,0.23861,-0.10698,-0.0072083,0.21682,-0.073804,-0.2281,0.21315,0.24335,-0.20632,0.27145,-1.0406,-0.10336,0.018416,0.14107,0.78242,0.48165,-0.49852,-0.73191,0.082023,-0.19018,-0.088681,-0.68195,-0.36835,-0.40003,0.16318,1.3492,0.039326,0.13,-0.16355,-0.14168,-1.4983,0.050418,0.043409,0.19477,-0.10321,0.026973,0.1202,-0.095878,0.17213,0.013188,-0.33108,-0.19293,-0.12579,0.11851,0.41705,-1.5751,-0.23291,0.040311,0.38854,-0.024654,0.049365,0.34787,-1.1477,-0.30364,0.045684,0.34505,-0.29892,0.18376,0.065872,-0.4684,0.46507,-0.028267,0.049861,-0.29439,0.046093,0.42559,0.10853,0.22158,1.4962,0.3174,0.044272,0.72412,0.11667,-0.1921,-0.13452,0.19077,0.22657,-0.044455,-0.19692,-0.72656,-0.52548,-0.57727,0.15857,0.060358,-0.1677,-0.01744,-0.011456,-0.059615,-1.0041,0.27877,-0.54788,0.27526,0.19101,-0.2762,0.3173,-0.039459,0.19508,1.4544,-0.011354,-0.0038561,0.023748,0.14491,0.13104,-0.25308,-0.23462,0.14773,-0.26468,-0.11566,-0.041223,-0.28205,0.1805,0.022815,-0.50867,0.51238,-0.37023,0.33043,-0.59524,-1.302,0.009673,-0.15484,0.42548,0.034157,-0.55849,0.56389,0.0099488,-0.19067,0.2711,0.22031,0.23574,-0.037163,-0.4548,0.52298,0.022403,0.12575,-0.033996,-0.1619,-0.38114,-0.0042677,0.06447,0.045049,0.57088,0.077863,0.74052,-0.086939,0.13638,-0.24047,-0.52733,0.11329,0.17306,0.080514,-0.11449,0.13888,0.10066,-0.053086,0.86709,0.56623,0.040367,0.30427,-0.24702,0.10928,0.02511,-0.075695,-0.025323,0.42567,0.26904,-0.23472,-0.15292,0.16384,-0.39995,-0.049823,0.071473,0.30769,0.029782,0.22708,-0.71273,-0.083403,0.11139,0.09445,0.28558,-0.03611,-0.026155,0.090858,0.023437,0.19354,-0.041658,-0.29806,0.12407,0.2063,-0.30327,0.48616,-0.156,-0.0074014,-0.31671
TCGA-36-2544-01A-21-20,OV,Primary,35,0.044777,-0.12012,-0.0086036,0.38017,0.62968,-0.14605,-0.31263,-0.40736,1.4207,1.4734,-0.37734,-0.47536,0.28459,0.097846,0.4007,-0.34336,-0.31314,-0.87438,-0.10286,0.061518,1.0543,-0.20024,-0.36227,0.029488,-0.4364,0.096202,0.30029,-0.046614,-0.090601,-1.5018,-0.024756,0.074687,-0.37198,-0.39325,-0.13195,-0.11434,-0.53323,0.11852,-0.26504,-0.053826,0.40805,-0.80315,-0.16916,-0.75076,-0.199,0.58684,-0.25306,-0.21361,1.3228,-0.1484,-0.29507,0.0013705,-0.30468,0.46387,-0.23797,-0.32687,1.1428,-0.20634,0.83694,-0.41526,0.094741,0.22518,0.069801,0.072045,0.14205,-0.29482,0.14475,0.88712,-0.59847,-0.65574,-0.053489,-0.054158,0.0026456,-0.75434,-0.038634,1.0753,-0.29028,0.32493,-0.1006,0.075777,0.3676,0.2737,1.5159,1.0548,-0.064569,-0.67472,0.055351,-0.29065,0.19799,-0.072469,0.70529,-0.17943,0.022796,0.35081,0.41294,0.5506,0.034857,0.042056,-0.59498,-0.037783,0.5545,-0.17775,0.71357,0.33898,-0.29598,0.30971,-0.61016,-0.24317,-0.16,-0.45091,-0.48047,-0.10893,0.22268,0.07356,-0.27279,-0.31262,-0.1195,-0.19604,0.11022,0.21241,-0.053463,-0.57301,-0.22237,0.50122,-0.34787,-0.75199,0.058403,0.30649,1.1951,-0.11314,0.046211,-0.09425,0.37762,-0.1057,-0.048989,0.28732,0.48702,0.1557,-0.4216,-0.12922,-0.1334,-0.3924,0.094218,0.55428,0.23086,0.42899,0.162,2.3563,0.38296,0.092155,-1.3106,0.21527,-0.015242,0.15117,-0.072746,-0.10682,-0.21866,0.82384,-0.16697,0.2523,-0.05699,0.44292,0.55702,0.0055889,0.039898,0.65869,0.87233,0.077896,0.125,0.13215,0.20806,0.054748,0.064562,0.21034,-1.0405,0.6815,0.46205,2.8477,-0.045055,1.0922,0.22476,0.1109,0.35752,0.072625,0.035663,-0.12731,-0.5976,0.52326,0.38492,-0.32285,-0.078704,-0.076805,0.088494,0.071285,0.37597,0.25433,-0.2773,-0.18959,-0.13856,0.29845,-0.21573,-0.19243,0.053757,0.28487,0.089487,0.55771,-0.36666,-0.0096985,0.21041,-0.099838,-0.24816,-0.17446,-0.20349,-0.072188,0.16522,-0.64385,0.18814,-0.094332,-0.05113,-0.33209,-1.304,-0.088486,-0.32409,0.26175
TCGA-42-2588-01A-21-20,OV,Primary,35,0.0062904,-0.40609,-0.033091,0.6861,0.13108,0.34639,0.12975,0.56632,0.87591,-0.12904,-0.16518,-0.13494,-0.55937,-0.34243,0.092129,-0.20501,-0.084419,-0.2782,-0.025829,-0.30302,0.20368,-0.23967,0.21507,0.46482,-0.28281,-0.22413,0.25882,0.021534,-0.28195,-0.17065,0.076291,-0.14761,-0.4013,-0.31154,-0.07158,-0.25128,-0.26733,0.028102,-0.26059,1.3956,0.42363,-0.14751,-0.25905,0.64914,-0.20965,0.52699,-1.1592,-0.6984,0.68511,0.030929,-0.19861,-0.20294,-0.25413,0.56546,-0.36901,0.44599,0.8471,-0.4093,1.0259,-0.47436,-0.12182,0.64423,0.68362,0.33151,0.41348,-0.14573,-0.49242,2.5277,-0.34936,-0.27376,0.60411,-0.090399,-0.12247,-0.12631,-0.28154,1.9531,0.30817,1.032,-0.15127,-0.074141,0.17621,0.41753,0.20065,2.1798,0.01172,-0.43328,0.010556,-0.15331,0.042968,-0.065393,0.57615,-0.34024,0.19498,1.1033,0.45791,0.74132,0.74717,-0.15994,-0.24483,0.44859,0.37923,-0.50968,0.14884,0.30493,-0.24615,0.28107,0.8297,-0.21506,-0.19285,0.34745,-0.65034,1.013,1.2731,0.10911,0.16792,-0.4154,-0.23352,-0.64308,0.17943,0.36451,0.40447,0.84543,-0.26413,1.5335,0.043873,0.73782,-0.47034,-0.18587,0.54085,0.076097,0.2153,-0.17844,0.58345,-0.11174,-0.044577,-0.086696,0.75495,0.10369,-0.46996,-0.17439,-0.44681,0.064296,0.2991,-1.0039,0.42894,0.15038,-0.048238,-0.1425,0.65398,-0.13485,1.6953,0.46831,-0.26822,0.96731,0.26438,-0.14313,-0.34846,0.79205,-0.066493,0.021668,0.36548,1.1625,0.19146,0.12653,-0.39165,0.081278,0.36934,1.1985,0.81573,-0.18661,-0.22701,0.13286,0.050991,-0.20024,0.037979,0.22675,0.57057,3.2951,-0.13449,1.4142,-0.42895,-0.13102,0.93743,0.035168,0.011393,1.0795,-0.23424,-0.09647,-0.18429,-0.37416,-0.33911,-0.058337,0.027056,-0.28303,-0.21887,-0.039171,-0.70187,-0.24551,-0.32804,-0.28589,-0.43981,0.46335,0.6311,0.27099,0.022789,0.58565,-0.58094,0.12576,-0.03582,0.21452,-0.19334,-0.48781,-0.25394,-0.10533,-0.14352,-1.0293,0.20806,-0.075771,0.80538,-0.19401,1.2881,0.18693,-0.19475,-1.2918
TCGA-61-2614-01A-21-20,OV,Primary,35,0.0047003,-0.46987,-0.017737,0.51883,0.41057,-0.15472,-0.4486,-0.054703,0.27903,-0.18412,-0.22038,-0.16103,-0.43988,-0.14065,0.26524,-0.26626,-0.21874,-0.27265,0.095729,-0.11201,0.20145,-0.17735,0.34501,0.44419,-0.46979,-0.15412,0.37306,-0.096561,-0.16984,-0.064113,0.32719,-0.072425,-0.37946,0.060631,-0.004677,-0.19648,-0.14983,0.10324,-0.11173,0.11435,0.61892,0.89643,-0.062735,1.3594,-0.17853,0.32091,-0.85631,-0.53984,0.40926,-0.11349,0.17337,-0.20124,-0.32199,-0.44079,-0.36521,-0.2567,0.66573,0.067311,0.91969,-0.52658,-0.098751,0.28863,-0.39255,-0.035647,0.21523,-0.15134,0.49843,2.3599,-0.32506,-0.054624,0.18478,-0.16465,-0.096022,0.17409,-0.25637,1.5411,0.30911,1.0091,-0.020489,0.18622,0.14759,0.074903,0.42289,1.0279,-0.094532,-0.12127,0.211,0.16479,0.084535,-0.0095562,0.55528,0.1162,-0.031676,0.80349,0.23233,0.96602,0.39288,-0.060643,-0.36415,0.014317,0.045941,-0.35696,0.12582,-0.092228,-0.23811,0.13132,0.5469,-0.29861,-0.14867,0.4304,-1.2473,0.15344,0.35014,0.21296,0.024917,-0.38451,-0.18505,-0.43743,0.2803,0.44954,0.26097,0.89289,-0.11506,0.49025,0.17222,-0.044231,-0.31784,-0.13489,0.080038,0.005043,0.076528,-0.16205,0.20905,-0.14143,0.21836,-0.14381,0.34622,0.21864,-0.25172,-0.074751,-0.44428,-0.4666,0.38516,-0.87053,0.24614,0.60804,-0.083445,-0.092545,0.72765,-0.13276,0.16856,0.44021,-0.019936,0.64754,0.56438,0.0076538,-0.32766,-0.20993,-0.061922,-0.15298,0.48098,0.45417,-0.13129,0.028774,-0.24907,0.22292,0.45121,0.69752,0.41133,0.043747,-0.064034,0.10654,0.066992,0.40972,-1.1515,0.13009,0.48439,4.0658,-0.057384,0.88171,0.3811,-0.17901,-0.28056,-0.019028,0.094098,0.20616,-0.083872,-0.08562,-0.058748,-0.4001,-0.23061,-0.0016499,-0.0019901,-0.33577,-0.15812,-0.010775,-0.64928,-0.21409,-0.13736,0.098058,-0.33504,0.34329,0.25954,-0.40687,0.13109,0.15243,-0.21893,-0.27925,-0.25494,0.42054,-0.30371,-0.44351,-0.25561,0.042047,-0.18689,-0.86891,-0.22941,-0.077637,0.46019,-0.35618,1.217,0.22431,-0.022621,-1.5258
TCGA-13-0797-01A-03-20,OV,Primary,35,-0.071396,0.25057,-0.35003,0.30528,-0.072985,-0.22701,-0.61841,0.096166,-1.0369,-0.10124,0.65244,0.60688,0.64151,0.35019,1.1714,-0.3207,-0.21265,-0.79789,0.35471,-0.14595,2.2952,0.10686,0.72006,-0.3277,-0.8081,-0.040715,0.77358,0.093634,0.15694,1.1464,-0.79637,-0.11366,-0.88521,-0.17873,0.11847,0.24429,0.18847,0.069124,0.36526,2.1653,0.10235,0.30606,-0.25714,0.41763,0.45158,-0.20774,1.4174,-1.1935,0.22704,-0.04059,-0.47894,-0.15735,-0.22907,1.997,-0.5178,0.32763,-0.60548,-0.19683,0.19368,-0.39078,-0.023402,0.11235,-0.38883,-0.47115,0.4958,-0.41782,0.66162,0.74257,-0.5641,-0.55617,-0.059557,0.65768,-1.1671,0.37011,-0.086389,-0.39837,1.1716,0.89319,-0.28984,0.28264,0.46454,0.24164,-0.26795,0.53426,0.82061,-0.5998,-0.0054636,0.11431,0.14946,-0.73764,-0.089455,-0.4664,-0.27146,-0.25986,0.0045075,-1.1634,-0.29626,0.45228,0.081951,0.44108,0.43841,-0.04671,-0.065043,0.15067,-0.14525,-0.11531,1.4731,0.55546,0.053438,-1.132,0.62545,-0.32465,-0.25546,0.36803,0.43837,-0.50415,-0.47101,-1.15,0.53641,-0.57389,0.20324,0.6768,0.031814,2.2575,0.2733,-0.13169,-0.67315,0.35425,1.1536,-0.11936,-0.39186,-0.10076,0.34484,-0.15467,-0.53312,-0.19864,0.2986,0.23982,-0.2207,-0.13228,0.18985,-0.47839,-0.012032,-1.563,0.39283,0.88424,-0.12952,2.8349,0.14801,0.056958,-1.5208,0.15774,-0.06896,-0.071898,-0.41004,-0.28606,1.2282,0.63471,0.34873,-0.11743,0.12419,0.91231,1.5057,0.17367,2.0459,0.15826,0.70547,-0.045241,0.2934,-0.20252,-0.10532,-0.12854,0.2151,-0.61052,-0.98218,0.595,0.11507,1.7392,0.0030009,-0.84743,0.72459,-0.32883,0.13887,-0.22438,-0.15645,0.62885,-0.46055,0.028666,-0.07005,-0.366,-0.34249,-0.091218,0.39635,0.042516,1.089,1.7192,-0.59517,-0.45946,-0.15188,0.48526,-0.69243,-0.45244,0.14083,-0.14347,0.01128,0.77455,-0.40599,-0.54091,-0.13024,-0.25323,-0.74904,-0.61056,0.23446,-0.06174,-0.57947,-0.86166,0.066082,-0.39021,0.35394,-0.47265,1.4437,-0.60059,-0.29993,-0.17013
TCGA-13-0891-01A-21-20,OV,Primary,35,0.051845,-0.39785,0.098695,-0.39127,0.12903,-0.26965,-0.42724,-0.24243,-0.44928,-0.44122,-0.30825,-0.9409,-0.6628,-0.084633,-1.3127,-0.27426,0.080093,0.32646,0.19698,0.065335,0.73561,-0.012016,0.70996,0.18827,-0.52538,-0.002145,-0.15539,0.1705,-0.073199,-0.30583,-0.8165,0.14855,-0.34977,0.22579,-0.13932,0.0078763,0.68804,0.35644,-0.0074665,0.47008,0.19788,0.17254,-0.099004,1.484,0.24869,0.28667,0.9849,-0.71153,0.15509,-0.43674,-0.03798,-0.028862,-0.11848,1.2569,-0.18416,0.21896,0.1542,0.081883,2.1757,-0.26888,0.14045,-0.67097,-0.31206,-0.13803,-0.16225,-0.10703,-0.11753,2.5749,-0.17181,-0.29862,0.21854,-0.73663,0.0054786,-0.39544,-0.10105,1.2186,-1.3622,-0.079129,-0.0066723,0.19636,0.3847,0.32513,0.59031,-1.4263,-0.67293,-0.22334,-0.075218,-0.2274,0.19825,-0.12158,0.61996,0.6254,-0.426,0.15473,-0.017924,-0.091207,-0.036933,0.12831,-0.2644,0.56386,0.38673,-0.85517,-0.67225,0.17552,-0.23675,-0.086116,0.24675,-0.16411,-0.030004,0.74592,-1.059,-0.44896,-0.50542,0.26833,0.24803,-0.69376,-0.067936,-1.162,0.0963,0.033498,0.24869,-0.48494,0.05802,3.3243,0.034659,0.14338,0.087199,-0.11675,-0.42047,-0.075621,-0.018565,-0.23035,-0.0067058,-0.039602,0.31951,0.45115,0.66465,-0.1842,-0.22376,-0.15945,-0.4776,-0.24051,0.016011,-1.0217,0.28906,0.367,-0.047443,0.5937,-0.38069,0.028585,-0.77889,0.05912,0.012327,0.61556,-0.34708,-0.11966,0.056129,0.61269,0.010092,0.030995,-0.23219,0.42188,0.7294,0.26707,0.073165,-0.098535,0.32211,0.2819,-0.071269,0.21867,0.0053589,0.024093,-0.24376,-0.3459,-0.95691,-0.16543,-0.24581,3.4779,-0.10346,0.088629,-0.32753,-0.0075742,0.028169,0.26755,0.18693,0.23647,-0.64347,0.2497,-0.21246,-0.32536,0.25547,0.0009305,-0.096055,-0.064037,0.017291,-0.29533,-0.38882,-0.17933,-0.0075222,0.075847,-0.15042,-0.19844,0.081334,1.2574,0.26193,0.98843,0.38602,-0.086071,0.64564,0.33638,-0.1052,-0.039985,0.032635,0.21583,0.13056,-0.01911,-0.19714,0.15267,0.072877,-0.14032,1.9623,0.019342,0.26693,-1.0532
TCGA-13-0913-01A-21-20,OV,Primary,35,0.12515,-0.37853,-0.1093,-0.25167,0.56808,-0.40725,-0.63875,0.12604,-0.49819,-0.77345,-0.4243,0.27324,0.46987,-0.1132,1.6828,-0.28332,-0.75735,-0.14052,-0.15486,0.17717,0.26266,0.086649,-0.36209,0.18329,-0.11676,0.11183,0.83505,0.12745,0.022274,-0.66652,1.0174,0.21521,-0.050567,-0.16353,0.095823,0.015819,0.4608,0.40328,0.21842,1.0704,0.99847,-0.6135,0.10222,0.47745,0.033773,0.22745,-0.65507,-0.65401,0.2612,-0.29349,-0.086543,0.08425,-0.28125,1.4071,-0.19657,0.15543,0.06987,0.17941,0.0051302,-0.29759,-0.24259,-0.99977,-0.33659,-0.17636,0.64457,-0.054754,2.1649,1.2158,-0.015522,0.041668,0.4323,-0.24504,0.32723,-0.42545,-0.02093,0.45244,0.046647,-0.33944,-0.052736,0.36813,0.12566,0.14234,0.3801,-0.76956,-0.020084,-0.21383,0.29265,-0.1419,0.24197,-0.012122,-0.18912,0.71203,0.4764,0.13564,-0.12531,-0.62823,0.15026,-0.22345,-0.43131,-0.33157,0.13013,0.049486,0.42419,0.043131,0.3565,-0.031653,0.33141,0.62827,-0.054198,-0.26131,-0.38879,-0.15275,0.21198,0.13006,-0.012538,0.073079,-0.060939,-0.26277,-0.022366,0.82832,0.37103,0.47383,0.25146,-0.10469,0.10848,-0.2031,0.18449,0.43991,1.3011,-0.032121,-0.1721,-0.17854,-0.017133,0.071018,-0.045349,-0.3182,-0.087174,0.047122,-0.27474,-0.053412,-0.66882,-0.1426,-0.17507,-0.56808,0.038459,-0.094374,-0.12494,-1.4837,-0.9369,0.026548,1.3261,0.040464,0.056218,-0.3711,0.38562,-0.044491,-0.37562,0.68466,-0.20449,-0.070171,-0.75243,-0.53995,0.059408,0.29364,-0.77258,0.26265,0.2898,0.0039278,-0.050682,0.11372,-0.15934,-0.22973,-0.29792,-0.53812,-0.25659,-0.17952,-0.285,2.2109,0.19054,-0.92474,-0.95581,0.28226,-0.55646,0.39383,0.31614,-0.19976,-0.22584,0.24286,0.16538,-0.12506,0.36525,0.14387,-0.03196,0.096756,0.22121,0.39879,0.0040713,-0.0038676,0.081082,-0.5382,0.017494,0.19565,-0.076221,-0.5236,0.57102,0.26515,0.01578,-0.01527,-0.085426,0.043424,-0.15882,-0.14845,0.29696,0.080443,0.063228,-0.1494,-0.15972,0.14803,-0.053582,-0.035678,1.0493,0.15075,0.047818,0.33889
TCGA-10-0936-01A-21-20,OV,Primary,35,-0.040971,0.70742,-0.28895,0.043631,0.6808,0.055282,-0.060978,-0.39257,-1.1435,-1.1497,-0.36923,0.68842,0.13408,0.39286,0.92242,-0.27123,-0.2756,-0.66688,0.23775,-0.082964,0.41807,0.01305,0.73175,-0.10647,-0.4373,0.033862,0.99034,0.23824,-0.10003,-0.0063355,-1.1073,0.13218,-0.58589,0.096346,-0.0021325,-0.044174,0.53145,0.22477,0.28797,1.661,0.38681,1.317,-0.082642,1.5709,-0.32072,0.12523,0.92069,-1.4878,-0.36927,-0.42858,-0.30349,-0.0019645,-0.020857,2.0128,-0.19393,-0.34078,-0.6149,0.26559,1.8678,-0.27352,-0.11135,-1.2882,0.19324,-0.14353,0.099472,-0.19951,0.64608,0.59633,-0.087778,-0.15133,-0.24536,-0.15737,0.58731,-0.10896,-0.14294,-0.86617,-1.0212,-0.33739,-0.19081,0.35961,0.3416,0.23296,0.089341,-0.29308,0.15004,-0.29077,-0.11089,-0.067574,0.094763,-0.031799,-1.2084,1.3088,0.13653,-0.06215,-0.37243,-0.50991,-0.048193,0.16889,-0.20895,-0.4229,0.59231,-0.0088162,0.52628,0.10025,0.050623,-0.32658,0.34929,0.79722,-0.10858,-0.30464,-0.0051768,-0.46682,-0.13716,0.024115,0.32601,-0.37348,-0.12393,-0.84909,-0.22246,-1.1635,0.015705,0.98254,0.28362,0.30335,0.042127,0.42203,-0.26027,0.18416,0.33604,-0.26773,-0.43624,-0.048042,0.11018,-0.1369,0.41266,-0.049875,0.048091,0.7477,-0.027295,-0.14643,-0.30951,-0.73749,0.035338,-0.16388,0.12949,0.067529,0.15665,-0.62042,-1.3701,0.71084,-1.4415,0.12471,0.03718,0.42704,0.1795,0.12795,-0.11628,0.45242,0.18343,-0.031458,-0.20841,-0.00035498,0.012439,0.077727,-0.49867,0.27042,1.0488,0.69926,-0.10002,0.012861,0.094587,0.15173,0.10362,-0.61611,-1.5624,0.4567,-0.37003,3.2419,-0.07485,1.05,1.2598,0.006393,0.6853,0.042982,0.096219,-0.74159,0.056917,0.67422,1.43,0.16127,0.13542,-0.016967,-0.17907,0.097142,0.24465,-0.0014704,0.080032,-0.14356,-0.09959,0.70567,-0.24637,-0.29559,-0.077839,0.48122,0.66361,1.6242,0.040738,0.25682,-0.27701,0.018479,-0.32261,0.052119,-0.20191,0.094172,-0.08584,-0.12415,-0.44928,0.026808,0.44381,-0.23646,1.7624,-0.39318,0.090148,0.86613
TCGA-04-1336-01A-21-20,OV,Primary,35,-0.0066638,-0.079131,-0.22145,-0.12714,-0.31797,-0.58145,-0.99983,0.046864,-0.38101,-0.66991,0.06195,0.77634,-0.32437,0.046715,0.50811,-0.11661,0.051667,-0.69309,-0.10312,0.045796,0.57841,0.063878,-0.72101,0.15423,-0.34029,0.082171,0.46095,-0.011766,-0.038903,-0.60362,-0.17328,0.068139,-0.40263,0.12226,0.075078,0.11344,-0.078126,0.28378,-0.066849,0.39357,0.86512,0.73751,-0.042272,0.17551,0.25749,0.30911,0.33392,-1.2085,0.53841,-0.26081,-0.087498,-0.014522,-0.37322,2.362,-0.26371,0.082497,0.44684,0.28728,1.0352,-0.52697,0.064697,0.20894,-0.21041,-0.08385,0.57038,-0.1817,1.3807,0.24648,-0.30458,-0.21036,0.037902,-0.30336,-0.17535,0.22355,-0.11048,0.57599,0.097148,0.43968,0.05892,0.22319,0.23055,0.23257,0.11639,0.52414,0.033857,-0.38307,0.19276,0.25376,0.10038,0.020299,0.27709,0.68624,0.02474,-0.073226,-0.017713,-0.7934,0.25153,0.044866,-0.44205,0.22956,0.63071,0.20105,0.7447,0.15642,-0.22603,-0.040926,0.89353,0.12041,-0.099041,-0.43872,-0.74118,-0.61848,-0.4092,0.15934,0.17938,-0.0051167,-0.039605,-0.91981,0.07037,0.24554,0.19972,0.37671,0.45365,1.2723,-0.092678,0.10226,0.014607,0.056331,0.93249,-0.29022,0.01516,-0.088708,0.27456,-0.15053,0.40583,-0.123,0.29972,0.27071,-0.19733,-0.1233,-0.33969,-0.46269,-0.063301,-0.9543,0.16167,0.35775,-0.049304,-1.5174,-0.00044463,-0.02786,1.5254,0.24163,-0.065452,1.3318,0.051668,-0.10637,-0.15342,0.56541,-0.10338,-0.21836,0.23809,0.28899,-0.0023463,0.094256,-0.013389,0.21914,0.66279,0.11547,0.046522,0.098741,-0.26786,0.06971,0.11582,-0.61694,-0.48783,0.32843,-0.28931,2.0275,0.046832,1.1401,0.19535,-0.054369,0.49812,-0.024516,0.03746,-0.48732,-0.27945,0.44866,-0.1806,-0.34145,-0.22876,0.10699,0.0049716,-0.039977,0.61206,1.2095,-0.46185,-0.095681,-0.15496,-0.47677,-0.23681,-0.15814,-0.052185,0.11964,0.071256,0.47869,-0.066462,0.10441,0.078301,-0.071483,-0.3369,-0.34775,-0.27891,0.06858,-0.2839,-0.59345,-0.1612,0.014065,0.12613,-0.2548,1.5812,-0.37728,-0.15347,-0.36671
TCGA-04-1357-01A-21-20,OV,Primary,35,0.022155,-0.4633,-0.12233,-0.34756,0.09685,-1.0062,-1.4223,0.30018,-0.097272,-0.34449,-0.37583,0.034003,0.49093,-0.36423,0.86038,0.016977,-0.060108,0.18559,0.12076,0.020719,-0.091845,0.21871,0.92688,0.14074,-0.30258,0.10038,0.82424,-0.026046,0.089074,0.11169,-1.0119,0.026737,-0.35386,-0.23337,-0.033534,0.14218,0.053603,0.29624,-0.093155,1.1717,0.30442,-1.1235,0.11844,0.97275,-0.029191,0.013628,0.46128,-0.68946,0.60557,-0.36278,0.43948,0.14368,-0.13822,2.2644,0.024451,-0.078412,-0.57693,0.19324,1.2555,-0.30656,-0.38836,-0.24387,-0.44506,0.043569,0.20144,-0.078161,1.363,0.51749,-0.60636,-0.1027,0.35485,0.15675,-0.043429,1.0686,0.11433,1.2851,0.38606,0.72726,0.51761,0.37937,0.22322,-0.0064446,0.23803,0.32278,-0.042237,-0.0044242,0.10065,0.59602,0.12092,0.2263,0.6539,-0.089928,-0.22895,1.0486,0.094666,-0.95824,-0.31548,-0.10952,-0.23328,-0.10675,0.34314,-0.54567,0.068456,-0.029106,-0.18865,0.036001,0.577,0.23027,-0.21145,-0.63791,-0.42897,-0.16661,-0.4473,0.51523,0.14362,-0.31795,-0.14428,-0.38044,0.2728,0.16926,0.61685,1.4628,0.29992,1.1156,0.07029,-0.7669,-0.20414,-0.012515,0.72329,-0.037633,0.061314,-0.096002,0.16511,0.0049838,-0.59238,-0.44077,0.40524,0.10026,-0.15525,-0.0061194,-0.46575,-0.25202,-0.13785,-1.3128,-0.0075897,-0.15315,0.044867,0.00092212,-0.32098,-0.023786,-0.11768,0.096485,0.02367,0.29917,0.034651,0.14022,-0.30701,0.70482,0.1022,-0.080235,0.059687,0.39449,0.25393,0.27326,-0.60121,0.1341,0.39155,0.056328,0.19131,0.1531,-0.056705,-0.12061,0.0059133,-0.77816,-1.5977,-0.52129,-0.026,1.5218,-0.076956,-0.20517,-0.23634,-0.014264,0.27813,0.037705,0.074353,0.10965,0.021983,-0.58723,-0.60438,-0.16298,0.010814,-0.0103,0.0719,-0.15383,-0.35396,-0.23464,-0.31225,0.016013,-0.025868,-0.68189,-0.33094,0.20905,-0.17509,-0.54397,-0.06803,0.24514,-0.22922,-0.10128,-0.22958,-0.0069607,-0.41319,-0.40852,-0.13535,0.0046178,-0.18659,-0.36488,-0.91858,0.060398,0.5891,-0.0046474,-0.14755,0.14525,0.097718,-0.96453
TCGA-24-1416-01A-21-20,OV,Primary,35,0.034062,-0.26153,-0.17816,-0.37222,0.55873,-0.37061,-0.35118,0.27574,-0.52507,-1.0199,-0.38868,0.76206,0.88323,0.030199,0.58689,-0.38763,-0.3557,-0.45945,0.14367,0.15481,0.80345,-0.028861,0.53292,0.009113,-0.28694,0.045364,0.9854,0.11342,-0.10431,-0.91573,-0.64362,0.13501,-0.21925,-0.010915,-0.013398,-0.084491,0.16263,0.24178,0.26472,1.5661,0.27602,0.82823,-0.08407,0.90032,0.098766,0.28491,0.60301,-0.61586,0.97216,-0.38651,0.17035,-0.067533,-0.10303,1.1285,-0.37863,-0.63057,-0.40426,-0.12118,1.3048,-0.41714,-0.18501,-0.85625,-0.25188,-0.14904,-0.018495,-0.12873,-0.45201,1.0886,0.21097,0.014808,-0.20268,0.028265,0.15987,-0.00032857,-0.014107,-0.18989,-0.044511,-0.3226,-0.22265,0.1594,0.38439,0.20569,-0.12013,0.92426,-0.32954,-0.070119,0.0046296,-0.37937,0.15501,-0.34619,-0.71933,0.37424,0.16723,0.37583,0.074488,-0.60973,-0.016565,-0.14398,-0.2834,-0.39006,0.19344,-0.41935,0.018515,0.059731,0.22598,-0.17754,0.97183,0.43525,-0.17004,-0.32517,-0.014462,0.43829,0.55694,0.24137,0.18384,0.091052,-0.15429,-0.69676,0.089318,-0.38886,0.52244,0.42859,0.13219,1.3611,0.4228,0.13619,0.0829,0.18881,0.36512,0.087492,0.0070397,-0.086409,0.0050325,-0.13243,0.35826,0.02373,0.13737,0.48167,-0.11386,-0.16108,-0.52738,-0.53009,0.24069,-0.20072,-0.12485,0.46361,-0.14717,-0.34851,-1.0632,0.013113,-0.86304,0.11335,0.021048,-0.49057,0.14747,0.049001,0.14828,0.99934,-0.21678,-0.28806,-0.1546,-0.10798,-0.08336,0.061322,0.22052,0.1264,0.89226,0.51475,0.075255,0.049569,-0.061654,-0.039528,-0.012302,-0.58004,-0.27908,0.23453,-0.18782,1.7844,-0.026938,1.1164,0.017656,0.048286,0.26023,0.20257,0.24171,0.60112,-0.28781,0.17185,0.35414,0.17602,0.07454,-0.037103,0.067161,0.015736,0.40437,0.73842,-0.028314,-0.14443,-0.10483,-0.014499,-0.1794,-0.099202,-0.11439,0.6686,0.70622,1.0802,0.16315,-0.045877,-0.054993,-0.1692,-0.21315,-0.076245,-0.11446,0.13136,0.042165,-0.18899,0.24457,-0.046121,0.27149,0.019007,1.6594,-0.036936,0.052797,0.25691
TCGA-36-2545-01A-21-20,OV,Primary,35,0.040688,0.15833,-0.24473,0.53547,0.13621,-0.55446,-0.51677,0.087508,-0.30482,-0.5289,-0.51712,-0.13463,0.84804,0.612,0.56851,-0.36651,-0.20163,0.24989,-0.28996,-0.01118,0.041607,-0.31584,0.27922,0.23459,-0.42732,0.0095123,0.82993,-0.15803,-0.11865,-0.86727,-0.61796,0.30132,-0.35971,-0.12599,-0.1455,-0.17611,0.87666,0.50801,-0.47655,0.5916,0.30364,0.10067,-0.14615,0.36616,-0.73294,0.064171,0.020077,-1.0328,0.19421,-0.34951,0.12347,-0.023134,0.075287,0.44696,-0.26843,0.17565,0.47734,-0.44338,0.70376,-0.31261,-0.16454,0.037453,-0.48473,-0.18304,0.59659,-0.27943,0.73265,0.039775,-0.3214,-0.67775,0.32695,-0.36343,-0.17817,0.60004,-0.27932,1.4394,0.14661,0.1638,-0.1945,0.02908,-0.089989,0.1933,0.092427,0.74052,0.052412,-0.44142,-0.0068635,-0.35101,0.057226,0.017903,0.72313,0.34138,-0.29965,0.18817,0.29411,0.32195,-0.24926,0.19851,-0.60458,-0.032046,0.062346,-0.34579,0.37955,0.065037,-0.22397,-0.053894,0.32526,-0.26363,-0.31938,-0.16783,-0.18637,1.1403,1.039,0.34495,0.36605,-0.50411,-0.14597,-0.4904,0.18019,0.11161,0.083842,0.44505,-0.27014,1.5228,-0.38903,0.34788,-0.17507,-0.21996,0.40615,-0.17913,0.089829,-0.03439,0.32078,-0.060869,-0.10187,0.10804,0.18967,0.24281,-0.42018,-0.14503,-0.19777,-0.22463,0.13328,-0.10604,0.26328,0.56107,0.0076666,-0.076277,-0.10726,-0.10124,-0.01406,0.46308,-0.093617,-0.16272,0.043013,0.052395,-0.42,0.909,-0.17396,0.35354,0.10654,0.37196,0.21946,-0.20499,-0.50027,0.1306,0.56319,0.14013,0.078002,0.060555,0.011628,-0.15362,0.21166,-0.28115,-1.1539,0.32534,0.052589,3.9076,-0.00364,0.32091,0.082977,0.0021082,0.35974,-0.013683,0.039121,0.0040666,0.066084,0.40489,-0.18638,0.13152,-0.077294,-0.036934,0.00045427,-0.01158,0.01154,0.032313,0.019578,-0.22748,-0.097104,-0.22053,-0.028167,0.11478,0.36709,0.72959,0.37075,0.36598,-0.26791,0.037632,0.20592,0.18971,-0.33701,-0.2334,-0.039501,-0.019814,-0.21019,-0.54112,-0.098872,-0.047184,0.68895,0.013294,0.76317,0.20082,0.16963,0.62733
TCGA-42-2589-01A-21-20,OV,Primary,35,0.18784,-0.22706,-0.27459,-0.47437,0.079285,-0.60365,-0.51736,0.54669,-0.1218,-0.94189,-0.23282,0.84905,-0.52213,-0.035893,0.43269,-0.040836,-0.028933,-0.032105,0.010659,-0.24051,0.32449,-0.17705,0.49459,0.35517,-0.52314,0.013121,-0.27498,-0.058581,-0.36428,0.50141,-0.55251,-0.1178,-0.35231,0.088294,0.057619,-0.13298,0.19452,0.28699,0.027762,1.4572,0.17057,0.88852,-0.21363,0.72805,-0.67092,0.178,-0.14837,0.044384,1.0456,-0.17126,-0.31263,-0.059182,0.070694,0.38774,-0.41653,0.48978,1.4186,0.14261,0.84493,-0.29881,-0.066857,-0.57409,-0.40998,-0.27965,-0.038374,-0.36298,-0.49086,2.0511,-1.4013,-0.27895,0.047387,0.69293,0.020693,0.35668,-0.029832,0.5396,0.25618,0.16253,-0.1093,0.16603,0.11828,-0.26794,0.46431,0.71994,0.19676,-0.15221,0.35693,-0.29427,0.04722,0.33517,0.17348,0.10216,0.37125,0.28291,-0.11343,0.65606,-0.10382,0.030824,-0.30302,0.29154,0.30941,0.29243,1.0146,0.12639,-0.29241,-0.23749,0.46156,0.37437,-0.0003348,-0.017946,0.11558,0.89263,1.1351,0.14937,0.22603,-0.45193,-0.064652,-0.35466,0.08183,0.37888,0.39954,0.74121,-0.17481,1.8227,0.033377,0.075174,-0.20234,-0.075278,0.40195,-0.041233,0.15579,-0.070383,0.13555,0.082672,-0.15092,0.011554,0.22714,0.3053,-0.35512,-0.16292,0.027841,-0.73604,0.49122,-0.72129,0.41798,0.22182,0.081191,-0.75221,-0.48531,0.0047484,-0.12112,0.049704,-0.094138,-0.0068911,0.35469,0.035285,-0.44385,-0.38647,0.10101,-0.087686,0.36035,0.55666,0.37278,-0.12173,-0.30324,0.35931,0.96437,0.68195,0.094811,0.047793,-0.25349,0.23811,0.25957,-0.20215,0.39162,0.44443,-0.14682,2.7128,-0.29532,1.854,0.78574,-0.16049,0.41707,-0.033583,-0.038684,-0.081262,-0.27606,0.097562,0.25054,0.012855,-0.25398,-0.11742,-0.0059659,-0.010887,0.37927,0.79377,-0.37922,-0.19939,0.043751,-0.62491,-0.44011,-0.5249,-0.24329,-0.4112,-0.29988,0.68782,-0.4526,-0.12535,-0.30868,-0.11987,-0.47446,-0.55504,-0.29964,-0.067255,0.082909,-0.8262,-0.70614,-0.28011,0.035492,-0.54034,1.2083,-0.34794,-0.25554,0.25301
TCGA-23-2641-01A-21-20,OV,Primary,35,-0.13047,-0.25592,-0.33584,0.34412,0.52516,-0.58945,-0.68114,0.17231,1.8563,1.2044,-0.053742,0.41184,1.3543,-0.11959,1.2422,-0.39164,-0.59279,-0.72454,0.25258,0.018967,1.6007,-0.36518,-0.20876,0.37561,-0.53993,-0.07497,-0.15278,0.054554,-0.15174,-1.0213,-0.33705,0.035868,-0.40622,-0.23196,0.060081,-0.22571,1.1742,0.35361,0.23993,0.11131,0.056361,-0.075008,-0.21219,0.67308,0.18913,0.53724,0.96555,-0.81974,0.85669,-0.29953,-0.2496,-0.17959,-0.15898,2.4421,0.29933,0.44187,-0.60574,0.37547,1.186,-0.33366,-0.0356,0.08048,-0.051974,-0.10921,-0.32602,-0.23432,-0.54412,1.2517,-0.61452,-0.62656,0.1691,0.68063,0.18137,-0.38082,-0.2532,1.6861,-0.36906,0.38693,-0.19531,0.21908,0.26955,0.42358,1.3553,0.26249,-0.3033,-0.4211,0.1167,-0.081557,0.048245,0.036757,0.40807,-0.26005,-0.57655,0.4616,0.35251,0.26808,0.47359,-0.058843,-0.25405,0.30516,0.55368,-0.14308,0.60225,0.43687,-0.26946,0.020494,-1.0631,0.5434,-0.31352,0.028391,-0.10705,0.41068,0.53581,0.38863,0.62864,-0.33286,-0.1138,-0.73607,0.093477,-0.1144,0.52699,-0.38762,-0.28524,0.7401,0.24699,0.68021,-0.093961,0.78371,1.4557,-0.21401,0.069858,-0.11097,0.42925,-0.039074,0.026649,0.63059,0.40524,0.34074,-0.18762,-0.14134,-0.37638,-0.69911,0.26902,-1.5555,0.32227,0.39012,-0.10548,1.9553,0.64055,0.16196,-1.294,0.11591,0.060072,1.1402,-0.45565,-0.056013,-0.31983,0.90717,0.059715,-0.020883,0.19661,0.72758,0.2522,0.0052892,-0.96344,-0.085696,0.76155,0.87879,0.27192,0.036311,-0.023953,0.028151,0.20782,0.16202,-0.90686,0.53428,0.50059,2.825,-0.21424,0.17908,0.82186,-0.020822,0.21917,0.12594,0.13484,0.39616,-0.49264,0.13002,-0.12111,-0.19447,0.043738,-0.088436,-0.0023118,-0.25669,0.43643,0.79906,-0.16177,-0.3516,-0.038436,0.61415,-0.43744,-0.24521,0.038231,0.30379,0.53601,0.76157,-0.084815,-0.03118,0.33097,0.05204,-0.34013,-0.28757,0.19449,0.062521,-0.25162,-0.41327,-0.09779,-0.066365,0.13432,-0.37847,1.5118,0.023186,-0.14118,0.55421
TCGA-13-0801-01A-03-20,OV,Primary,35,-0.0064252,0.2882,-0.018754,0.3186,-0.40981,0.09603,-0.095354,0.15139,-0.070128,-0.7913,-0.63175,0.25203,0.91322,0.87278,1.4598,-0.42399,0.065238,-0.54971,-0.14339,-0.092858,-0.65525,0.0035122,0.58944,-0.20287,-0.56961,-0.025584,1.2676,0.032044,0.073331,0.28123,-0.90938,0.068727,-0.666,0.18644,-0.093294,0.11048,0.6314,0.33609,0.14609,0.64784,0.37438,0.878,-0.22692,1.0336,0.038032,-0.047755,-0.52535,-0.50039,0.52845,-0.42372,-0.29951,-0.16124,-0.1271,2.1677,0.085895,-0.47286,0.19983,0.033412,0.56711,-0.60383,0.093683,-0.21802,-0.50601,-0.32907,0.29995,-0.18697,0.20603,-0.041775,0.19238,-0.37386,-0.40025,-0.37521,0.16659,0.53018,-0.14074,0.043855,0.87712,0.086542,-0.34334,0.29883,0.35104,0.15,-0.057718,0.35679,-0.36418,-0.29976,0.094809,-0.36524,0.16204,-0.054629,-0.4356,0.16274,0.068362,0.28292,-0.12169,-0.92551,-0.66459,0.18255,-0.796,-0.34661,0.42693,-0.51639,-0.22343,0.40345,0.2478,-0.089405,-0.70377,0.31946,0.0367,0.71131,0.46102,0.27983,0.30476,0.2496,0.15752,-0.16879,-0.10852,-0.44112,0.34519,-0.189,0.25876,1.3239,-0.023416,2.1791,-0.22761,-0.15604,0.11922,0.134,0.40649,0.017786,-0.27784,-0.046512,0.20063,-0.20502,0.112,0.019011,0.14414,0.80739,-0.27774,-0.16004,0.047706,-0.81565,0.45484,0.13187,0.086821,1.3545,-0.019284,0.068125,-0.35913,-0.021383,0.077639,-0.063822,-0.23878,-0.25225,0.10618,0.081441,-0.099678,0.64112,-0.051573,-0.11233,0.53172,0.86896,0.34514,0.042539,0.94509,0.37407,0.92884,0.30925,0.14696,0.01824,-0.029777,-0.33913,0.17286,-0.29774,-1.0821,0.79841,-0.09954,0.30005,0.018157,0.61689,0.3923,-0.18634,0.16318,-0.19424,-0.073371,-0.067685,0.37819,0.08964,0.26203,0.025951,-0.1475,-0.10838,0.087145,-0.21016,0.94548,1.7127,0.66549,-0.15995,-0.14492,-0.60138,-0.4399,0.45341,-0.40858,0.67653,0.18257,0.68824,-0.0097998,-0.19272,-0.043221,-0.060661,-0.54995,-0.19694,-0.43706,0.077897,-0.21875,-0.75205,-0.059307,-0.23296,0.65877,-0.080586,1.6929,-0.41475,-0.094388,1.8836
TCGA-13-0897-01A-21-20,OV,Primary,35,-0.038234,-0.17267,-0.086217,0.31102,-0.2346,-0.54014,-0.67758,0.24492,-0.28436,-0.81916,-0.37683,0.60321,-0.50082,0.48223,1.4855,-0.2288,-0.30543,-0.44906,0.003803,0.090391,0.63155,-0.10372,0.26151,0.49178,-0.46094,-0.03301,-0.28271,0.15898,0.042641,1.5172,-0.89666,0.15223,-0.29913,0.075286,0.15774,-0.092806,-0.56636,0.082861,0.17994,0.4262,0.38131,0.50219,-0.054921,0.8075,-0.6921,0.61607,-0.14513,-0.35697,0.38184,-0.25373,0.4108,-0.078022,0.063288,1.3288,-0.38864,-0.086649,0.48262,0.0036282,1.0628,-0.20197,0.18902,-0.091986,-0.27231,-0.021856,0.14404,-0.13931,0.017243,-0.4009,0.39401,-0.11311,0.45638,0.8741,-0.26598,0.24649,0.23995,1.2282,-0.38683,1.1112,-0.22065,0.19602,0.16367,0.31267,-0.27563,0.73429,0.11119,-0.17294,0.18045,-0.17205,0.17377,0.18141,0.29272,-0.22451,-0.019279,0.41293,0.018684,-0.079279,-0.098085,-0.2306,-0.13284,0.33405,0.56168,0.51193,0.88241,-0.0062225,-0.24966,-0.080963,1.0821,0.28285,-0.21148,-0.22273,0.24679,1.3624,1.9354,0.55309,0.22997,-0.31643,-0.14624,-0.7964,0.17788,0.095333,0.0088389,0.3867,-0.12841,1.4745,0.6492,-0.22475,-0.088724,-0.1163,0.0037148,-0.14575,0.16614,0.055845,0.21388,-0.14984,0.14823,0.048561,0.47968,0.31465,-0.37129,-0.27609,-0.31374,-0.4115,0.25535,-0.87656,0.25161,0.86445,-0.18868,0.1072,-0.22129,-0.18928,-1.5329,0.18306,-0.27272,-0.12676,0.62613,0.12732,-0.031923,0.33421,-0.2787,-0.43825,-0.20569,0.26614,0.10291,0.055356,-0.11801,0.014406,0.43191,0.23184,-0.083389,0.03653,-0.27643,-0.34277,-0.11883,0.15724,0.19434,0.6713,-0.21299,2.7087,-0.10232,-1.3733,1.2049,-0.088197,0.60767,0.014809,0.042661,1.7339,-0.06641,0.19186,-0.10861,0.074152,-0.072897,-0.12128,-0.025024,-0.077285,0.85035,1.3311,-0.33761,-0.32332,-0.10539,-0.52817,-0.29673,-0.044892,0.073381,0.67268,0.15579,0.091722,0.031413,0.054874,0.018954,-0.062648,-0.26179,-0.22455,-0.057796,0.086009,-0.1898,-0.27508,-0.19453,-0.056099,0.37706,-0.16227,1.5352,0.052475,0.1328,-0.068842
TCGA-13-0916-01A-21-20,OV,Primary,35,-0.025544,1.1206,0.34082,1.2235,0.40568,0.57767,0.57804,0.58569,-0.91001,-0.53492,0.33998,0.38346,1.1817,2.9049,0.080741,-0.34523,-0.011727,1.2143,-0.013909,-0.037596,1.2572,-0.095377,0.88074,-0.12924,-0.39979,0.062242,1.2672,-0.036632,-0.013234,-0.66717,-1.1044,-0.056127,-0.32643,0.029197,0.23214,0.21918,0.68133,0.43111,0.032611,0.47648,-0.11112,0.72302,-0.18567,1.1569,-0.25868,0.18237,0.56604,-0.72225,1.3894,-0.28191,-0.34013,-0.030505,-0.28461,2.4122,0.74768,0.16613,-0.24068,0.16657,1.5907,-0.47232,0.092525,-0.037222,-0.33853,-0.25177,-0.060859,-0.20985,0.22953,0.7499,-0.87372,-0.052624,-0.074989,-0.25276,0.13653,0.21169,0.06732,0.78228,-0.70623,0.73617,-0.055293,0.14321,0.32668,-0.035476,1.1775,0.73945,0.0045941,-0.52071,0.10204,0.35151,0.21273,0.06326,0.36724,-0.2341,-0.25128,0.89646,0.012436,-1.0179,-0.23788,0.8445,-0.58219,0.60983,0.34157,-0.80721,-0.92961,0.12357,0.18414,-0.093998,1.1366,-0.3042,0.14744,0.10496,0.322,-0.41036,-0.0039983,0.15114,0.04531,0.03382,0.085558,-0.68755,0.51945,-0.0065056,-0.096985,0.54729,0.0029662,1.407,0.22901,-0.037113,-0.084693,0.13071,0.42096,-0.15791,0.14132,0.48918,0.4107,-0.43992,0.48749,0.4306,0.31644,0.3351,-0.45765,-0.30403,-0.85652,-0.76781,0.23995,-0.28966,0.15522,1.1595,-0.20414,2.2131,-0.44493,-0.13994,-1.7707,-0.06198,-0.26328,-1.0309,-0.29212,-0.16264,-0.33486,1.1125,-0.31245,-0.68132,-0.5475,0.31741,0.50352,-0.15441,-1.7652,0.30234,0.26353,-0.13179,-0.24495,-0.0033174,-0.017525,-0.41254,0.057219,-0.52231,-0.70606,0.59646,-0.24985,1.6934,-0.23838,0.75939,0.40891,-0.1659,-0.6097,-0.24456,-0.062487,-1.8274,-0.52128,0.56209,0.41973,0.22971,-0.20392,-0.057698,0.13136,-0.0051231,0.66965,1.0684,-0.32812,-0.3797,-0.057996,0.27592,-0.40731,0.24911,-0.17745,1.7805,0.20904,0.438,-0.10546,-0.11482,0.045947,0.20046,-0.23407,-0.36126,-0.27562,0.025294,-0.28519,-0.72351,-0.37994,-0.1789,0.38837,-0.36373,1.749,-0.26743,-0.2638,0.46686
TCGA-24-0979-01A-21-20,OV,Primary,35,0.098493,0.048036,-0.32175,0.28416,0.22679,-0.77834,-0.62938,-0.07543,-0.23157,-0.76629,-0.48108,-0.082131,0.39447,0.17353,0.19744,-0.15183,-0.46312,-0.50818,0.20159,-0.022093,0.00090647,-0.024235,0.22969,0.64108,-0.18834,0.05112,0.26285,0.11457,0.028607,-0.45788,-0.40123,0.19373,-0.15446,-0.14699,0.097822,-0.087008,0.055848,0.28873,-0.1372,1.326,0.6856,0.12453,-0.028032,0.46397,-0.10669,0.29671,-0.054082,-0.84911,-0.25968,-0.26599,0.17869,-0.014108,0.23991,0.37347,-0.29273,-0.62947,0.034557,0.039707,0.58634,-0.32601,-0.36229,-0.69179,-0.37253,-0.075764,0.040183,-0.10154,0.36597,1.4951,0.28966,0.0010746,-0.062743,0.01015,-0.48579,-0.41441,-0.17035,0.17017,0.28878,-0.64041,0.028462,0.23335,0.0076648,0.22987,0.13864,0.33887,-0.35317,-0.38302,0.22498,-0.29745,0.1244,-0.10771,-0.38307,0.95619,-0.37308,0.84857,0.11243,0.50464,0.19169,-0.32411,-0.49419,-0.10347,0.25061,-0.55742,-0.24718,-0.098662,0.15162,-0.050858,0.37642,-0.45694,0.020766,-0.0042025,-0.24389,1.007,0.81787,0.3694,0.15996,0.21721,0.10579,-0.38983,0.11987,0.68225,0.84136,-0.60055,0.028753,-0.026629,-0.41081,-0.016565,-0.058766,0.088859,0.24736,-0.05148,-0.035229,-0.20452,-0.0547,-0.070547,0.47904,-0.051953,0.011465,0.3258,0.17529,-0.093575,-0.3675,-0.12464,0.24287,-0.92809,0.074343,-0.12937,0.20751,-1.0193,-0.32785,0.3043,-0.25772,0.3221,0.046307,0.91629,0.33929,0.077505,-0.099056,0.62285,0.0087592,0.31418,-0.40706,-0.65613,0.22589,0.099946,-0.45628,0.13132,0.092377,-0.14085,0.12561,0.087484,-0.12621,0.25637,-0.11516,-0.61237,-1.3954,0.42384,-0.33422,2.1611,-0.035642,0.95101,0.58418,0.094388,0.34665,0.21604,0.19856,0.097241,-0.48609,0.10683,-0.27558,-0.084162,0.040863,0.020211,-0.11856,-0.098481,0.019687,-0.16136,-0.13159,-0.092452,0.13694,0.057994,0.089937,-0.40555,0.12503,0.20531,0.73033,0.61853,-0.16338,-0.19142,-0.029368,0.065619,-0.23273,-0.061249,-0.20575,0.045354,-0.27459,-0.40571,-0.38425,0.088388,0.49018,-0.27846,1.3462,0.15402,0.02738,-0.14463
TCGA-04-1338-01A-21-20,OV,Primary,35,0.18807,-0.34841,-0.32003,-0.85615,-0.28913,-1.2704,-1.1864,-0.17612,-0.19182,-0.21751,-0.24283,-0.15106,-0.45346,-0.23695,-0.099563,-0.23655,0.029127,-0.4501,0.16128,0.15088,-0.44284,-0.071892,0.29484,0.4029,-0.05446,0.040092,-0.088178,-0.12574,0.047389,0.046899,0.91231,0.25494,0.0072283,0.14668,0.12961,-0.064356,-0.43689,0.26089,-0.019223,0.14562,1.13,0.14743,-0.073724,0.25679,-0.50545,0.5734,0.1581,-0.89188,-0.43512,-0.16248,-0.23129,-0.0075669,0.37147,0.080724,-0.42684,-0.54163,2.3242,-0.40032,0.72403,-0.32968,-0.26989,-1.162,-0.070633,0.12436,0.40596,-0.15466,0.04735,2.0546,0.16605,-0.19766,0.23772,-0.082011,-0.64238,0.05931,0.048309,0.3583,-0.1894,-0.71387,-0.18241,0.24288,-0.54656,-0.024509,0.098191,-0.76773,-0.91328,-0.096653,0.22555,-0.21082,0.14795,0.21957,0.0093721,0.26414,-0.37633,-0.027691,-0.42851,1.6202,0.020407,-0.080823,-0.18228,0.16819,0.29057,-0.36679,0.293,0.11723,-0.2096,-0.33945,0.37307,-0.25409,-0.060141,-0.3985,-0.66954,0.61012,0.56125,0.20752,0.33934,-0.24291,0.1356,0.059803,-0.016617,-0.35309,0.16258,-0.91141,0.16438,0.09294,-0.67041,0.32426,-0.17647,0.4331,0.47521,-0.22174,-0.093255,-0.37713,-0.033238,-0.019889,0.063121,-0.090058,-0.024299,-0.24302,-0.041632,0.0050648,-0.20564,0.074459,0.091271,-0.96364,0.32789,0.085878,-0.061348,-0.94795,-0.9047,0.3272,5.1328,0.29721,-0.061118,0.038562,0.42227,-0.07331,-0.44222,0.20553,0.032775,0.24024,-0.033213,-0.53235,0.56655,0.12698,-1.1566,-0.023409,-0.38251,3.1982,0.054871,0.20108,-0.072712,0.16398,0.03323,0.16641,-0.80322,0.35797,-0.24934,2.2452,0.072899,-1.6731,0.091667,0.17034,0.50905,0.18881,0.2401,0.31504,0.12859,0.10128,-0.083762,-0.10668,0.17052,0.12386,0.09196,0.0067699,-0.48499,-0.49962,-0.13965,0.035521,0.02313,-0.63931,0.28988,-0.10512,0.23191,0.041106,0.32213,-0.3312,-0.048465,-0.13392,0.36326,0.43564,-0.13041,-0.073529,0.29478,0.060738,-0.39827,-0.32067,-0.82974,0.15906,0.035438,-0.38887,-0.24471,-0.075832,0.036075,-1.3819
TCGA-04-1360-01A-21-20,OV,Primary,35,0.095147,0.11437,-0.24056,0.14824,0.65944,-0.38663,-0.52313,-0.37585,-0.68166,-0.65337,-0.23899,0.40832,0.52386,0.42992,0.90849,-0.13194,-0.49357,-0.71334,-0.15859,-0.029691,0.36277,0.32522,0.74917,0.30394,-0.10136,0.19988,0.18577,-0.039425,0.10269,-0.27234,0.49191,0.2142,-0.29534,0.23194,0.13995,0.2041,0.24021,0.56706,-0.12157,0.23604,0.93826,0.75157,0.16204,0.31187,0.15603,-0.037018,0.22329,-0.29167,-0.19546,-0.332,-0.043729,0.10969,-0.18368,0.37173,-0.25932,-0.32313,0.24048,-0.19954,1.9579,-0.30317,-0.017368,-0.73922,-0.44439,-0.099494,0.20546,-0.00019208,1.1571,0.76283,-0.26125,0.011102,0.23712,-0.1839,0.093349,-0.42486,-0.074545,0.8101,0.72322,0.1832,0.083512,0.4224,-0.020259,-0.016292,0.1589,-0.63462,-0.36997,-0.15109,0.054075,-0.30229,0.17522,-0.17137,0.049253,0.26883,-0.24147,0.70427,0.045772,-0.26558,0.19235,-0.22898,-0.49966,-0.27235,-0.012196,-0.57342,-0.14533,-0.16847,0.10921,-0.032707,0.97374,0.069355,0.055181,-0.38666,-0.20224,0.25735,0.11479,0.29404,-0.072258,0.13006,-0.075917,-0.09982,-0.011526,0.90667,0.28132,-0.18713,0.26204,-0.73695,-0.20633,-0.26296,0.21053,0.1406,0.73739,-0.14066,0.035476,-0.074627,-0.13406,-0.057009,0.15286,-0.040468,-0.0081021,-0.19552,-0.12834,-0.16507,-0.48622,-0.04951,-0.28637,-0.44378,0.01903,0.62208,-0.29111,-0.1287,-0.6772,-0.04982,2.5297,0.17614,0.10811,-0.12194,0.38157,-0.069297,-0.48476,0.56313,-0.17091,-0.10554,-0.388,-0.80209,-0.14389,0.39223,-0.83803,0.066317,0.53429,0.23353,0.047375,0.037937,-0.32855,-0.096108,-0.14488,-0.36487,-0.93327,0.046837,-0.39217,1.5695,0.14786,-0.91191,-0.0032812,0.10255,0.1887,-0.0047794,0.085475,-0.051466,-0.1431,-0.176,-0.42381,-0.15072,-0.10023,0.10402,-0.077163,-0.039783,0.22642,0.40816,0.11734,0.060773,0.043372,0.037382,-0.058706,-0.052301,-0.15645,-0.12093,0.23639,0.49855,-0.04979,-0.17915,0.16401,0.080686,-0.25496,-0.21873,-0.28222,0.062926,-0.038253,-0.43984,-0.47881,0.13985,-0.29668,-0.43196,-0.197,-0.081417,-0.20631,0.45883
TCGA-24-1417-01A-21-20,OV,Primary,35,0.020089,-0.19659,-0.31951,-0.052646,0.56923,-0.66,-0.57685,0.18225,-0.83952,-1.1127,-0.15657,0.88844,-0.17898,0.43524,1.0242,-0.29131,0.15228,-0.44281,-0.018405,0.10902,0.31873,-0.10597,1.099,0.13954,-0.44693,-0.067245,-0.0033838,-0.042515,-0.24339,-0.084292,-0.33267,0.10027,-0.24521,0.025733,-0.053772,-0.2635,0.57708,0.068216,-0.025112,0.91635,0.21836,0.56895,-0.25272,1.1276,-0.22749,0.90582,0.23033,-0.56861,0.21662,-0.21929,-0.04917,-0.17615,-0.096253,1.9148,-0.66514,-0.10786,1.1585,-0.18509,1.0435,-0.21995,0.086086,-1.1139,0.27262,0.059332,0.26344,-0.19945,-1.0335,1.3172,1.102,-0.31254,-0.098717,0.51552,-0.47029,0.39719,0.068796,0.24473,0.23361,-0.16625,-0.043441,0.10207,0.31579,0.14945,-0.11915,0.46433,0.12242,-0.10276,0.20124,-0.086231,0.086232,0.030696,-0.42757,0.66156,0.12703,0.17216,-0.1959,1.4123,0.32258,-0.25611,-0.50574,0.42139,0.95576,-0.10796,0.34549,0.053903,-0.2186,-0.3165,0.74317,0.25961,-0.28273,-0.16102,0.59899,0.80405,0.98176,0.32403,0.57621,-0.28481,-0.14893,-0.81197,0.11635,-0.5688,0.65192,0.86518,-0.036339,1.3491,0.075128,0.013443,0.10397,-0.019029,0.10977,0.057539,-0.11229,-0.15726,0.24604,-0.039427,0.060883,0.52158,0.16064,0.4306,-0.096096,-0.11536,-0.52145,-0.33666,0.42258,-0.92193,0.1402,0.44837,-0.017347,0.081125,-0.97279,-0.063221,-0.84909,0.42156,-0.073254,-0.0048987,0.33044,-0.03992,-0.18732,0.47162,-0.23644,-0.1633,0.25926,0.091948,0.13223,-0.002268,-1.0007,0.29958,0.91244,0.42574,0.019019,-0.0064408,-0.32199,0.018311,0.046204,0.11122,-0.032476,0.74691,-0.38281,3.109,0.083218,0.91637,0.35872,-0.046905,0.51799,-0.0033591,0.10793,-0.1134,0.14276,-0.1032,0.26259,0.59815,-0.39069,-0.0099226,0.0067587,0.06989,0.32753,0.86028,-0.0039523,-0.14903,-0.019557,-0.3449,0.32404,0.18025,0.22381,0.44564,0.48786,0.47728,-0.054373,0.24246,0.29997,-0.0037831,-0.24734,-0.027212,-0.084903,0.058095,-0.1174,-0.30765,-0.15571,0.0032618,0.6341,0.25131,1.8851,0.055319,0.30111,-0.36015
TCGA-36-2547-01A-21-20,OV,Primary,35,0.010318,-0.34901,-0.19014,-0.30809,0.74019,-0.45784,-0.50899,0.18128,-0.48475,-0.63969,-0.31694,0.35102,0.47491,0.40368,0.4225,-0.38736,-0.7458,-0.48332,-0.15905,0.030577,0.0595,-0.14207,1.1549,-0.15175,-0.13976,0.011153,0.97701,-0.092977,-0.26124,-1.071,0.1477,0.18333,-0.65145,-0.094567,-0.021833,-0.16764,0.67397,0.40229,-0.50525,1.0866,1.0477,0.34788,-0.14878,1.4112,-0.71818,0.13807,-0.26796,-1.1087,0.57427,-0.11367,-0.24634,0.016926,-0.29761,2.1178,0.036291,-0.11782,0.14194,-0.2354,1.4479,-0.71457,-0.29427,-0.68418,0.15111,0.071083,0.7951,-0.21862,1.2556,2.0245,0.15118,-0.13928,-0.10777,-0.26944,-0.04962,-0.72272,-0.19773,0.31261,-0.11022,-0.19238,-0.22308,0.10935,0.30962,0.23944,0.47343,1.2043,-0.025785,-0.22899,-0.19437,0.025322,0.14465,-0.41692,-0.23964,0.014939,-0.0063536,-0.20461,0.057465,-0.20225,0.016548,0.018947,-0.26495,-0.59186,0.14941,-0.67893,-0.096122,0.052978,0.3649,0.0032338,0.31407,-0.17779,-0.010827,-0.10131,-0.39536,-0.5877,-0.46474,-0.0038099,0.32284,-0.29307,-0.018634,-0.57973,-0.078699,-0.087799,-0.044821,0.13493,0.054749,1.1179,0.022558,-0.31066,0.084089,0.028607,0.64565,0.2423,-0.31949,-0.37345,0.11519,-0.0077894,0.013653,0.3144,-0.083379,0.26101,-0.15291,-0.03111,-0.20116,-0.35334,0.21459,-0.57408,0.21474,0.93244,-0.13863,-0.76602,-0.24063,0.008041,2.6449,0.26759,0.013791,-0.23591,0.3529,-0.15853,-0.27847,0.86974,0.045191,0.41735,-0.30231,-0.32435,-0.27317,0.087578,-0.72372,0.25874,0.27589,1.3481,0.049305,0.13909,0.10312,-0.057408,0.02229,-0.77228,-0.47491,0.28829,0.080401,3.9988,0.19953,0.78187,-0.0067342,0.30627,-0.096189,0.22881,0.19299,1.14,-0.30578,0.13877,0.53026,-0.08437,0.17014,0.10042,-0.089979,0.097572,1.0747,1.1387,-0.20188,-0.17106,-0.1294,-0.11653,0.08172,-0.086849,0.22825,0.46103,0.48875,1.2297,-0.17322,-0.084027,0.068217,0.019785,-0.16997,-0.06147,0.023202,0.023559,-0.0063617,-0.39825,0.021094,0.01841,0.31768,-0.23893,1.0597,-0.054815,-0.090062,0.19354
TCGA-42-2590-01A-21-20,OV,Primary,35,-0.092827,-0.0912,-0.26113,-0.27231,0.20062,-0.74225,-0.6746,0.61988,-0.14671,-0.51513,-0.3422,0.24584,-0.59878,1.3184,0.28563,-0.038745,-0.19475,-0.59386,-0.038961,0.027663,0.21167,-0.27382,-0.39429,0.39233,-0.46006,-0.15507,-0.64738,-0.041355,-0.24186,-0.57318,-0.25019,0.32478,0.0639,-0.20788,0.19944,-0.36176,0.017411,0.15374,-0.14664,1.3751,0.46346,0.14635,-0.21187,-0.051081,0.29425,0.42167,-0.31679,-0.82284,0.21451,-0.070565,0.38955,-0.17324,-0.1047,0.8989,-0.35606,0.024318,1.4415,-0.35577,0.69982,-0.28501,-0.096788,-0.025441,-0.25841,0.12499,0.22088,-0.21767,0.35385,1.7763,-0.19463,-0.48696,0.34485,-0.11977,-0.13205,-0.22517,-0.0099335,1.2282,0.75825,-0.061167,-0.12384,0.027268,0.058061,0.32112,0.14888,0.74904,-1.3677,-0.31245,0.31284,-0.46296,-0.027701,0.25418,0.61867,-0.085394,-0.36017,0.14865,0.15294,1.0297,-0.19711,0.041972,-0.30092,-0.09256,0.18669,-0.73041,0.032667,0.037788,-0.22275,-0.1992,0.50446,-0.38996,0.0029339,-0.15262,-1.326,0.15049,0.097058,0.27376,0.6806,-0.67625,-0.14112,0.14927,0.39779,0.82467,0.26523,-0.25717,-0.12332,1.1168,-0.15042,-0.23764,-0.54843,0.15466,0.82031,-0.19076,0.23929,-0.173,0.31224,-0.042404,-0.6672,-0.07611,0.28337,0.2464,-0.21684,-0.11326,-0.19487,-0.33875,0.33347,-0.73731,0.035366,-0.0071473,0.10059,-0.58304,0.028107,0.011266,-0.080081,-0.19994,0.0040984,-0.53867,0.13005,-0.25307,-0.092557,0.58924,0.094847,0.27526,0.054612,0.45499,0.36665,-0.12771,-0.44638,0.099772,0.35896,0.22563,0.1695,0.055789,-0.077099,0.19972,-0.02724,0.93299,0.22876,0.51818,0.045696,1.7235,-0.17729,0.56562,0.60456,-0.041852,0.45874,0.079521,0.087651,1.2387,-0.033773,0.024471,-0.23528,0.031068,0.12689,-0.057702,-0.066269,-0.16397,0.2161,0.31287,-0.55233,-0.32665,-0.010163,0.27226,-0.26319,0.17054,-0.36688,0.57417,0.28953,-1.1029,-0.18196,0.013087,0.24424,0.076024,-0.46914,-0.22061,-0.011289,0.038593,0.040816,-0.24366,-0.55348,0.042283,0.087042,-0.34165,1.2189,0.48294,0.016288,-1.046
TCGA-23-2643-01A-21-20,OV,Primary,35,0.077142,-0.52639,-0.22444,-0.82055,0.93459,-0.3773,-0.64849,-0.57799,-1.4019,-1.4418,-0.34654,0.73129,1.3058,0.29754,0.098865,-0.36257,-0.78411,-0.38075,0.0048597,0.20187,0.65971,0.042108,1.1263,-0.20614,-0.33606,-0.039599,-0.051579,-0.050095,-0.13011,0.86204,-0.7697,0.22065,-0.33878,-0.32185,0.14061,-0.11246,0.2927,0.39421,-0.20543,2.0561,0.21739,-0.081991,0.09199,-0.037531,-0.1759,0.34487,0.66177,-0.61327,0.57765,0.045462,-0.10903,-0.15455,-0.13627,2.7459,-0.38005,-0.53714,-0.50862,-0.12661,1.6784,-0.56735,-0.088225,-1.2641,0.32448,0.25739,0.38366,-0.16303,1.5945,2.3162,0.40498,0.12573,-0.22588,-0.48955,-0.11239,-0.5019,-0.11043,-0.79166,0.077462,-0.82271,-0.18431,0.33655,0.53863,0.18973,0.38815,0.42879,-0.35576,-0.095268,-0.00078284,-0.078898,0.13424,-0.35324,-1.1205,0.71085,-0.44261,0.050634,-0.11722,-0.55358,0.54004,-0.49669,-0.20491,-0.16611,0.16211,-0.54666,-0.10887,0.19606,-0.075484,-0.22433,0.31037,-0.0064955,-0.12785,-0.73305,0.12294,-1.0661,-0.92918,0.079881,0.24373,-0.31476,-0.096884,-0.05595,-0.08679,-0.28757,-0.093183,-0.29934,0.18379,0.3504,0.16258,-0.39794,-0.24205,0.1334,-0.074394,0.21977,-0.31797,-0.19651,-0.01,0.025969,0.23973,0.78075,0.010824,0.31443,0.034876,-0.030815,-0.5643,-0.5829,0.47767,-0.43318,0.14667,0.53514,-0.19795,-0.71606,-1.1564,0.17064,-0.94626,0.24282,0.11686,0.035644,-0.20964,-0.18013,-0.28536,0.23565,0.032042,0.30464,-0.046954,-0.44117,0.71999,0.30261,-0.0841,0.29396,-0.18644,1.0654,-0.044542,0.21706,0.028717,0.28543,0.034676,-0.36347,-1.2119,-0.031699,-0.2461,1.9268,0.15239,1.3755,-0.11617,0.33665,0.27426,0.36884,0.27217,-0.38357,-0.30446,0.48753,-0.26143,-0.022077,0.33837,0.0479,0.076242,-0.088539,0.44833,0.44392,0.12092,-0.24031,0.082665,0.52582,-0.16413,0.1541,0.16038,0.3192,0.44488,0.86562,0.13328,-0.24233,0.028959,0.076389,-0.21249,-0.068115,0.19369,0.13215,-0.026027,0.13332,-0.21973,0.088285,0.15097,-0.25231,0.37389,-0.14491,0.17354,0.39486
TCGA-13-0804-01A-03-20,OV,Primary,35,0.080558,-0.30516,-0.19403,-0.67337,0.91363,-0.28406,-0.54053,0.55866,-0.89754,-1.1187,0.839,1.8684,0.28559,-0.024656,0.7658,-0.18646,-0.31731,-0.41387,-0.02614,-0.077111,1.2217,-0.12688,0.10418,-0.093053,-0.59709,-0.043574,0.028681,0.16764,-0.048209,0.38628,-1.0195,0.10916,-0.63627,0.22153,-0.10056,-0.17942,0.58201,0.19209,-0.14812,1.4777,-0.15076,1.7364,-0.28616,1.1403,-0.059486,0.19144,0.3469,-0.71661,0.5972,-0.024648,-0.15676,-0.12949,-0.31836,2.6504,-0.32647,0.078803,-1.0006,0.099004,0.71285,-0.38026,-0.029992,-0.6793,-0.10721,-0.17762,0.11966,-0.22045,-0.5671,1.1373,-0.40197,-0.61987,0.35444,0.22234,-0.60231,0.40727,-0.15869,0.13489,0.66647,0.78648,-0.24688,0.063091,0.50777,0.27754,0.63697,0.98401,-0.080178,-0.39565,0.1222,-0.13068,0.093722,0.12174,0.64821,0.83264,-0.18472,0.015074,0.14144,-0.7712,0.30087,0.32307,0.085292,0.063106,0.78292,1.0251,1.1973,0.40436,-0.23474,-0.23205,1.0485,-0.46987,-0.01076,-1.1112,0.81594,0.18774,0.042439,0.39868,0.30106,-0.36672,-0.28226,-1.0272,-0.1267,-0.79611,0.50528,0.4271,-0.057309,1.6825,0.30724,-0.056793,-0.20189,-0.13719,-1.155,-0.26094,-0.056136,-0.22434,0.32636,0.033574,-0.1586,0.061756,0.29936,0.75335,-0.1116,-0.13758,-0.34172,-0.79694,-0.030055,-0.88032,-0.06344,1.7032,0.16754,2.2385,-0.31099,0.16304,-0.91176,0.027473,0.044122,-0.0054496,-0.21001,-0.24566,0.15458,0.49112,0.23647,-0.20133,0.60191,0.73865,0.11613,-0.012707,1.4691,0.56807,0.83186,0.84333,0.057417,0.027124,0.21738,0.30881,0.22044,0.16456,-0.28619,0.60661,-0.23582,2.5003,-0.21267,-0.7021,0.72315,-0.17111,-0.16557,0.10262,0.10711,0.37394,0.42468,0.34148,-0.19357,-0.24837,0.034906,-0.1136,0.22226,-0.19386,0.61177,0.92979,-0.16509,-0.42525,0.035443,0.3636,-0.34427,0.017836,-0.080942,0.51819,0.0087563,0.85617,0.096823,0.068873,0.10817,-0.26814,-0.39311,-0.35942,-0.28272,0.12475,-0.18457,-0.23536,-0.098606,-0.12285,0.28521,-0.3064,1.4152,-0.20255,-0.10615,0.72605
TCGA-13-0899-01A-21-20,OV,Primary,35,0.21685,-0.68442,-0.025228,-0.19033,0.56717,-0.018361,-0.098612,0.27729,-0.5235,-0.561,0.13577,0.26956,-0.64969,-0.062236,-0.34655,-0.4431,-0.46132,-0.63245,0.15781,0.14531,0.27644,-0.019644,0.56117,0.21007,-0.34538,0.00019148,-0.040921,-0.015216,-0.073188,-0.62815,-0.78611,0.1344,-0.38538,-0.046674,0.09252,-0.086688,0.70832,0.33493,-0.21502,0.46677,0.15717,0.63844,-0.20377,0.93417,0.1153,0.41027,-0.40079,-0.89413,-0.23118,-0.43362,-0.091244,-0.057367,0.16489,0.85826,-0.35543,-0.03192,0.68507,0.11065,2.6902,-0.027116,-0.17989,-0.23051,0.2755,0.13393,-0.18665,0.0028161,-0.81594,1.7858,-0.20051,-0.15534,0.17095,-0.28998,-0.34106,-0.36922,-0.13622,0.84603,-0.077962,0.10521,0.072223,0.13243,-0.061807,0.30038,0.76303,0.0028232,0.26695,-0.42616,0.12584,0.044616,0.20465,-0.07114,0.67675,0.091969,-0.1228,0.21849,0.42008,-0.31191,0.099991,0.16148,-0.1007,0.47635,0.0912,-0.5384,-0.0096892,0.076989,-0.16495,0.048246,0.22427,-0.56269,0.060767,1.7052,0.17445,0.95769,0.82113,0.026956,0.27957,-0.14184,-0.041871,-0.30153,1.8073,2.916,1.0488,-0.26128,0.073257,1.4664,-0.12864,-0.17487,0.28979,-0.16344,-0.39217,-0.085647,0.2133,-0.28679,0.40701,-0.11399,0.471,0.02464,0.51577,0.33392,-0.27004,-0.17439,-0.5288,-0.46989,-0.09085,-0.43364,0.08754,0.77432,-0.019526,4.1484,-0.03678,0.058816,-1.3111,0.12046,-0.22495,-0.048787,0.055442,-0.10098,-0.01833,0.84393,-0.11059,-0.24521,-0.55826,-0.17041,0.0035977,0.078921,-0.57919,-0.27244,-0.035297,-0.43324,-0.18189,0.11252,-0.10288,0.016876,-0.022328,0.41643,-0.72226,0.29834,-0.096639,2.5248,-0.12875,-0.045423,-0.20078,0.11984,0.50453,0.15711,0.14696,0.18751,0.01134,0.49195,0.41616,0.075859,0.22873,-0.13035,0.053762,-0.019789,0.42076,0.69174,0.1078,-0.10986,-0.037646,0.51119,-0.30252,-0.37227,0.15084,-0.41136,0.15519,1.3564,0.019166,0.18,0.32408,-0.0040715,-0.1945,-0.062012,-0.10914,0.084986,0.069846,-0.38894,0.17491,0.086465,0.37842,-0.21276,-0.77599,0.32896,-0.073665,1.2124
TCGA-13-0920-01A-21-20,OV,Primary,35,0.1933,-0.054655,-0.28393,-1.1073,1.3117,0.20471,0.16722,0.71679,-1.264,-0.65138,-0.38418,0.23027,-0.16261,0.26014,2.426,-0.11992,-0.15576,-0.64948,0.13449,-0.03708,0.60479,-0.011098,2.0934,-0.1237,-0.17234,0.056212,0.62829,-0.01501,-0.14163,-0.49936,-1.3782,0.082855,-0.37367,0.21803,0.033583,0.010419,1.0527,0.71419,0.37979,2.2148,-0.039078,0.037169,-0.17857,0.79891,-0.02916,0.053616,-0.49311,0.2086,0.17092,-0.12844,-0.30423,-0.086945,0.2794,0.9686,-0.26016,0.1098,-0.87835,0.54936,2.0676,-0.53537,0.15442,-1.381,0.47438,0.21426,0.15789,-0.10726,0.023017,3.0975,-0.35577,-0.0058565,-0.28778,0.61009,1.065,-0.31939,-0.016209,-1.155,0.4805,-0.59665,-0.19415,0.27659,0.37881,-0.045249,1.0073,-0.91622,0.22116,-0.085378,0.41056,-0.42675,0.27415,0.050901,-1.3349,0.028774,0.4078,-0.10778,-0.33873,-0.38782,-0.020011,0.32775,0.17229,-0.0045723,0.24347,-0.38489,-0.10379,-0.098552,0.14434,-0.34897,-0.067828,0.17808,0.32458,-0.28344,0.48277,-1.302,-0.99675,0.084024,0.47898,-0.41835,-0.01713,-0.83159,-0.12618,-0.84169,-0.11482,-0.3147,0.18591,2.2882,0.091614,-1.1268,0.48807,0.29815,0.6032,-0.056346,-0.40407,-0.2475,-0.079434,0.055849,0.41532,-0.13987,-0.2158,0.17098,-0.28651,-0.18578,-0.63931,0.07093,0.17072,0.13819,-0.065551,0.45521,-0.28465,1.6534,-1.6701,0.27997,-1.6228,-0.034836,-0.1446,-1.0158,-0.13786,-0.11422,0.062415,-0.17287,0.18632,-0.3488,-0.8246,-1.4221,0.9475,0.031978,0.34831,0.26932,0.46096,-0.046875,-0.13154,0.14475,0.89692,-0.42933,-0.06186,0.13609,-0.18011,0.19957,-0.4846,3.3578,-0.010414,1.7984,-0.086446,0.13415,-0.30875,0.19403,0.17155,-0.44651,-0.61747,0.37176,0.98437,0.29113,0.35627,0.0090178,0.0071266,0.21898,0.2069,0.62116,-0.0051173,-0.103,0.069101,-0.18505,-0.18319,-0.35241,-0.013449,0.89184,0.28535,0.55796,0.043171,-0.036924,-0.20722,0.46154,-0.19691,-0.050031,-0.036505,0.084013,0.26112,-0.085499,-0.32127,0.077628,0.34376,-0.3161,2.1376,-0.30569,0.024055,0.96642
TCGA-24-0980-01A-21-20,OV,Primary,35,0.077793,-0.095241,-0.072279,0.65638,-0.43737,-0.90037,-0.71472,-0.3014,-0.70158,-0.57461,-0.5561,-0.92045,-0.48075,-0.015238,-0.095442,-0.33455,-0.025562,0.43827,-0.11223,0.05394,0.35145,-0.024017,0.30534,0.36026,-0.34026,0.078377,0.013368,-0.070232,0.10694,1.3928,-0.53011,0.18088,-0.12802,-0.14932,0.29365,-0.050773,-0.55141,0.2257,-0.10479,0.92339,0.27068,-0.73447,-0.08093,-0.048607,-0.3543,0.4275,0.36678,-0.94648,0.54742,0.32117,-0.17073,-0.10714,0.22209,-0.23205,-0.41063,-0.25495,0.85206,-0.053157,0.37131,-0.20963,-0.39154,-0.60745,-0.067577,-0.060995,0.19756,-0.13754,0.81325,0.90601,0.020769,0.026625,0.019515,-0.093057,-0.41938,0.27259,0.068789,0.80314,0.37857,0.2238,0.087572,0.25821,-0.08552,0.28695,0.57639,-0.28095,-0.021175,-0.16214,0.082582,0.09927,0.094083,0.10309,0.95948,-0.011208,-0.2028,-0.090884,0.27497,2.4815,-0.29713,-0.30614,-0.059536,0.11887,0.40175,-0.75637,-0.21317,-0.11554,-0.25754,0.10887,0.74086,-0.036166,-0.17938,0.29949,-0.15195,0.98688,0.63629,0.19624,-0.13242,-0.20426,-0.072126,-0.35543,-0.055043,-0.37447,0.58883,-0.10395,0.042899,0.85905,-0.57039,0.45106,-0.4564,-0.10612,0.6962,-0.047461,0.23833,0.022023,0.37197,0.033456,-0.25613,-0.12062,0.54724,0.14967,0.014127,-0.16261,-0.38399,-0.37142,0.084435,-0.74279,0.38672,-0.19133,0.41454,0.47988,-0.27015,-0.03205,0.44592,0.37392,-0.0026013,2.4211,-0.11749,0.015264,-0.14623,1.2374,0.12165,0.0062827,0.005267,-0.086926,0.24987,0.12504,-0.057972,-0.15502,-0.20445,-0.34558,0.12665,0.11767,-0.14961,-0.097794,0.061506,-0.1195,-0.77419,0.32441,-0.30388,-1.4849,-0.068566,-1.0964,0.61648,0.065864,0.35879,0.12182,0.051994,1.749,0.31641,-0.034686,-0.019804,-0.14444,-0.057516,-0.049961,0.075466,-0.054922,-0.15237,-0.033521,-0.39712,-0.16691,-0.036907,-0.98797,0.24254,0.012878,0.22403,-0.29518,0.23021,0.32788,-0.24669,0.050459,0.048543,0.27322,-0.17145,-0.13285,-0.13393,0.017191,-0.3365,0.14054,-0.1098,0.074839,0.32985,-0.093366,1.4925,-0.35172,0.39708,-0.58165
TCGA-04-1341-01A-21-20,OV,Primary,35,0.056274,-0.94781,-0.29719,-0.069594,-0.19121,0.078739,-0.036084,-0.2034,0.057105,-0.46132,-0.071209,0.041786,-0.49165,0.012853,-0.1237,-0.30719,-0.37726,-0.76548,-0.074609,-0.11951,-0.1821,-0.16278,0.92211,0.25252,-0.41201,-0.24544,-0.27697,0.09816,-0.12115,-0.33188,-0.015215,-0.13266,-0.46852,-0.19477,0.018374,-0.36299,0.13518,0.048843,-0.12408,0.31477,-0.052075,0.49101,-0.22221,0.76014,-0.27565,0.49237,-0.89036,-0.5844,0.11297,-0.19349,-0.00090668,-0.25805,-0.52097,1.7145,-0.26458,0.65434,1.9373,-0.53703,1.9515,-0.62886,-0.20347,-0.19245,0.095202,0.11263,0.15304,-0.12455,-0.31429,2.5099,-0.4786,-0.10475,0.40891,-0.17653,-0.43778,-0.43522,-0.24705,2.0801,-1.1734,0.94035,-0.088906,0.0079091,0.053337,0.10845,-0.064237,0.50655,0.55657,-0.23843,0.12739,-0.24439,0.11367,0.0099309,0.61595,0.26199,0.19871,0.15572,0.56591,0.1171,0.7018,0.10126,-0.25114,0.50693,0.22037,-0.39877,0.11871,0.091867,-0.21133,0.21603,0.069617,-0.33226,-0.19075,0.32218,0.042657,0.50588,0.79084,0.17936,0.24956,-0.29342,-0.12914,-0.42411,-0.14923,0.25928,0.31442,0.48043,-0.3049,1.5694,-0.25701,-0.0017152,0.073422,-0.17084,0.85191,0.22506,0.4756,-0.22197,0.53105,-0.024547,0.19156,0.19212,0.30931,0.11726,-0.44755,-0.13801,-0.3452,-0.73106,0.11048,-0.615,0.00087522,0.4652,-0.051239,2.331,0.18382,-0.00055106,-0.75379,0.076294,-0.14593,0.50146,0.08355,-0.16968,-0.37792,0.3874,-0.22298,-0.26303,-0.24936,0.486,0.16841,0.033777,-0.15485,0.23059,0.053254,0.35008,0.011219,-0.61135,-0.04334,0.17193,-0.055741,0.39501,-1.2804,0.41672,0.12637,3.4282,0.0029501,0.28307,0.14832,0.18228,0.2077,0.33826,0.25798,-0.098655,-1.0079,-0.49592,-0.18558,-0.20373,-0.049249,0.017291,0.068839,-0.12661,-0.032017,-0.058906,-0.56255,-0.10667,-0.22726,0.074824,-0.28761,0.11002,0.19644,0.26142,-0.66545,0.2375,-0.21556,0.23681,0.26618,0.22412,-0.1025,0.090177,0.33951,0.012515,0.040846,-0.87482,0.40257,0.11778,0.41798,-0.15509,1.5669,0.13862,-0.030532,-1.0623
TCGA-04-1361-01A-21-20,OV,Primary,35,0.097825,-0.029986,-0.31293,0.23322,0.79166,-0.29278,-0.15204,0.19878,-0.34865,-0.096258,-0.37873,0.11859,1.0734,-0.11557,1.1623,-0.39424,-0.37412,-0.36047,-0.2249,0.10112,0.70467,-0.031814,-0.30167,-0.038404,-0.13992,0.078909,0.94577,0.094723,0.050139,-0.44818,0.62393,0.16451,-0.49926,0.0080312,0.088417,-0.19261,-0.28099,0.165,0.11529,2.2977,1.0594,0.0078395,-0.16289,-0.16749,0.34033,0.47477,0.64361,-0.85034,0.1476,-0.1853,-0.32332,-0.18235,-0.31445,1.3729,-0.077802,-0.27972,-0.14971,-0.16691,1.4026,-0.0089918,-0.15622,-0.15084,-0.12966,-0.31805,1.2874,-0.1991,0.53476,0.57383,0.51124,0.30478,-0.1516,-0.073672,-0.18347,-0.35577,0.092592,0.55032,0.51719,0.025948,-0.29293,0.29266,0.19258,0.10938,-0.19304,0.42865,-0.18835,-0.26438,0.21328,-0.46727,0.086269,-0.089545,-0.33141,0.46776,-0.13301,0.18239,-0.065283,-0.62205,-0.13715,-0.26782,-0.18415,-0.31682,0.39642,0.047089,0.16575,-0.042663,0.48315,-0.07725,0.72489,0.70464,-0.35578,-0.83444,0.86145,0.69523,0.44462,0.23592,0.13129,0.028824,-0.090124,-0.27857,-0.22552,0.41658,0.21564,0.74527,-0.097487,0.43709,0.36797,-0.061913,-0.3855,0.19146,1.1204,0.052516,-0.32809,-0.048686,0.5832,-0.1995,-0.36698,0.13223,0.27127,0.11149,-0.092657,-0.062676,-0.67003,-0.61339,0.10802,0.1027,0.081672,0.089316,-0.2489,-1.7733,-0.54222,-0.15707,1.9993,0.13985,0.082773,0.31157,-0.0059968,-0.15789,-0.14444,1.3822,-0.082451,-0.45437,-0.13456,-0.41091,0.27496,0.20853,0.070063,0.32837,0.57,0.59617,0.11314,0.15108,-0.27884,-0.12426,-0.14927,-0.30958,0.21824,0.23673,-0.041331,2.0852,0.48137,0.31517,0.010081,0.020359,0.28396,0.16479,0.092309,0.43887,-0.015491,0.009423,-0.10671,-0.14636,-0.087055,1.2859,1.0783,0.83391,0.51456,0.65154,3.492,0.37543,0.3771,0.43967,2.7242,0.3684,-0.03656,0.7609,0.18222,0.23395,-0.039301,0.16731,0.036822,0.23723,-0.24723,-0.17675,-0.096184,0.068713,-0.40105,-0.251,-0.42504,0.012268,-0.21221,-0.20663,-0.5152,-0.10395,-0.077201,-0.084143
TCGA-24-1419-01A-21-20,OV,Primary,35,0.069192,-0.35124,-0.0044872,0.28815,0.55103,-0.46117,-0.73688,2.3358,0.31423,-0.051405,-0.17955,0.89814,1.1814,-0.031638,0.887,-0.54276,-0.11641,-0.016875,-0.093327,-0.059118,1.3406,-0.10226,0.59762,0.39716,-0.13611,0.031987,0.92786,0.14432,0.012557,-1.0462,-0.5498,0.075971,-0.58402,0.046534,0.11071,-0.1015,-0.15536,0.16626,-0.032024,2.2457,0.76847,0.15841,-0.19323,0.40069,-0.17528,0.52526,0.87234,-1.0032,0.019708,-0.38834,0.20987,-0.13055,-0.3087,1.7531,0.62653,-0.73026,-0.31074,0.022096,0.8014,-0.2973,-0.010956,0.19647,-0.044291,0.074546,0.049993,-0.070604,0.24339,0.60998,-0.51242,0.58313,0.070857,-0.50478,0.053095,0.034363,-0.052895,0.71993,0.23817,0.3826,-0.28309,0.086034,0.34415,0.18111,0.27078,0.97444,-0.44196,-0.39581,-0.15532,-0.32333,0.2063,0.087885,0.71894,0.99694,-0.038532,0.93038,0.36326,-0.80907,0.14129,0.061189,-0.64979,-0.5543,0.11068,-0.80279,-0.46354,-0.06988,0.091616,0.10911,1.1806,-0.0066707,-0.34036,0.28295,0.12099,-0.20687,-0.10734,0.30478,-0.096661,0.31673,0.068494,-0.59931,0.73781,1.3165,0.22377,-0.51209,-0.12401,0.039217,0.19989,-0.01545,0.1134,0.31015,1.2118,0.060016,-0.016944,-0.09584,0.14012,-0.14121,0.75394,0.094621,0.40622,0.57474,-0.32422,-0.21536,-0.62474,-0.86422,0.37036,-0.57576,-0.055996,0.65088,-0.1867,-1.5404,-0.17107,-0.076703,0.050398,-0.076612,-0.035467,-0.10087,0.1848,-0.095696,-0.42209,1.5944,-0.26098,-0.32862,-0.84859,-0.26263,0.052054,-0.048965,-0.31898,0.22768,0.78667,0.42429,0.049648,0.10021,-0.061555,-0.16604,-0.18565,-0.74501,0.53837,0.39943,0.31123,2.8258,-0.07144,0.25042,-0.027326,0.16633,0.031289,0.075018,0.089373,-1.6392,-0.85692,0.027076,0.39977,0.1012,-0.030279,-0.012158,-0.14416,-0.1652,0.50385,1.0867,0.010071,-0.19387,-0.070717,0.71534,-0.1703,0.14705,-0.15363,1.2908,0.96595,0.8195,-0.032743,-0.20311,-0.038819,-0.16582,-0.23964,-0.09801,-0.095911,0.063437,-0.17097,-0.255,-0.091017,0.13626,-0.10249,-0.14949,0.13015,0.46107,-0.012115,0.18032
TCGA-24-1422-01A-21-1562-20,OV,Primary,35,0.097788,-0.0013633,-0.11902,0.67391,0.16671,-0.47036,-0.39603,0.040445,-0.39036,-0.93968,-0.52897,-0.61655,0.59839,-0.46538,0.9583,-0.18039,-0.36466,-0.51781,-0.086565,0.19689,-0.050883,-0.23664,-0.10392,0.54311,-0.5494,0.02811,0.61669,-0.20982,-0.18177,3.0722,-0.63958,0.21523,0.03499,-0.33376,-0.14711,-0.085206,0.23555,0.27428,-0.37006,-0.11216,0.57537,-0.047014,-0.11384,0.9246,-0.11927,0.29486,-0.2129,-0.23084,1.6643,-0.048425,-0.058305,-0.054293,-0.058641,1.6929,0.03806,-0.16843,0.81364,-0.12523,0.064606,-0.42633,-0.3018,-0.38242,-0.088813,0.030823,0.083488,-0.20329,0.58296,1.6422,-0.26001,-0.23395,0.55138,-0.38783,0.13968,-0.3257,-0.10107,1.6074,-0.15965,0.38376,-0.1565,0.12783,0.090617,0.30883,-0.029101,0.63425,-0.15587,-0.26222,0.15938,0.48642,0.066261,-0.13099,0.96533,0.93161,-0.040262,0.16501,0.27113,1.3823,0.047482,-0.37847,-0.16459,0.057722,0.090791,-0.49208,0.20695,-0.054732,-0.26736,0.01195,0.58409,0.12613,-0.29572,-0.0055233,-0.037775,1.2859,1.0905,0.19141,0.0084,-0.45689,-0.18383,-0.39756,-0.0089826,-0.011256,0.31256,0.26961,-0.091578,0.53168,-0.088198,0.10649,-0.1484,0.12266,1.0712,-0.0090431,0.23096,-0.047317,0.19903,0.0122,-0.16197,-0.15949,0.34841,0.029122,-0.25903,-0.15982,-0.26691,-0.42899,-0.34612,-1.3625,0.14512,-0.046445,-0.11085,-0.87273,-0.1012,0.18569,-1.2408,0.25636,-0.05859,0.24006,0.63316,0.1086,-0.13773,1.2887,-0.084578,0.075433,-0.08893,0.073803,0.39045,-0.18605,0.087027,0.24816,0.041559,0.34214,0.15436,0.11532,0.03635,0.14898,0.033668,0.015879,-0.80772,-0.13567,-0.084113,2.4722,-0.16815,-0.3989,0.10244,0.21153,-0.030193,0.18846,0.095987,0.034621,-0.1808,0.19195,0.17434,-0.13151,0.10029,-0.00045962,0.1315,-0.042803,-0.10295,-0.26421,-0.13267,-0.13851,-0.090885,-0.18904,0.15023,0.035153,0.18879,0.0034136,0.40976,0.36573,-0.4268,-0.25104,-0.14123,-0.17597,-0.27307,-0.26015,-0.073333,-0.036109,0.22389,-0.59346,0.21155,-0.14813,0.33069,-0.47761,1.0044,-0.051617,-0.14759,0.18234
TCGA-24-1466-01A-21-1562-20,OV,Primary,35,0.20822,-0.27197,-0.18925,0.10268,0.0021327,-0.13684,-0.21085,-0.59959,-0.64261,-1.2327,-0.46908,0.10519,-0.026596,1.5036,0.74386,-0.14273,-0.33773,-0.34151,0.16262,0.12573,-0.34656,-0.087856,0.17555,-0.11714,-0.31836,0.048518,0.078537,-0.10327,-0.1854,-0.12687,-0.59179,0.2074,-0.2308,-0.32885,-0.099082,-0.031895,0.042037,0.22206,0.38223,-0.54449,0.35108,-0.28379,-0.071111,0.82386,-0.12721,-0.056699,0.75904,-0.33584,-0.50348,-0.3315,-0.43457,-0.015266,-0.19934,2.0692,-0.12257,-0.13989,0.46878,-0.22204,-0.022098,-0.010156,-0.19464,-0.69317,-0.6063,-0.33787,0.52021,-0.12672,-0.40153,1.5,-0.42195,-0.67323,0.12061,-0.28082,-0.0355,-0.27354,-0.081505,1.0005,-0.53267,0.43689,-0.17618,0.26317,0.11907,0.29393,-0.0034774,-0.86267,0.025378,-0.39315,0.075993,0.0095795,0.15674,0.060804,0.0018042,0.50567,-0.17502,0.49635,-0.10388,-0.057244,-0.57024,0.12866,-0.19385,0.22858,0.51489,-0.067179,0.55344,0.26986,-0.030788,-0.21017,0.48087,0.41181,-0.064729,-0.69096,0.39806,0.93833,0.91241,0.0083467,0.089506,-0.42975,-0.15098,-0.38823,-0.14478,-0.092804,0.23009,-0.8298,0.084086,1.6418,-0.11853,-0.17065,0.0039477,-0.019793,0.81295,-0.12687,0.1426,-0.18309,0.30757,0.042185,0.016278,-1.0359,0.54363,0.0075271,-0.030842,-0.043698,-0.11344,-0.29045,-0.39797,-0.79913,0.13418,0.24957,0.023614,-0.29461,-0.5465,0.064007,1.1338,0.21196,0.25738,0.10996,-0.14911,0.091109,-0.11154,1.2898,0.045929,0.27977,-0.03584,0.62322,0.59577,-0.029022,0.30798,-0.11717,0.31058,0.18334,-0.02391,0.15766,0.21424,0.11583,-0.076756,-0.57484,-1.0984,0.39331,-0.18768,-0.83405,0.018459,0.29243,0.54273,0.041855,0.29598,0.33458,0.17682,0.19283,0.01288,0.33166,0.20589,-0.19774,0.20363,-0.078648,-0.072865,-0.04139,0.11844,-0.21677,0.021373,-0.20745,-0.071738,-0.22007,-0.23652,0.079656,0.1953,0.83878,0.40014,-0.21134,-0.031543,0.1715,0.032453,0.079271,-0.14409,-0.071029,0.27536,0.076546,0.15128,-0.042505,-0.099419,0.024847,-0.087521,-0.11848,1.5939,-0.18041,0.091353,0.87798
TCGA-13-1482-01A-21-1562-20,OV,Primary,35,0.063445,0.10787,-0.52932,-0.35835,0.2285,-0.86024,-0.8083,-0.011247,-1.2041,-1.4018,-0.41254,0.14985,0.15992,-0.012067,-0.14669,-0.31982,-0.042135,-0.066439,-0.16028,0.0039559,0.14144,-0.054941,0.54728,-0.15902,-0.43037,-0.042123,0.38809,0.041829,-0.26589,-0.055084,-0.98712,0.17847,-0.11552,-0.42357,-0.026531,-0.10743,0.39081,0.054079,0.10467,0.041293,0.37355,-0.52519,-0.1171,0.73098,-0.43111,0.30047,0.064126,-0.72491,0.8148,-0.036212,-0.24214,-0.18609,-0.20503,1.8642,-0.35752,0.50663,1.4197,-0.12971,-0.084939,-0.37045,-0.12429,-1.9827,-0.45227,-0.27504,0.16763,-0.22535,0.54313,0.55027,0.10045,-0.1042,-0.082275,-0.28506,-0.10646,0.017027,0.031976,-0.072246,-0.84298,-0.90232,-0.091092,0.20069,0.070283,-0.30657,0.31791,-1.5407,0.3515,-0.092804,0.016991,0.38217,0.011439,-0.080679,-0.72523,0.774,-0.31694,-0.1729,-0.59718,0.087751,0.079937,-0.049006,-0.2471,0.66619,0.077194,-0.15675,0.3199,0.043941,-0.14686,-0.53696,0.96141,-0.19569,-0.33903,-1.2453,0.10897,0.42306,0.46358,0.12123,0.33317,-0.33914,-0.076701,-0.37147,-0.22552,-1.2438,0.020386,-0.41066,-0.058598,2.1342,-0.027742,0.027226,-0.017791,0.091458,-0.55695,-0.039947,-0.16259,-0.23961,-0.025938,0.06981,-0.19672,0.43372,-0.23679,0.26426,-0.086501,-0.10937,-0.25864,-0.17996,-0.16238,-0.90438,0.082656,0.083437,0.12958,-0.37302,-1.66,0.30931,0.35666,0.29106,0.034479,-0.77224,0.28695,-0.041288,-0.34013,0.48172,0.025017,-0.091658,-0.14368,-0.49378,0.20882,-0.10325,-0.13913,0.16468,0.1468,0.35989,-0.03286,0.18639,0.080654,0.42008,-0.13469,-0.12667,0.12313,0.17178,-0.34165,1.9956,0.069669,-1.4645,-0.60252,0.15099,0.060157,0.17922,0.1804,0.66568,0.13872,0.32597,-0.12565,0.1881,0.2834,-0.13592,0.23083,-0.12971,0.36528,0.59861,0.095151,-0.31369,0.016345,-0.73961,-0.047637,0.39666,0.21018,0.32038,0.4783,0.9183,-0.19323,0.061295,0.1467,0.0027594,-0.53448,0.048844,0.057789,0.051393,-0.17867,-0.17995,-0.033876,0.11801,-0.10866,-0.095534,1.8296,-0.20492,0.046088,0.72235
TCGA-13-1494-01A-21-1562-20,OV,Primary,35,0.61952,0.0046852,1.0991,-0.054271,-0.63859,0.77783,-0.015213,-0.0090285,-0.30874,0.30656,0.4731,0.849,-0.13739,-0.88664,-1.023,0.2855,-0.075173,0.55856,0.032245,-0.43391,-0.83067,0.54336,-0.18448,0.25702,1.0529,-0.036987,-0.50254,-0.38385,0.011863,-0.53604,2.6858,-0.70249,0.24021,0.22061,0.15388,0.21649,-1.1065,-0.05793,-0.20934,-1.0503,1.5,-0.86794,0.45453,-0.64649,0.77594,-0.068385,-2.2372,-0.39318,-0.22843,0.049844,0.082589,0.44788,0.1706,-1.0237,-0.28655,-0.89538,0.80813,0.70391,-0.13776,-0.33158,-0.42549,-0.15062,-1.0255,0.12166,0.52285,0.0087771,1.9652,0.2792,-0.40068,0.47022,0.33907,0.6997,-1.0731,0.60487,0.064279,0.74364,0.64153,0.17029,0.023489,0.20461,-0.6156,-0.22111,0.96772,-0.17923,-0.082695,0.75619,0.65402,0.55971,-0.14805,0.12357,0.45354,-1.2393,-0.12345,0.16979,-0.41425,1.9292,-0.039036,-0.5064,-0.42517,0.70961,0.23703,0.28841,1.112,0.26704,-0.2329,-0.24227,0.5106,0.064027,-0.36779,0.099713,-1.5738,0.47736,0.30804,0.13718,0.12469,-0.04018,0.38511,0.12762,-0.069883,1.0837,0.83591,-0.70229,0.42423,-0.44628,-0.78513,0.59189,-0.1874,0.52264,0.50414,-0.21404,0.15965,-0.20702,-0.17313,0.59766,-0.55841,-0.66787,-0.51791,-0.4288,0.0070177,0.22194,0.54363,0.28202,-0.77641,0.058255,1.0958,-0.40059,-0.060708,-0.95305,-0.087979,0.28585,5.141,-0.41887,-0.23232,1.1089,0.97945,0.047061,-0.57721,-1.3139,0.14281,1.219,-0.049169,-0.11893,0.17598,0.74285,0.77836,-0.21127,-1.2112,6.2713,-0.26383,0.20985,-0.20644,0.60562,-0.22358,-0.32172,-1.7735,-0.38309,-0.20552,-0.65409,-0.04761,0.058022,-0.75874,-0.15574,-0.045815,0.49387,0.36639,0.41035,-0.76495,-0.91762,-1.7242,-1.4703,0.073711,0.30784,0.13049,-0.352,-1.6033,-0.88689,-0.29372,-0.16429,0.32926,-0.066382,0.25774,0.23972,-0.73656,-1.191,0.1643,-1.2238,-0.49627,-0.79295,-0.56776,0.7887,-0.13924,-1.6547,0.0083035,-0.19577,-1.5583,-1.1859,-1.32,-0.15088,-0.42826,-1.748,-0.42986,-0.2954,-0.30248,-2.0424
TCGA-13-1505-01A-21-1562-20,OV,Primary,35,0.12287,-0.22533,-0.19489,-0.24257,0.96325,-0.63029,-0.85602,-0.073014,-0.64754,-0.79073,-0.2681,0.86171,0.35227,0.29186,0.99414,-0.23055,-0.49415,-0.2634,-0.18932,-0.014624,0.45069,-0.12253,0.78238,-0.074375,-0.35584,-0.094893,0.28438,0.072341,-0.18444,-1.0877,-0.2693,0.056853,-0.27284,-0.34182,-0.087882,-0.18373,-0.16894,0.037996,0.01897,0.73921,0.53708,-0.1788,-0.048395,-0.94054,-0.21125,0.61093,-0.57267,-0.79461,0.55619,-0.25596,-0.13911,-0.15839,-0.21374,1.4084,-0.47102,-0.21146,0.83287,-0.058623,1.0762,-0.58936,-0.079427,-0.89782,0.015465,-0.028802,0.32092,-0.20541,-0.13646,1.8308,-0.47273,0.32448,0.42604,-0.23565,-0.075593,-0.13046,-0.06507,0.67728,-0.11371,0.19364,-0.10116,0.15284,-0.020266,-0.12335,0.39784,0.98139,-0.38823,-0.036573,0.061904,0.094883,0.16681,0.023876,0.11854,-0.168,-0.15547,0.20388,-0.046704,0.41551,0.46953,-0.047471,0.13732,0.32015,0.47039,-0.44731,0.1285,0.095582,-0.074351,-0.21371,0.66543,-0.31626,-0.29431,-0.68736,0.069062,0.020531,0.012117,-0.24442,0.025331,-0.11004,-0.16004,-0.39469,0.034698,-0.20763,0.048246,0.085231,-0.086053,0.6454,0.25704,0.06131,0.067334,0.24416,0.44791,0.098349,-0.143,-0.22139,0.14822,0.042423,0.43715,0.27625,-0.0056664,0.78231,-0.0031925,-0.031126,-0.016511,-0.61473,0.62745,-0.81368,0.1151,0.73649,0.22051,-0.74829,-0.22342,0.13787,-0.41179,0.37084,0.031061,-0.52297,0.15188,0.12521,-0.3599,0.18536,0.25482,0.039367,0.21743,0.031048,0.087186,-0.092385,-0.66035,0.42419,0.3713,0.070963,0.22923,-0.056157,0.22573,0.35997,0.1146,-0.15564,0.39415,0.46563,0.073311,3.1863,0.044857,1.4276,-0.27452,0.013233,0.13924,0.14976,0.18842,-0.15518,-0.38175,0.18678,0.17775,0.10669,0.035898,-0.11676,-0.025,-0.14085,0.6421,1.3007,-0.11936,-0.2164,-0.094868,0.24106,-0.19985,0.3378,0.1907,0.59009,0.87748,1.0548,-0.48249,0.29723,-0.01771,0.042148,-0.074969,-0.0061733,-0.099086,-0.090745,-0.013591,-0.40557,-0.15031,0.075162,0.00022303,-0.14608,-0.13043,-0.088275,-0.021982,0.37346
TCGA-25-1320-01A-21-1562-20,OV,Primary,35,0.0043541,0.023658,-0.22462,-0.264,0.13226,-0.76991,-0.83637,-0.03422,-0.48694,-1.0779,-0.46635,-0.17263,0.32955,0.072469,-0.084514,-0.21195,-0.14002,-0.63704,-0.30752,0.045067,-0.049,-0.10897,0.17823,0.23371,-0.20726,0.0099489,0.48811,-0.14193,-0.084133,-0.58688,-0.62361,0.11307,-0.27794,0.12105,-0.098824,-0.015897,0.075798,0.21121,0.1461,1.0902,0.67891,0.91053,-0.068112,1.3347,0.00011144,0.405,-0.5578,-0.87104,0.5034,-0.23178,0.60411,-0.092346,-0.16512,0.3235,-0.51689,-0.53266,1.1227,-0.29327,0.60875,-0.37264,0.059375,-0.15572,1.9912,1.2401,0.49411,-0.2044,-0.13281,2.2974,0.3844,0.050649,0.1606,-0.33801,-0.24452,-0.61598,-0.13356,1.4679,0.047161,0.48477,-0.14006,0.17524,-0.045124,0.054035,0.26342,-0.055017,-0.51854,-0.27146,0.12568,0.043808,0.14834,-0.22617,0.14933,-0.048937,-0.22299,0.080014,0.27261,0.98219,0.36523,-0.34958,-0.64666,0.31838,0.28854,-0.35414,0.17964,-0.022177,-0.26583,-0.0017261,0.36697,-0.39727,-0.11031,0.3362,-0.12798,0.65682,0.59108,0.086708,0.38529,-0.24433,-0.17359,-0.39209,0.51979,-0.32254,0.2091,0.25748,0.046063,1.0032,-0.061505,0.16249,0.48391,0.19317,0.48463,0.295,0.22791,-0.21725,0.29064,-0.14154,0.31228,0.063157,0.2703,0.29407,0.0040733,0.079766,-0.38019,-0.38941,0.45564,-0.83102,0.059965,0.31624,-0.25482,-1.446,0.052943,-0.093236,0.59763,0.42942,-0.13786,0.49536,0.2524,0.12428,-0.46554,0.53169,-0.12407,0.15992,-0.057841,0.16688,-0.19446,-0.24062,-0.3956,0.53764,0.41786,0.28013,0.23505,0.14698,0.084792,0.21851,-0.018969,-0.22645,0.17458,0.12243,-0.080968,3.3326,0.10741,0.48631,0.38067,-0.14264,0.055682,-0.13196,0.0057316,0.032935,-0.58666,0.18058,-0.084972,0.026009,-0.16515,0.032289,0.091881,0.0075715,-0.13111,0.074092,0.27064,-0.11762,-0.06392,-0.21706,0.3451,0.11643,0.32995,-0.17753,0.74143,1.1005,-0.30284,0.14898,-0.21193,-0.062984,-0.22962,-0.19063,-0.27637,-0.0019127,-0.021304,-0.53716,0.082026,0.020381,-0.079445,-0.46635,1.6024,0.16254,-0.18299,0.69348
TCGA-13-0884-01B-21-1562-20,OV,Primary,35,0.045173,-0.1267,-0.34054,0.04681,0.32336,-0.38857,-0.4762,-0.20735,-0.34584,-0.89217,-0.13173,0.40355,0.36237,-0.012174,1.0736,-0.16387,-0.0060265,0.085039,0.10363,0.10401,0.14378,-0.02892,0.52159,-0.012538,-0.39503,0.064157,1.4556,-0.11014,-0.072621,0.95416,-0.97111,0.16913,-0.037698,0.084146,-0.081566,-0.010162,0.60158,0.13178,0.30794,0.88946,0.20593,0.41152,-0.064057,1.0895,0.14595,0.45959,0.12294,-0.51933,0.58878,-0.31586,-0.31625,-0.093087,-0.56783,1.3515,-0.41882,0.35367,0.82524,-0.010443,0.68115,-0.20676,0.08614,-1.6212,-0.31306,-0.44262,1.0036,-0.20339,-0.40708,1.6489,0.64263,-0.096589,0.34114,-0.51043,0.076226,0.54717,-0.047432,0.40689,-1.0391,-0.15575,-0.1143,0.23146,0.23771,-0.11649,-0.18192,-1.4125,0.2551,-0.17687,0.076518,0.19273,0.10731,0.0039993,-0.19817,0.12286,-0.22067,0.026991,-0.29661,-0.18162,0.28147,-0.29187,-0.38632,0.92013,0.79935,-0.5469,-0.22714,-0.016469,-0.011314,-0.2214,0.85601,0.34113,-0.23248,-0.23415,0.52696,0.42028,0.15387,0.14984,0.16916,-0.11775,-0.18781,-0.52848,-0.21489,-1.1514,0.016852,0.44953,-0.0069863,1.2949,-0.28055,0.51136,-0.29442,0.016202,0.5751,0.14,-0.16058,-0.057026,-0.0022809,-0.029313,0.036128,-0.46947,0.27912,0.30643,-0.029019,-0.12968,-0.63163,-0.26078,-0.24769,-0.95498,0.44142,0.38332,0.011797,-0.9496,-1.2091,-0.014428,-0.094795,0.14861,-0.066346,0.035263,0.04638,0.054016,-0.12492,0.95296,-0.17538,-0.18176,0.16553,0.10181,0.39939,-0.0019508,-0.18939,0.47621,0.3662,0.34366,-0.07686,0.061746,-0.086451,0.63498,-0.04475,-0.10807,-0.80118,0.35995,-0.34904,3.1802,0.1833,-1.946,0.32449,-0.014968,0.38452,0.014749,0.12862,0.71565,0.25686,0.20695,-0.022819,-0.084978,0.068485,-0.052789,0.11619,0.044458,0.13035,0.13899,-0.10265,-0.10681,0.070876,-0.37195,2.1443e-05,0.07279,0.08954,-0.11588,0.41035,0.55545,-0.12188,-0.10362,-0.24043,-0.17858,-0.30927,-0.12634,-0.16525,0.053639,-0.23507,-0.27537,-0.61837,0.0076429,-0.033538,-0.0557,1.9126,-0.29091,0.10882,0.51387
TCGA-23-1121-01A-11-1562-20,OV,Primary,35,0.088266,0.19173,-0.048125,-0.34026,0.043229,0.22315,-0.018287,-0.022742,-1.0795,-0.92972,-0.1176,0.72807,-0.44522,0.51709,-0.22754,-0.21485,-0.37475,0.24966,-0.1735,-0.047798,-0.19833,0.24457,1.2168,-0.11556,-0.23071,0.04493,0.9187,0.12571,-0.03016,-0.49375,-0.53874,0.2208,-0.26384,0.16869,0.27823,0.1226,0.48117,0.40872,0.18694,-0.16132,0.60041,1.2888,-0.036962,0.73078,0.048152,0.29759,-0.48733,-1.0912,-1.1617,-0.058541,-0.047869,-0.057071,0.21481,-0.021357,-0.43525,-0.25904,0.28312,-0.019549,0.077029,-0.58247,-0.12403,-1.0992,0.61614,0.42176,0.19739,-0.08383,0.54593,3.993,0.0042296,0.20357,-0.16527,-0.24853,0.19128,-0.68289,0.014954,-0.39373,-0.069382,-0.72193,-0.061073,0.37131,0.058394,-0.079073,0.52492,-0.3556,-0.50443,1.1139,0.40857,-0.44678,0.24065,-0.038805,-0.60325,0.052762,-0.1779,-0.070466,-0.064058,0.63404,0.30398,0.20591,-0.43105,0.03635,0.31798,-0.27842,0.31845,-0.043961,-0.17499,0.049348,1.3096,-0.25438,-0.096277,-0.27798,-0.51524,-1.0876,-1.1076,0.09078,0.20761,-0.22911,-0.11821,-0.10661,0.056886,-1.0759,-0.1272,-0.008222,0.38646,1.3557,-0.036954,-0.3744,0.32702,0.3359,-0.022337,-0.027543,0.024103,-0.10829,0.14152,-0.26665,0.72275,0.15776,0.037493,0.36729,0.12937,-0.12708,-0.033875,-0.70473,0.26703,0.14959,-0.0099531,0.96368,0.042396,-0.60765,-1.1183,0.039912,-0.53958,-0.01096,-0.12406,-0.11607,0.6885,0.044525,-0.011234,-0.12737,0.01643,-0.10252,-0.55383,-0.73887,0.064418,0.00042547,-0.18542,0.22967,0.24655,0.1199,0.025825,0.23579,-0.045642,0.037394,-0.0012869,-0.57361,-1.3193,0.5574,-0.27189,0.53416,0.010991,0.32113,0.72817,0.12079,0.29362,-0.017379,0.034641,-0.43771,-0.42221,0.5009,0.28121,-0.022898,0.01105,-0.068291,-0.14942,-0.070225,1.02,1.2749,-0.042924,-0.14433,0.16505,-0.14,0.079221,0.21039,0.04514,0.76821,0.24758,0.71255,-0.065832,0.32556,-0.060916,0.18425,-0.14965,0.02928,-0.21456,0.072464,0.11753,-0.52527,-0.40244,0.14073,-0.23393,-0.56906,1.7412,-0.16165,-0.13814,0.57184
TCGA-25-1313-01A-21-1562-20,OV,Primary,35,0.071504,-0.43941,-0.21899,0.4389,-0.44663,-0.75216,-0.96006,0.14009,0.13916,-0.11909,-0.29425,-0.26488,0.53972,-0.51824,0.644,-0.31647,-0.094508,-0.63863,-0.32304,0.050856,-0.068295,-0.10167,0.38798,0.21052,-0.19729,0.025381,-0.068991,0.0864,0.069783,-0.26121,-0.62554,0.23068,-0.2695,-0.33198,-0.0043443,0.066739,-0.011631,0.31546,-0.14753,0.31791,0.11915,-1.3008,0.0059714,-0.17019,-0.1682,-0.016273,-0.22889,-0.42944,0.042219,0.074914,0.51689,-0.13119,0.029118,0.97535,-0.59779,-0.014353,0.46637,-0.32754,1.0665,-0.078005,-0.31851,0.11173,-0.4407,0.017015,0.18086,-0.067303,-0.43125,0.8219,-0.27691,-0.25243,0.44291,-0.11453,-0.71232,0.21313,-0.0045548,1.9099,0.74716,0.53176,-0.035376,0.22906,0.13241,0.48764,0.1481,1.3442,-0.029116,-0.12199,0.13225,-0.10915,0.063473,-0.020977,0.62188,0.51374,-0.096463,1.2668,0.3864,0.78197,0.11865,-0.36277,-0.32963,0.24124,0.029989,-0.31012,0.25891,-0.051286,-0.16891,0.18645,0.43697,-0.1444,-0.25699,-0.16558,-0.13713,1.5785,1.318,0.4718,-0.0017814,-0.42933,-0.18866,-0.31403,0.43172,0.15559,0.42175,0.22506,-0.088623,0.85845,-0.019794,-0.18872,-0.30867,-0.25149,-0.54165,-0.38414,0.28011,-0.19899,0.2147,-0.0082532,-0.34409,-0.39891,0.38256,-0.22047,-0.17322,0.0023904,-0.074193,-0.66095,-0.55029,-0.74581,-0.043999,-0.33507,0.12648,-0.28296,0.38157,-0.037148,-0.79248,0.35554,-0.024216,0.42593,0.03238,0.010801,0.029898,1.0455,0.072357,0.16547,0.20087,0.12039,0.30437,-0.045493,-0.11859,0.27753,-0.10531,-0.16685,0.5298,0.20992,0.13847,0.16414,0.12409,-0.13512,-0.33242,-0.06164,0.49314,1.7746,0.037068,-0.77862,0.15155,-0.010451,0.020918,0.0061222,0.074206,1.5274,0.57585,-0.96909,-0.87914,-0.27252,-0.05219,-0.054856,0.16826,-0.075647,-0.85195,-0.72829,-0.075596,-0.095197,0.32603,-0.33648,0.010008,0.23418,0.12274,-0.23489,0.202,-0.72871,-0.35792,0.069155,0.015465,0.085997,-0.29278,-0.26082,-0.1528,-0.074657,-0.087497,-0.75451,-0.20933,0.04841,0.057979,-0.30964,-0.73343,0.32634,-0.055798,-0.78011
TCGA-04-1654-01A-11-1562-20,OV,Primary,35,0.085107,-0.22871,-0.067389,0.20354,0.46518,-0.49163,-0.80462,0.4216,-0.45673,-0.52701,-0.48638,-0.46193,-0.60439,-0.42965,-0.10863,-0.31613,-0.27104,-0.65777,-0.057266,0.07453,0.10461,-0.070315,-0.14334,0.048748,-0.43022,0.016994,0.028692,0.14371,0.061377,0.21622,-1.6113,0.080973,-0.298,-0.080883,0.0003998,0.021714,0.85523,0.45808,0.091466,1.1982,-0.11751,0.25037,-0.12178,0.3958,0.14601,0.37275,0.087002,0.39497,0.48714,-0.40169,-0.13298,-0.10973,-0.015373,0.89101,-0.30703,0.25176,-0.026763,0.26483,0.86179,-0.22673,-0.22485,-0.12668,-0.12212,-0.12805,-0.097597,-0.12415,-0.94047,0.65174,-0.34075,-0.24156,-0.0075677,-0.2675,-0.4135,0.3767,0.20192,1.0908,-0.015197,0.39794,0.04722,0.090543,0.22771,0.31578,0.39927,-0.18157,0.427,0.070928,0.043343,-0.2203,0.15992,0.029443,0.85171,-0.22145,-0.23718,-0.0408,0.30801,-0.44523,-0.26141,-0.2069,-0.31281,0.64635,0.16741,-0.75658,0.050902,0.12183,-0.21838,0.033406,0.11844,-0.58549,-0.064149,0.722,0.73764,1.236,1.0642,0.24328,-0.02214,-0.26869,-0.15236,-0.33129,0.13282,-0.066329,0.56806,0.021117,-0.28476,1.1054,0.12455,-0.012953,-0.18576,-0.23286,-0.21058,-0.25213,0.48571,-0.050549,0.14066,-0.031739,0.055409,-0.26001,0.55844,0.25909,-0.14698,-0.12903,-0.3692,-0.50672,0.1052,-1.1247,0.11161,0.52132,-0.10018,0.69477,0.045637,-0.0044684,-1.309,0.12847,-0.030069,1.7615,-0.029546,0.20924,-0.16951,1.4572,-0.077801,-0.1249,-0.31275,0.6689,-0.07113,0.035541,0.64902,0.087922,0.23334,-0.074153,0.22016,0.22859,0.045007,-0.05182,0.052221,0.66944,-0.36635,0.83662,-0.097395,2.2139,-0.13547,-0.52266,0.84037,0.017827,0.48628,0.14028,0.081713,1.075,0.41804,0.40419,0.28878,-0.011047,0.038678,-0.064451,-0.010469,-0.074628,-0.19221,-0.20533,-0.17419,-0.1815,0.040326,-0.12961,-0.10047,-0.050704,0.17306,-0.065908,0.30372,0.21065,0.013597,0.19962,0.053989,-0.084744,-0.14274,-0.05766,-0.12201,0.078685,0.3201,-0.10401,0.13853,0.084403,0.21861,-0.12117,1.7153,-0.22331,0.049738,0.073825
TCGA-24-1424-01A-21-1562-20,OV,Primary,35,0.072483,-0.11717,0.055082,0.23053,0.31952,-0.6115,-0.8174,-0.23264,-0.71247,-0.71286,-0.20712,0.57417,0.31362,1.0218,0.13318,-0.29782,-0.24841,0.012592,0.22748,-0.18931,0.60064,-0.17731,0.93089,0.58222,-0.44007,-0.074229,0.02522,0.081728,-0.088624,-0.43437,-0.077444,0.12668,-0.33697,0.23342,0.030578,0.086135,0.39868,0.34077,-0.11768,1.8106,0.4102,0.29458,-0.016198,1.2538,-0.098198,0.15872,-0.10145,-0.71876,0.094827,-0.051882,-0.064744,-0.11232,-0.037364,1.1083,-0.54126,-0.30048,0.13327,0.018104,0.48635,-0.63141,0.031371,-0.44821,-0.29517,-0.0078591,-0.078185,-0.19057,-0.46365,2.4673,-0.84036,-0.301,-0.17815,-0.64681,-0.38745,0.027814,-0.18142,0.929,0.012226,0.087028,-0.10626,0.14611,0.052539,0.0011203,0.11039,1.4955,-0.065268,0.0039728,0.28899,-0.042498,0.093307,0.34322,0.50491,0.40797,-0.27479,-0.082222,0.27866,1.3946,0.18375,0.25423,-0.32881,0.013102,0.16638,-0.91266,-0.01443,0.051303,-0.21488,-0.05926,0.33934,-0.45518,0.15647,1.8813,-0.1373,0.74134,0.45857,0.12881,0.14326,-0.063383,-0.088697,-0.22005,0.33235,0.21743,0.43175,-0.24032,0.11058,1.293,-0.088843,-0.12922,0.040579,0.15297,0.40652,-0.20455,-0.010188,0.0056519,0.08522,-0.055816,0.31032,0.18673,0.29125,0.54358,-0.13528,-0.15101,-0.19628,-0.84703,0.18724,-0.28972,0.027843,0.91477,0.034636,-0.11961,-0.17421,0.22378,-0.13889,-0.034993,-0.13598,0.19957,0.14895,0.076183,-0.52383,0.7715,0.028334,-0.23102,-0.31338,-0.087173,0.026252,-0.11666,-0.91686,0.26948,0.062517,0.14075,0.073446,0.082105,-0.0011736,0.070131,0.0049639,-0.49046,-0.42228,0.12705,-0.19138,1.6026,-0.17753,0.5067,-0.43606,-0.0093542,-0.12645,0.027648,-0.045645,0.070448,-0.27731,0.45165,0.29437,-0.039297,-0.12836,-0.035934,0.1859,-0.036649,1.8298,2.3882,-0.036221,-0.17268,-0.072047,0.33039,-0.10765,0.013007,-0.27733,0.10546,0.184,0.3825,0.041785,-0.23721,-0.067981,-0.032478,-0.27554,-0.16116,-0.21537,0.13033,-0.22778,-0.67051,-0.24152,-0.11661,-0.1244,-0.45445,2.2254,-0.17619,-0.0063313,0.72319
TCGA-24-1467-01A-21-1562-20,OV,Primary,35,0.08114,-0.30026,-0.42229,-0.43217,0.6092,-0.11261,-0.29733,0.086957,-1.2053,-1.2674,-0.5572,0.14344,0.69671,0.29645,0.38223,-0.20063,-0.62028,-0.39911,-0.2125,-0.048526,0.1165,0.018212,0.59272,0.14105,-0.29508,0.070243,0.92063,0.04478,-0.21788,-0.8016,-1.1203,0.18585,-0.064536,-0.12055,0.038044,-0.033157,0.46044,0.22794,0.22734,2.3898,0.36956,-0.047879,0.14247,0.59227,0.1316,0.11502,0.20774,-0.71718,0.65736,-0.090537,-0.15377,0.045285,0.10481,0.60831,-0.1574,-0.60707,-0.55776,-0.37436,0.80933,-0.43905,-0.65522,-1.3048,-0.18841,0.077768,0.029025,-0.077339,1.2706,1.3834,-0.42656,-0.10917,-0.26413,-1.0643,-0.29753,-0.38981,-0.011913,-0.55013,-0.4232,-0.69611,-0.1662,0.21722,0.1196,-0.031144,0.32549,0.41264,0.098929,-0.10813,-0.023515,-0.11679,0.23726,-0.22621,-0.14776,0.8414,0.18589,-0.10929,0.22831,0.12118,-0.074137,-0.26201,-0.066497,-0.53975,0.18152,-0.65608,0.05042,0.22186,0.028499,-0.12249,-0.19027,-0.15447,-0.14627,0.24272,0.079481,-0.16321,-0.18446,0.10746,0.21636,-0.35929,0.020343,-0.56404,0.26878,-0.14795,0.27231,-0.80232,0.11376,1.5101,0.1033,-0.38937,-0.038184,0.074442,0.28699,-0.021978,-0.068402,-0.34301,-0.048701,-0.12068,0.33345,-0.28007,-0.14228,0.4834,-0.16156,-0.093489,-0.076409,-0.30061,0.12889,0.77832,-0.12111,0.36101,-0.12983,-1.7288,-0.81718,0.0046685,-1.3899,-0.0073655,-0.096469,-0.53557,0.17163,0.020731,-0.12561,0.826,0.1946,0.058266,-0.57868,-0.21625,0.15008,0.097725,-0.4557,0.22465,0.26476,-0.016405,-0.053751,0.18321,0.070958,0.13239,-0.14841,-0.75014,-0.50519,0.40861,-0.21343,3.48,-0.056693,0.95802,-0.24097,0.12343,0.16422,0.036359,0.12486,0.74397,-0.54985,0.20871,0.36218,-0.13761,-0.0069422,-0.10776,0.23114,-0.044918,0.11334,0.176,-0.013243,-0.081178,-0.0072789,0.50536,-0.07558,-0.30348,0.017628,0.39971,0.43303,0.88,-0.24363,0.1572,-0.15664,0.18723,-0.19006,0.037941,-0.07492,0.0099581,0.12819,-0.22203,0.41152,0.17731,0.23394,-0.32168,1.7683,-0.012857,-0.056465,0.62615
TCGA-13-1483-01A-21-1562-20,OV,Primary,35,0.20588,-0.025601,-0.18595,-0.18461,0.3889,-0.60702,-1.0065,0.25266,-0.13646,-1.0943,-0.45506,-0.034878,-0.43445,0.13895,0.38635,0.12485,-0.22702,-0.40026,-0.098334,-0.13162,0.26366,0.11741,0.21198,0.066969,-0.29537,-0.048778,0.76109,0.066205,-0.24905,-1.1661,-0.3842,-0.28378,-0.46996,-0.40259,0.1072,0.011728,-0.36147,0.045112,0.014086,0.0040053,0.67071,0.13584,0.04087,-0.2294,0.29369,0.52924,-0.62101,-0.64843,0.20392,-0.15185,-0.21759,0.071822,-0.14129,1.7231,-0.11628,-0.016188,1.7183,0.18133,0.72134,-0.3439,-0.34215,-0.46956,-0.51765,-0.065026,0.35951,-0.12793,0.34904,1.5348,-0.59994,0.031428,-0.046888,0.33985,-0.16641,0.32376,-0.031958,0.66327,0.19405,0.14447,0.05971,0.23732,-0.033612,-0.32552,0.41339,0.58272,0.26572,0.042889,0.11421,-0.28344,0.25381,-0.0062244,0.63787,-0.12561,0.42926,0.26954,-0.06632,0.69321,0.63465,0.2112,-0.49813,0.33469,-0.05388,0.29744,0.78934,0.19887,-0.27578,-0.097794,0.61023,0.57367,0.25084,-0.75263,-0.18209,0.76339,0.98163,0.17791,0.26375,0.31838,0.044968,-0.73811,-0.06267,0.16337,0.44579,-0.26489,-0.0018054,0.50363,-0.29415,0.039509,-0.19975,0.45836,1.5749,-0.002065,0.088773,-0.14077,0.12434,0.074416,0.12197,-0.53685,0.14967,0.11246,-0.042879,-0.035142,-0.16137,0.025091,0.08145,-0.77138,0.26179,0.26435,0.075226,-0.042325,-0.26881,0.10568,0.12497,0.3713,0.006442,0.81965,0.5668,0.066084,-0.41931,-0.42228,-0.031838,0.1036,0.025738,0.15926,0.43131,0.21789,-0.62656,0.27226,-0.15478,-0.17299,0.10201,0.27149,0.22799,0.38907,0.10069,0.08132,-1.2065,0.2956,-0.22264,4.0021,-0.049774,-0.65952,0.67791,-0.060532,0.11347,0.075047,0.18597,0.48451,-0.19142,-0.0093403,-0.047961,-0.29036,-0.072134,-0.046576,0.21149,-0.10801,0.026557,0.092588,-0.40942,-0.12607,-0.092238,-0.23441,0.020122,0.32155,0.39639,0.094647,0.098715,0.52622,-0.74701,-0.20182,-0.27073,0.11669,-0.16148,-0.47128,-0.18253,-0.12622,-0.48613,-0.92079,0.09659,-0.086389,0.024659,-0.58203,1.1863,-0.16262,-0.35585,-0.2086
TCGA-13-1495-01A-21-1562-20,OV,Primary,35,0.13998,-0.43439,0.18575,0.13848,0.21948,-0.59511,-0.76443,-0.019709,-0.35905,-0.5845,-0.056559,0.14251,-0.0059905,-0.30905,-0.21835,-0.17753,-0.070002,-0.415,-0.12017,-0.18218,-0.13602,0.096659,-0.13768,0.069026,-0.31852,0.023666,0.17252,-0.045459,-0.044374,0.74049,-1.2141,-0.086461,-0.19671,0.075762,0.04067,0.041503,0.68741,0.26414,0.030783,0.059997,0.6233,0.91295,0.048565,0.69597,0.17911,0.34356,-0.68533,-0.51283,0.35358,-0.32212,-0.17674,0.047714,-0.34319,1.3352,-0.38255,0.098017,1.0921,0.19859,0.58736,-0.16175,-0.088866,-0.45821,-0.21244,-0.099567,0.0033732,-0.15801,0.85328,1.2617,-0.94509,-0.011616,0.59569,-0.35386,-0.21521,0.15021,0.14763,1.1931,-0.97558,0.3508,0.068878,0.25395,0.14293,-0.061133,0.21552,-0.2875,0.47446,-0.11215,0.1829,0.23114,0.21126,0.17125,0.4072,0.54187,0.27853,-0.046588,0.26391,0.56473,-0.018748,-0.0116,-0.34427,0.76761,0.34795,-0.28817,0.21401,0.16271,-0.21291,0.019242,0.71867,-0.22855,-0.10526,-0.11574,0.090265,0.80375,0.6361,0.1494,0.062305,-0.13151,-0.16594,-0.6506,0.03044,-0.26266,0.383,-0.19042,0.2275,1.656,-0.25635,0.25747,-0.156,0.16024,0.54714,-0.027123,0.39624,-0.019068,0.19983,-0.028708,0.15649,-0.29311,0.37873,-0.12116,-0.14575,-0.18302,-0.54548,-0.76587,-0.1453,-1.0279,0.31278,0.59318,-0.025982,0.19828,-0.31179,-0.070932,-1.384,0.074947,-0.023688,-0.14656,0.55549,0.044332,-0.48414,0.14776,-0.18373,-0.28005,-0.07133,-0.032444,0.24313,-0.032417,-1.1789,0.13736,-0.0028513,0.044644,0.054715,0.24844,0.17579,0.34151,0.098504,-0.023858,-1.0349,0.49659,-0.29684,0.72717,-0.13811,-0.15501,0.60938,-0.056451,-0.064744,0.14006,0.080935,0.46755,-0.16362,0.22981,-0.10549,-0.58534,0.059319,0.019375,0.13246,-0.074594,-0.038728,0.078361,-0.22746,-0.16305,0.028769,0.29348,-0.2156,-0.12956,-0.068057,0.046818,0.087722,0.87391,-0.36673,-0.091312,-0.016833,0.02914,-0.31093,-0.30396,-0.1051,-0.036223,-0.12241,-0.56636,-0.21526,-0.0098551,-0.0014837,-0.44049,1.9564,-0.1846,-0.18571,0.012943
TCGA-13-1506-01A-21-1562-20,OV,Primary,35,0.086706,0.4597,-0.050656,0.45217,-0.049123,-0.32748,-0.25388,-0.25387,-0.47072,-0.60951,-0.35827,0.13985,0.24681,0.68444,0.093355,-0.29808,-0.6857,-0.81588,0.0043315,-0.18951,-0.3537,-0.041998,0.42471,0.16818,-0.26996,0.040963,0.29051,-0.13255,-0.10359,0.13334,-1.0381,0.15418,-0.42102,0.47911,0.0017032,0.038063,0.5186,0.39303,0.011184,1.3019,0.1789,2.3453,-0.077254,1.4397,-0.23006,0.42596,0.36177,-1.1609,0.14321,-0.44916,0.080674,-0.039553,-0.11114,0.42911,-0.39039,-0.80477,-0.34675,-0.043939,0.87488,-0.47834,-0.058802,-0.27372,-0.089679,-0.0033687,-0.17304,-0.081639,0.59881,1.5062,-0.55752,-0.43037,-0.18957,-0.57687,-0.40997,-0.48187,-0.23268,0.24164,-0.16634,-0.17195,0.05325,0.2596,-0.27407,-0.14238,-0.12927,0.4686,-0.64966,0.15387,0.12289,-0.0039696,0.15445,-0.36225,-0.43016,-0.16106,-0.48127,0.41757,0.11696,1.1318,-0.20104,0.066082,-0.64188,-0.21574,0.48049,-1.0461,-0.76426,-0.11542,-0.061303,-0.055963,0.020913,0.04597,0.14002,1.4058,-0.012392,-0.21422,-0.29442,-0.12263,0.26946,-0.23613,-0.21134,-0.40495,0.30219,0.046276,0.62889,-0.6708,0.092339,1.0012,-0.1791,-0.44642,0.43497,-0.1007,0.28671,-0.16426,-0.016492,0.069514,0.040865,0.040002,0.43439,0.20657,0.15762,0.89394,0.38872,-0.063759,-0.25284,-0.49896,0.30018,0.088904,-0.10655,1.611,0.030126,1.888,-0.29441,0.6346,-0.38457,0.26625,0.10429,0.77185,0.34341,0.10612,-0.20519,0.38715,-0.0074599,0.10656,0.019218,-0.18466,-0.049744,-0.10707,-0.66153,-0.053213,0.64623,-0.29794,0.19502,0.18691,0.26441,0.038336,0.13638,-0.16654,-1.1951,0.42158,0.0042666,2.5223,-0.19413,1.3163,0.41712,0.055107,-0.081838,0.10585,0.14157,-0.82185,-0.52184,0.27867,0.22598,-0.0071431,0.09557,-0.16046,-0.021662,-0.07139,0.60427,0.81797,0.43481,-0.11345,0.048755,0.10243,0.20691,-0.13459,0.067739,0.44747,0.41175,1.7111,0.41396,-0.062797,-0.049476,0.014323,-0.28485,0.093177,-0.11026,0.23228,0.072513,0.036083,0.15738,0.12783,0.23396,-0.27086,1.5184,0.035324,0.1302,1.1544
TCGA-25-1325-01A-21-1562-20,OV,Primary,35,0.048906,0.55373,0.21035,1.4176,0.028005,-1.0158,-1.224,-0.034825,0.34375,0.13994,-0.45356,-0.60038,-0.020684,0.34149,0.39731,-0.40536,-0.79378,-0.45339,-0.42088,0.040632,-0.72428,-0.074491,0.10471,0.37672,-0.069402,0.053201,0.5981,-0.12418,0.078505,0.06721,0.90332,0.22827,-0.34583,0.14646,0.087086,-0.014723,0.089029,0.25321,-0.018144,1.3171,1.4451,0.57694,0.0515,0.42641,-0.11747,-0.13787,-0.49278,-0.66645,0.45405,-0.29775,0.23827,-0.057005,-0.21796,1.9168,-0.23113,-0.39962,0.020833,-0.45236,2.0428,-0.51135,-0.29144,-0.072111,-0.53633,-0.091643,0.36416,-0.095651,0.21292,1.855,-0.22019,-0.19454,0.49327,-0.17953,-0.56257,0.0054658,-0.14935,1.3639,-0.058438,0.27593,-0.23362,0.22513,-0.14844,0.21121,-0.075192,0.71375,-0.096424,-0.29184,-0.079509,0.22812,0.13185,-0.31576,0.47427,0.63271,-0.38507,0.68696,0.56587,-0.26956,-0.19583,-0.14786,-0.54455,-0.1104,0.16324,-0.45376,0.15077,-0.058501,-0.084472,0.34685,0.15741,-0.10529,-0.15452,2.4427,0.35421,1.2609,1.2888,0.17776,0.043247,-0.43017,-0.24104,-0.56915,0.28348,0.17902,0.67211,-0.13833,-0.039044,0.87103,-0.37253,-0.21449,-0.32407,-0.067026,-0.10056,-0.23197,0.23821,0.12118,0.011342,-0.020991,0.15871,-0.36558,0.39215,0.21607,-0.029133,-0.065026,-0.4099,-0.46072,-0.0076205,-0.52851,0.18425,0.72758,0.046125,-1.2593,0.056182,-0.054773,4.242,0.28478,-0.048722,0.25304,0.069556,-0.02429,-0.44366,0.9049,0.10222,0.22068,-0.0513,0.23318,-0.098114,-0.05059,-0.39542,0.098102,-0.16718,3.1951,0.47325,0.1318,0.061858,0.037516,0.041533,-0.26668,-1.5356,-0.0092089,0.34854,3.7951,0.048954,-0.66926,0.48499,-0.12994,0.08707,0.10478,0.055675,-0.57459,-0.1618,0.24122,0.33017,-0.39386,-0.079948,0.092087,0.079673,-0.095678,-0.1173,-0.1993,-0.04476,-0.19574,-0.048777,-0.79893,-0.13497,0.20031,0.20403,0.87268,0.44289,0.11054,-0.030197,-0.25589,-0.0016633,-0.030839,-0.18998,-0.14065,-0.033481,0.073151,-0.34556,-0.4301,-0.0031917,0.048476,0.14097,-0.17342,0.46007,0.39456,-0.00023937,0.56321
TCGA-24-0966-01A-21-1562-20,OV,Primary,35,0.011929,-0.29848,-0.17397,-0.28029,0.88783,-0.23857,-0.65232,-0.23851,-1.0189,-1.1244,-0.13766,0.6377,-0.31169,0.11596,0.27693,-0.32233,-0.56255,-0.62811,-0.015637,0.063262,0.22787,-0.043645,0.067237,0.33199,-0.50177,0.085313,0.31335,0.098866,0.075861,-0.30542,-1.1638,0.15603,-0.34421,-0.030172,0.018252,0.10706,0.032128,0.19651,0.10661,0.66608,0.27817,0.61446,-0.036269,0.98379,-0.06245,0.29957,0.26158,-0.87954,0.69696,-0.29754,0.19644,-0.010876,0.06076,1.9098,-0.041274,-0.84433,-0.56948,-0.18767,0.79265,-0.3614,-0.41845,-0.41703,-0.10909,0.013434,0.059288,-0.053544,0.15048,0.6561,-0.2412,-0.11585,-0.068144,-0.059476,-0.36945,-0.15948,-0.049826,1.2489,0.40531,1.1445,-0.16341,0.278,-0.14908,0.12979,0.10837,0.90262,-0.32521,-0.28228,0.026528,0.18109,0.25486,-0.12939,0.54739,0.43941,-0.070433,0.18482,0.52157,-0.50045,0.19435,-0.10949,-0.15208,-0.048778,0.25351,0.29413,0.87198,0.24619,-0.20956,0.25833,0.2988,0.11856,-0.16773,0.59282,0.14247,-0.21629,-0.26201,0.49732,0.22792,0.030195,-0.15264,-0.75193,0.15088,-0.010375,0.4278,-0.37367,-0.029755,1.4726,0.032596,-0.090186,-0.27978,0.27469,0.57439,-0.033848,0.15548,-0.28367,0.36893,-0.16022,0.45896,0.32283,0.47166,0.3562,-0.15585,-0.19968,-0.35174,-0.7747,0.06706,-1.0176,-0.010914,0.28684,-0.1851,-0.27035,-0.45598,-0.079242,-0.28173,-0.094406,-0.15934,-0.74955,-0.046522,0.015981,-0.25288,1.2607,0.028854,-0.2395,-0.39329,0.49474,0.090074,-0.015741,-0.77346,0.072076,0.46312,-0.24276,0.045837,0.14534,0.043428,-0.10721,0.003979,-0.59287,-0.95527,0.11832,-0.095772,1.1169,-0.017527,0.58746,0.028039,-0.045868,-0.16821,-0.028151,0.083224,0.95437,-0.0033037,0.12489,0.043821,0.048519,-0.072191,0.95105,0.88594,0.55551,0.21016,0.32976,2.9319,0.31523,0.32974,0.61102,2.5591,-0.2255,0.0081619,-0.59072,0.48267,1.3581,-0.11965,0.077323,0.13134,-0.017371,-0.3798,-0.083433,-0.21736,0.062552,-0.24119,-0.2552,0.1396,-0.011176,0.15783,-0.18757,1.4368,0.094449,-0.063444,0.054127
TCGA-23-1122-01A-11-1562-20,OV,Primary,35,0.15469,-0.23945,-0.31751,-0.3564,-0.34779,-0.40218,-0.69246,0.23178,0.21372,-0.55777,0.032887,0.54564,-0.23145,-0.4842,0.6779,-0.031907,0.005598,-0.43355,-0.15309,0.20797,-0.39973,0.10013,-0.42105,-0.023665,-0.27098,0.085014,0.8321,-0.23143,-0.1732,-0.20385,-0.29858,0.1673,0.057594,-0.033737,0.027462,0.021569,0.28207,0.10552,0.10816,-0.78911,0.86423,-0.37468,-0.063172,0.088527,-0.045397,0.46713,-1.0258,-0.2695,-0.49447,-0.053826,-0.33016,0.056492,0.0087516,-0.024696,-0.72689,-0.048213,2.7103,0.25462,-0.29018,-0.38945,-0.16963,-0.64082,-0.41509,-0.19566,1.0741,-0.072346,0.22872,1.7783,0.038005,-0.21041,0.58474,-0.24624,-0.77553,0.20064,0.11163,0.58972,-0.17946,-0.10318,0.094557,0.26144,-0.062747,0.157,0.41362,-1.3164,0.33583,-0.12095,0.30057,-0.08904,0.1202,0.19006,0.74595,0.29003,-0.11373,0.20932,-0.087933,0.88349,-0.5839,-0.24984,-0.46939,0.30303,0.15231,-0.26372,0.32431,-0.19822,-0.25274,-0.26883,0.69622,-0.31508,-0.10573,-0.54535,0.38729,1.3483,1.5521,0.12351,0.29703,-0.14923,-0.093302,-0.24824,-0.15603,0.41157,0.23975,-0.68626,-0.14642,0.74087,-0.04077,0.1369,-0.38455,0.11983,0.75875,0.17172,0.047145,-0.14491,-0.096711,0.037135,-0.20806,-1.1918,0.18718,-0.37245,-0.049554,0.071999,-0.11142,0.38701,-0.45455,-1.0956,0.41084,-0.34019,-0.047323,-1.0747,-0.4668,0.349,1.2721,-0.049249,0.057597,0.05187,0.97845,0.14173,-0.084001,0.32614,0.067893,0.043204,0.012368,0.078751,0.093942,0.2073,-0.71656,0.22866,-0.4826,-0.16507,0.11081,0.1791,-0.16858,0.43858,0.017836,-0.15369,-0.54422,0.16197,-0.16709,1.1666,0.23749,0.66012,-0.63975,0.076252,-0.12109,0.006449,0.23497,0.29999,-0.19566,-0.48701,-0.16653,-0.45971,-0.017627,0.07589,0.12209,0.083182,-0.41495,-0.54729,-0.30912,0.055632,0.10959,-0.4912,-0.0069383,0.61243,0.1783,-0.33793,-0.033203,-0.68289,-0.21359,-0.16213,-0.013615,0.34264,0.10539,-0.27046,0.0034558,-0.010181,-0.1285,-0.93151,-0.70033,0.1287,-0.5082,-0.33589,0.79377,-0.015604,-0.14907,-0.80905
TCGA-25-1315-01A-21-1562-20,OV,Primary,35,-0.019934,-0.2368,0.2527,0.56645,0.32307,-0.24394,-0.53301,-0.58161,-1.0737,-0.78949,-0.013651,-0.044167,0.60518,0.50748,0.34304,-0.39245,-0.33816,-0.9084,-0.019615,-0.056308,0.82774,-0.057967,0.38305,0.2913,-0.11021,0.078228,0.20214,0.19115,0.047854,-0.764,-0.8008,0.1855,-0.42124,0.16095,0.042178,0.20867,0.26928,0.48968,0.27134,0.68536,0.59258,1.3523,0.026306,0.16059,-0.59015,0.076314,0.31591,-0.48144,0.47507,-0.35006,-0.062113,-0.06405,0.046782,0.59068,-0.27763,0.081983,-0.15361,-0.48707,0.21058,-0.77562,-0.1876,-0.095877,-0.31178,-0.11741,0.016963,-0.17833,-0.64145,2.9006,-0.46935,-0.19208,0.086116,-0.12374,-0.020216,-0.84858,-0.098488,0.12487,-0.11736,-0.1759,-0.25561,0.17938,0.37542,0.32953,0.24232,2.4045,-0.43932,-0.22529,0.38417,-0.32873,0.28072,0.026056,-0.17937,0.88275,-0.30674,-0.066742,0.26672,-0.49409,0.51999,0.046126,-0.84817,0.20049,0.085392,-0.68185,-0.2098,0.011659,0.16538,0.069803,-0.078692,-0.32449,-0.16486,0.33791,0.25608,0.93975,1.2532,0.12556,-0.17918,-0.4887,-0.1069,-0.65469,0.34892,0.47882,0.12651,-0.27477,0.10137,0.94793,0.10038,0.054373,-0.059533,0.51257,1.5553,0.10793,0.23343,0.22714,0.3668,-0.14928,0.31875,0.46947,0.26499,0.34579,-0.065045,-0.21636,-0.34035,-0.90982,0.3689,-0.45256,-0.069051,0.6863,-0.060853,-0.21405,0.091263,-0.099405,0.19126,0.017199,-0.16744,-0.45382,0.096273,0.0085475,0.3507,0.49926,-0.44585,-0.27657,-0.28581,-0.08151,0.45233,-0.047643,-0.8975,0.28105,0.21625,0.19701,0.29399,0.2043,0.20094,-0.277,0.080314,-0.65262,-0.022276,0.14805,0.10009,0.36282,-0.059817,1.1164,0.27499,-0.011543,-0.30227,-0.029618,0.033107,-0.18118,-0.26088,0.25761,0.18325,0.017156,-0.083111,0.10321,0.084949,-0.10219,1.0383,1.2536,0.67209,-0.069887,-0.049226,-0.11393,0.31341,-0.39479,-0.07161,-0.56626,0.46474,0.846,0.091693,0.096975,0.068485,-0.10391,-0.36937,-0.012875,-0.18488,0.116,-0.18004,-0.33136,-0.44573,0.078255,-0.26981,-0.29619,1.3175,0.057684,-0.087702,0.71712
TCGA-61-2113-01A-21-1562-20,OV,Primary,35,0.14678,-0.59473,-0.21609,0.048687,-0.54528,-1.0539,-1.2873,-0.126,0.097001,-0.85235,-0.34317,0.14806,0.080582,-0.040894,0.45787,0.0060102,-0.077184,-0.51454,-0.31667,0.28911,-0.81954,0.056382,-0.42019,0.20364,0.13701,0.12105,1.4134,-0.19144,0.010273,-0.18922,0.22374,0.31654,-0.13576,-0.20159,0.14979,0.068877,-0.57832,0.24451,-0.10403,-0.90343,1.3085,-1.0773,0.14288,-0.30399,-0.2465,-0.011098,-2.296,-0.95622,-0.49741,-0.29108,0.029771,0.069742,-0.06,-0.62937,-0.63623,-0.6518,1.2807,0.10803,0.13538,-0.21916,-0.50519,-0.17009,0.056064,-0.017279,2.1504,-0.011529,0.71236,0.64704,0.81518,-0.069058,0.52213,-0.17847,-0.95553,0.62846,0.02395,1.4744,0.26958,0.48414,0.023429,0.2949,-0.44922,0.17982,0.091845,0.16151,-0.036572,0.20187,0.13713,0.21198,0.185,0.17847,0.66459,0.1844,-0.080307,0.66128,0.050278,0.19338,0.48056,-0.28866,-0.27147,-0.142,-0.11246,0.09421,0.34289,-0.038793,-0.14222,0.077834,0.49194,-0.28166,0.047322,-0.65503,-0.21425,1.3941,1.2598,-0.081095,-0.041078,-0.16535,-0.10187,-0.34308,0.63097,0.30424,0.25273,0.17157,0.048501,0.52548,-0.28346,0.28144,-0.46774,0.11041,0.36144,0.52293,0.12862,-0.048646,0.27134,-0.014679,-0.087136,-0.39247,0.16238,-0.54773,-0.15072,0.19079,-0.48636,0.42518,-0.22835,-2.0662,0.28447,-0.61653,-0.019908,-1.7958,-0.10062,-0.036413,2.7063,0.3729,-0.085517,0.39447,0.5316,0.24864,-0.5917,0.5431,-0.17378,0.022309,-0.11679,-0.26913,0.010641,0.10834,-0.9337,-0.11751,-0.91097,0.56359,0.26505,0.31324,-0.16603,0.22718,0.16078,-0.47226,0.045084,-0.077616,0.074164,-1.2435,0.66166,-2.1079,-0.32273,0.12123,-0.26733,-0.031177,0.17638,0.19104,0.17612,-0.94229,-1.0044,-0.44901,-0.17649,0.30113,0.18605,0.21954,-0.95271,-0.89275,-0.028376,0.19788,0.12716,-1.0357,0.34384,0.53731,0.38434,-0.3113,0.5039,-0.39549,-0.10156,-0.0014469,-0.22893,0.053363,-0.10204,-0.27857,-0.1426,-0.0045758,-0.31067,-0.51159,-0.30018,0.16641,-0.05442,-0.17632,-0.026843,0.16765,0.14453,-1.0502
TCGA-24-1427-01A-21-1562-20,OV,Primary,35,0.54064,1.3218,0.16491,1.3268,-0.35224,-0.88455,-1.4356,-0.4665,0.47894,-0.035163,-0.68111,-1.165,-0.58788,-0.94058,-0.21144,0.60113,0.73335,0.22521,0.70004,-0.25513,-0.93439,0.81837,0.93658,1.3814,0.54786,-0.056287,0.57992,-0.58765,-0.090689,-0.97021,1.1819,-0.30484,-0.14721,-0.08677,0.11297,0.12416,-0.74243,-0.26725,-0.12587,1.442,0.92677,-0.044902,0.18588,-0.59697,0.82335,0.66028,0.012309,-1.8464,-0.25311,0.21459,0.099756,-0.031514,0.29478,-0.87301,0.29628,-0.37691,1.537,0.99159,0.87612,-0.3849,-0.64945,-0.10204,-0.71635,0.38595,0.30421,0.21085,0.14629,2.609,-0.79081,0.11004,-0.12107,-0.45611,-0.88734,1.2207,-0.44813,0.97972,0.54308,0.3957,0.55686,-0.16484,-0.71353,-0.63144,0.72071,0.46088,-0.11137,0.84838,0.24926,1.1582,-0.59233,-0.22017,0.29139,-0.85997,-0.33239,-0.04393,0.24613,2.0954,0.63599,-0.28633,-0.66456,1.4801,-0.13507,-0.90484,-0.24256,-0.17807,-0.17446,0.40095,-0.1103,-0.5753,-0.47837,0.28426,-0.65618,1.3407,1.3512,0.30931,-0.31938,0.072165,0.55199,-0.44751,0.40175,0.76971,0.90211,-0.23755,-0.12665,-0.10683,-0.73408,-0.48079,-0.03387,0.6237,1.5531,0.33585,0.59904,-0.051415,-0.3102,0.28629,0.060202,-1.1519,0.82685,0.11641,-0.064085,0.19281,0.86331,0.87249,0.07155,-1.4919,0.1474,0.27011,-0.15623,-0.4121,0.1511,1.0103,-0.75712,0.060081,0.29319,2.432,1.0022,1.1071,-0.29579,-0.17123,0.31748,0.97818,0.13655,-0.0074605,0.13036,0.91954,-0.75845,-0.14621,-0.72105,-0.53238,0.084301,-0.49674,0.75244,1.3101,-0.090063,-0.01212,-2.1573,0.071052,0.016105,-1.6815,-0.42239,-1.5256,-0.15939,0.62419,0.72642,0.014794,0.40431,0.99661,-0.26595,0.65213,-1.195,-0.8998,-0.35518,0.14199,0.53037,-0.19011,-1.4543,-0.95909,0.18632,0.06269,1.1631,0.55394,1.051,-0.33709,-0.5777,0.3192,0.13269,0.40074,-1.1528,-0.65673,-1.1135,0.60131,-1.1186,-1.2652,-0.96398,-0.26869,-1.0719,-0.705,0.43871,-0.26965,0.5784,-1.4337,0.47273,-0.020897,-0.16155,-2.0778
TCGA-24-1469-01A-21-1562-20,OV,Primary,35,0.070964,0.0052671,0.020719,0.43726,-0.017599,-0.57234,-0.62766,-0.28292,0.18357,-0.54792,-0.33189,0.14738,0.45266,0.23882,-0.6759,-0.36305,-0.42716,-0.87997,0.002093,-0.025639,-0.059782,-0.228,0.40364,0.45489,-0.17689,-0.021442,0.45484,-0.021376,-0.22162,-0.63114,-1.7365,0.14984,0.0081987,0.54177,0.13935,-0.13817,0.89071,0.56614,0.13115,0.33408,-0.077174,2.4376,-0.15385,2.0476,-0.41515,0.082846,0.035866,-0.98796,0.2839,-0.12844,1.3341,-0.15788,-0.0030067,1.8327,0.057525,0.12631,0.29956,-0.1995,1.3339,-0.7663,-0.040052,0.10489,2.5462,1.6044,-0.073678,-0.042963,0.28822,2.1842,-0.58275,-0.49802,-0.044791,-1.1761,-0.034552,-0.81603,-0.24392,0.95525,-0.32617,-0.19539,-0.0076722,0.092883,-0.080775,0.27571,0.63229,0.9665,-0.16856,-0.26928,0.19209,-0.12601,0.25756,-0.10578,0.24787,0.64697,0.010512,0.45239,0.46087,0.16893,-0.24255,-0.0095524,-0.44698,-0.2398,0.47956,-0.99746,-0.3652,-0.013803,-0.21353,-0.0062095,0.0031044,-0.31415,0.024902,1.6493,-0.052388,0.82527,0.79428,0.30784,0.54759,-0.52517,-0.1363,-0.63261,0.28857,-0.25971,0.59771,-0.21112,-0.053048,0.56905,-0.1032,-0.24907,-0.007674,-0.30273,-0.10049,0.19088,0.059085,-0.037166,0.27762,-0.18057,0.28491,-0.28306,0.12149,0.44945,-0.23925,-0.19501,-0.48325,-0.582,0.49092,-0.65699,-0.12845,1.1999,-0.18413,-1.1327,0.16016,0.17059,-0.66263,0.21007,-0.28854,-0.16041,0.24507,0.12953,-0.27029,0.58197,0.28461,0.035065,-0.39916,-0.22076,-0.12874,-0.22728,-0.50422,-0.24357,-0.090942,0.2486,0.0072108,0.067159,-0.080303,0.10069,-0.35047,0.28681,-0.94456,0.32767,-0.16167,1.8079,-0.20992,1.3866,0.49703,-0.056418,-0.29755,-0.018059,-0.0069839,-1.073,-0.44233,0.49305,0.27127,0.16665,-0.082313,-0.12403,0.15346,-0.087742,0.36744,0.63627,0.5709,-0.10767,0.007303,-0.46985,0.1418,-0.050998,0.1226,0.8408,0.27028,1.1641,0.40278,0.12817,-0.2594,0.08897,-0.40928,-0.05591,-0.22318,0.22718,-0.11384,-0.29631,-0.46532,0.01044,0.034291,-0.43714,1.7772,0.075029,0.045374,1.2609
TCGA-13-1484-01A-21-1562-20,OV,Primary,35,0.053989,-0.28973,-0.29299,-0.37875,-0.40542,-0.43053,-0.43261,-0.3975,-0.748,-1.1156,-0.37518,0.048134,-0.36112,1.655,1.6988,-0.077518,-0.24397,0.071692,0.18082,0.19395,-0.42394,0.10792,0.5961,-0.21354,0.0046663,0.066738,0.9887,0.068164,-0.11018,2.4409,-0.46746,0.42529,-0.19218,-0.2078,0.079828,0.029666,0.25999,0.2515,-0.045697,0.43215,0.57048,-0.050866,-0.043691,0.59096,-0.23508,-0.55604,-0.7227,0.24521,0.24836,-0.084058,-0.26536,-0.093325,-0.076327,0.53388,-0.55629,-0.13317,-0.11115,0.16794,0.62784,-0.35113,-0.27268,-0.86652,-0.60527,-0.21582,0.82914,-0.17101,0.86419,-0.21541,0.17749,0.00077026,0.040893,-0.16188,-0.37598,1.2251,-0.0056,-0.35552,-0.53335,0.10728,-0.015321,0.32841,0.0086468,-0.18224,0.33553,-0.28846,-0.16009,0.24128,0.39467,0.56308,0.21574,0.10047,-0.08201,0.41466,-0.062956,0.42081,-0.31642,-0.33042,-0.24494,-0.043449,-0.023952,0.12602,0.1184,-0.1481,0.27265,0.21229,-0.21754,-0.065583,0.10749,0.24923,-0.23173,-0.88228,0.70563,0.87763,0.7947,0.12924,-0.17345,-0.54487,-0.22136,0.026508,-0.04172,-0.732,0.23867,1.3618,0.13612,1.2784,0.034116,-0.45698,-0.16451,-0.18247,-0.96397,0.36079,-0.33679,-0.026028,-0.0081983,0.066237,-0.074043,0.014807,0.14573,0.050157,-0.03917,-0.0016786,-0.59884,0.56155,0.14095,-0.95137,0.058303,-0.014084,0.27347,-0.35027,-0.85015,0.099753,0.024942,0.049519,0.019784,-0.041867,0.12956,0.94914,-0.16112,0.57066,0.014564,-0.031591,0.30758,0.27379,0.70825,0.064222,-0.71691,0.073095,0.075004,0.2566,-0.043871,0.15995,-0.066086,0.08143,-0.019764,0.40123,-0.36843,0.62719,-0.16728,3.9555,0.35939,-1.518,0.24541,0.048348,-0.14211,0.19382,0.10571,-0.66185,0.51682,-0.092201,-0.2407,-0.014549,0.071267,-0.04721,0.011054,0.10413,-0.047648,0.087064,-0.062145,-0.17376,0.14041,-0.1856,-0.28879,0.27678,-0.00601,0.82838,0.24883,0.36503,-0.26678,-0.12477,-0.1141,0.11473,-0.34956,-0.10177,-0.12422,0.0093673,0.21737,-0.059323,-0.071178,0.11318,0.40904,0.10089,1.2434,-0.27085,0.50101,0.53972
TCGA-13-1496-01A-21-1562-20,OV,Primary,35,0.05453,-0.51724,-0.23447,0.022651,-0.33223,-0.1476,-0.35832,-0.20299,-0.43011,-1.0089,0.53265,0.8146,-0.781,0.63813,-0.06908,-0.095808,-0.34969,-0.6812,-0.018124,-0.11785,0.25801,-0.065271,0.68872,0.66358,-0.56338,-0.028327,0.5942,-0.12007,-0.10402,0.97366,-1.5146,0.074893,-0.094073,-0.033973,0.012924,0.11948,0.34938,0.2717,0.13298,0.99113,-0.20932,0.30635,-0.21767,1.5649,-0.063401,-0.04739,0.69772,-0.71987,0.25465,-0.022431,0.60655,-0.098769,0.34066,1.4572,-0.27215,-0.44635,-1.3391,0.18003,0.084268,-0.36968,-0.25361,-0.24578,0.20032,0.17756,0.070976,-0.1222,-0.33236,2.9675,-0.30643,-0.36387,0.20145,-0.37097,-0.1167,-0.10744,-0.28135,0.51209,0.59009,0.058121,-0.17146,0.24335,0.27077,0.41963,-0.19082,1.2551,-0.26543,-0.27195,0.34894,0.48967,0.22162,0.030673,0.43264,0.82554,-0.14741,0.77057,0.33635,-0.73644,0.30481,-0.15433,0.071597,-0.084488,0.51606,-0.6056,-0.19575,0.035845,-0.22479,0.12136,-0.31004,-0.06824,-0.10402,1.485,0.20509,1.0171,1.3018,0.69494,0.55662,-0.18258,-0.17339,-0.70622,0.33627,-0.17897,1.0036,0.82555,0.079795,1.4855,0.59359,-0.1088,-0.23537,-0.018243,-0.61951,-0.29311,0.089295,-0.033584,-0.13245,-0.096425,0.33966,0.3712,0.37477,0.23266,-0.12676,-0.25329,-0.44133,-0.99752,0.31063,-0.42558,0.11772,0.29671,-0.10679,-0.8167,0.18311,-0.077952,-1.9095,0.34443,-0.08585,0.13659,-0.23473,0.07946,-0.18635,0.35575,0.095211,-0.2797,-0.26361,-0.15397,0.35621,-0.18893,0.88234,-0.098342,0.18387,0.85767,0.2059,0.17971,-0.11837,-0.10121,-0.10151,-0.15267,-0.8006,0.50874,-0.031106,0.071843,-0.15968,1.5191,0.41796,-0.071353,-0.22445,0.0010064,0.029252,0.80686,-0.10687,0.02921,-0.11727,0.13519,0.010458,-0.085956,0.29669,-0.18029,0.13267,0.38262,-0.19213,-0.18968,0.10707,0.37737,-0.20946,-0.26782,0.27877,-0.066896,0.077455,0.8311,-0.10075,-0.41645,0.092698,-0.031119,-0.36559,-0.10249,-0.028201,0.051458,0.13221,-0.40932,0.088056,0.038823,0.41704,-0.12188,1.581,0.29373,0.31961,-1.2133
TCGA-13-1507-01A-21-1562-20,OV,Primary,35,0.020809,-0.54629,-0.020967,0.21592,0.10857,-0.21731,-0.50441,-0.12796,-0.72817,-0.67274,-0.58075,0.17315,-0.70098,0.15166,0.48265,-0.35285,-0.32902,-0.60528,-0.23201,-0.1308,0.31896,-0.17282,0.4118,0.085422,-0.37072,-0.25746,0.21814,0.027065,-0.22011,0.98492,0.40615,0.014462,-0.38192,-0.14136,-0.13972,-0.15373,0.077997,0.053658,-0.014702,0.60489,0.32424,0.66418,-0.19477,0.85185,-0.4581,0.32364,-1.1892,-0.76736,0.36963,-0.057837,0.19133,-0.19715,-0.017199,1.9526,-0.51399,-0.27849,1.2429,-0.049331,0.96544,-0.53658,-0.15962,-0.074891,0.0047811,0.028741,0.24122,-0.19834,-0.68735,0.98936,0.60481,-0.28933,0.17939,-0.23134,0.078817,-0.29798,-0.085161,0.16602,-0.048895,0.16666,-0.10425,0.13335,0.12764,0.16387,-0.30687,1.4301,-0.028308,-0.22015,0.13086,0.083463,0.13255,-0.034955,0.57098,-0.35844,-0.069021,-0.0983,0.43361,-0.076603,0.31813,-0.14686,-0.33932,-0.028174,0.16164,-0.51831,0.066526,0.031066,-0.22445,0.16258,0.17641,0.15898,-0.31172,0.54618,-0.16584,0.63773,0.74907,-0.83669,0.17782,-0.36191,-0.054886,-0.50207,0.23876,0.04719,0.43397,0.79632,-0.17252,0.69939,0.17488,0.11079,-0.06077,-0.01643,0.47572,-0.0048431,-0.0090997,-0.26531,0.16003,-0.0099196,0.26463,0.04446,0.56833,0.32525,0.12271,-0.09879,-0.15278,-0.79764,0.50252,-0.3974,0.20902,0.31441,-0.083624,-1.1452,0.55378,0.06432,3.0007,0.37171,0.016168,1.88,0.074928,0.18414,0.1133,0.30898,0.10463,0.067649,0.05867,0.64825,0.11887,-0.072729,0.19221,0.4127,0.77212,1.0851,0.37429,-0.065272,0.096512,0.21923,0.0059301,-0.16853,-1.3579,0.361,0.54468,3.3382,-0.024074,0.98675,0.19201,-0.081824,0.054583,0.25543,0.21705,-0.11023,-0.44108,-0.085957,-0.027061,0.050166,-0.12047,-0.090081,-0.042311,-0.13705,-0.070776,0.013381,-0.3767,-0.13861,-0.24113,-0.38898,-0.25714,0.21187,0.23449,0.31791,-0.062415,0.68244,-0.37198,0.080164,-0.012258,0.031336,-0.15725,0.00083364,-0.045453,-0.046904,0.08531,-0.4843,-0.016377,0.091573,0.27757,0.096918,1.7925,0.24833,0.26346,-0.49467
TCGA-04-1369-01A-11-1562-20,OV,Primary,35,-0.0051264,-0.13425,-0.14274,-0.064355,0.60398,-0.31873,-0.49406,0.10208,-0.66513,-1.1397,-0.35476,0.31161,-0.24292,0.52142,0.050824,-0.34156,-0.58357,0.5804,0.020012,0.05047,0.056124,-0.15722,0.794,0.32024,-0.28901,0.019341,0.25417,0.24594,-0.096191,0.03093,-1.4896,0.17108,-0.12395,0.0022614,0.017941,0.056307,0.60675,0.27495,0.30263,0.61135,-0.0088415,0.59734,-0.1003,1.2691,-0.41382,0.59112,0.22427,-0.33038,0.28113,-0.20952,-0.32486,-0.14553,0.071722,0.12872,-0.54364,0.2865,0.25045,-0.088354,0.97766,-0.38848,-0.18353,-0.80687,-0.19132,-0.22358,-0.19828,-0.1395,-0.75132,2.0836,-0.67714,-0.33219,-0.030957,-0.54694,0.024681,-0.066874,0.045675,0.93561,0.099966,-0.0517,-0.16512,0.13121,-0.027237,0.22125,0.18754,0.18288,0.58603,-0.37615,0.27568,0.63438,0.20812,-0.0018458,0.077118,1.0764,0.051093,0.36673,0.22657,-0.10406,-0.17872,0.11956,-0.36811,0.34967,0.41808,-0.21398,0.36077,0.12713,-0.24358,-0.12926,0.13046,-0.14295,-0.13379,0.70486,-0.014967,0.92311,0.85588,0.10276,0.23062,-0.060493,-0.2639,-0.29512,-0.10619,-0.15246,0.44556,0.74589,-0.08221,1.042,-0.13342,0.092859,-0.10733,0.30911,0.21358,-0.15192,0.00040205,-0.20202,0.023847,0.090172,0.079002,-0.49919,0.46495,0.48895,0.01451,-0.12528,-0.29512,-0.78035,0.45412,-0.87352,-0.057872,0.63455,0.1083,-0.143,-0.33887,0.12126,-1.1619,0.26081,-0.047819,0.047414,0.071255,0.1444,0.060424,0.7354,0.25236,-0.17061,0.055452,0.63703,0.06262,-0.17931,-0.75021,0.056843,0.66996,0.29142,0.211,0.11917,-0.070475,0.32121,0.047937,-0.24224,-1.007,0.47804,-0.22675,0.41629,-0.18571,-0.4148,0.11879,-0.092991,-0.2327,0.024795,0.052545,-0.46041,0.37288,-0.062875,0.32552,-0.12372,0.00062426,-0.038099,0.017993,-0.056194,0.17326,0.31012,-0.1139,-0.15304,-0.088263,-0.14664,-0.099417,0.71261,0.12721,0.33114,0.52682,0.67777,-0.21888,0.096011,0.051208,-0.027466,-0.32372,-0.036698,-0.032214,-0.0022539,-0.019337,-0.38254,-0.089834,0.0094588,0.13534,-0.011667,1.8115,-0.057099,0.036052,0.43719
TCGA-24-0970-01B-11-1562-20,OV,Primary,35,0.11718,-0.037792,-0.18577,-0.55906,-0.060106,-0.39811,-0.02392,-0.31109,-0.71295,-1.1795,-0.53763,0.060223,-0.69885,0.5382,-0.12011,-0.29643,-0.075455,-0.43554,-0.10274,-0.046802,-0.098684,-0.16244,-0.30904,-0.0053971,-0.43384,-0.025809,-0.24238,-0.22046,-0.20039,-0.77191,-0.73626,0.21753,-0.094887,0.1462,-0.044559,-0.16558,0.7619,0.17028,0.27559,0.30267,0.2703,1.4862,-0.07109,0.58436,0.095479,0.49116,0.32428,-0.041135,-0.13283,-0.27933,-0.226,-0.068647,-0.2306,-1.7433,-0.65563,-0.078108,1.2365,-0.38529,-0.49186,-0.31821,0.041353,-1.562,-0.56459,-0.30334,0.053464,-0.10488,-0.32631,1.3523,-0.47003,-0.26491,-0.15378,-0.17793,-0.012098,-0.10285,0.1631,0.069189,0.14872,-0.5647,-0.017802,0.12148,0.19769,0.033396,0.03158,-1.4295,-0.11013,-0.069625,0.089309,-0.33453,0.089482,-0.19862,-0.66923,0.059596,0.087724,0.80401,-0.27444,1.0636,-0.1504,0.0086263,-0.26438,0.19668,0.3557,-0.46357,0.021172,-0.056134,-0.22033,-0.30134,0.36441,-0.31587,-0.061874,-0.87933,0.24207,0.70538,0.6808,0.13398,-0.086656,-0.38282,-0.14916,-0.58296,-0.27999,-0.99671,0.046214,-0.29896,-0.02273,0.38505,-0.18024,-0.053129,-0.14642,0.01752,-0.04154,-0.1122,-0.15006,-0.21157,0.037993,0.032861,0.045161,-0.77566,-0.0052244,0.16857,0.081925,-0.14728,-0.12525,-0.34819,0.026349,-0.1296,0.064073,1.0544,0.016633,1.143,-1.3463,0.079126,0.223,0.1731,0.098076,0.14294,0.30053,0.01188,0.29679,0.051319,0.061556,-0.19649,-0.15011,-0.226,0.16597,0.23429,-0.47555,0.41839,0.48494,-0.41297,-0.090907,0.19068,0.082045,0.079212,0.12861,-0.11877,-0.10607,0.78253,-0.33279,-0.42951,0.10416,0.22047,0.27709,0.051814,0.042044,0.18019,0.15543,0.36198,0.28316,0.15563,0.096167,-0.16198,0.11923,-0.085489,0.065187,-0.052321,0.38672,0.47917,0.058749,-0.10866,0.047389,-0.088744,0.13585,0.23962,0.33755,0.1981,0.58498,0.42001,-0.013488,0.18665,-0.03947,0.036207,-0.094026,0.090547,0.10321,0.069458,0.23335,0.06396,0.1654,0.15848,-0.109,-0.17265,0.82886,-0.045478,0.03911,0.43851
TCGA-23-1123-01A-11-1562-20,OV,Primary,35,0.066988,0.62747,-0.051173,0.77582,0.33818,-0.80266,-1.1965,-0.51266,-0.83675,-0.35724,-0.30986,-0.38872,-0.30424,0.21068,0.49822,-0.44305,-0.06689,-0.080426,-0.02928,-0.0765,0.63336,-0.11868,0.96324,0.0072538,-0.57938,-0.059309,-0.037252,0.088714,-0.064739,0.60306,-1.4473,0.1567,-0.49347,0.071395,0.066133,0.21151,0.82406,0.42908,0.20078,0.42906,-0.042926,-0.05023,-0.15614,2.2065,0.1148,0.034545,0.097233,-0.69076,-0.020973,-0.37398,0.086529,-0.10279,0.13396,0.95487,-0.64696,0.16338,-1.3459,-0.52649,0.55817,-0.16934,-0.33064,-0.13905,-0.063019,-0.057711,-0.022896,-0.11027,-0.24656,0.16941,-0.87863,-0.25759,-0.28765,-0.60866,-0.81032,0.19468,-0.017179,0.90554,-0.37391,0.6702,-0.29708,0.14666,0.23514,0.28711,0.34095,1.9108,-0.21556,0.40896,0.0019295,0.67483,0.21813,-0.059474,0.17733,0.42619,-0.20699,-0.030556,0.4218,-0.86853,0.011962,0.38999,-0.41554,0.19821,0.36435,-0.79332,-0.26281,0.27507,-0.23072,0.054955,-0.0335,0.0087537,-0.15909,0.4011,0.21214,0.039878,-0.0015603,0.14068,-0.081909,-0.43422,-0.36647,-0.020409,0.30836,0.29948,0.12162,1.3104,-0.16558,1.8254,0.5533,-0.6514,0.01545,0.17956,0.35112,-0.35848,0.059028,0.057025,1.0077,0.06932,0.60806,-0.068826,0.50852,0.48262,0.0081777,-0.21,-0.32469,-0.77007,-0.12744,-1.0982,-0.20462,0.65659,-0.16215,-1.4391,0.11198,-0.10078,-1.5449,-0.057186,0.049268,-0.36977,-0.28525,0.20169,0.050539,0.42253,-0.035266,-0.27465,-0.20748,0.54233,0.29807,-0.083174,-0.65698,0.090409,0.53115,0.13885,0.12942,0.13596,0.11082,-0.12128,-0.2555,-0.28107,-0.30022,-0.28552,0.55684,2.2502,-0.1697,-2.0249,-0.54053,-0.053474,-0.0030862,-0.0025051,0.082063,-1.2665,0.5724,0.26555,0.69771,0.3322,0.14932,-0.12163,0.19863,-0.13549,0.31213,0.32754,0.18832,-0.15282,-0.095657,0.66577,-0.20833,0.54487,-0.016967,0.14346,0.69636,0.6155,0.24206,0.31311,-0.047453,-0.074032,-0.15661,0.10914,-0.068819,0.17989,0.095345,-0.069554,0.39877,0.1585,0.10641,0.13677,1.2641,0.062231,0.29775,1.0279
TCGA-25-1319-01A-21-1562-20,OV,Primary,35,0.003884,-0.83867,-0.2262,0.14016,-0.57932,-0.11331,-0.25638,-0.28517,0.75751,-0.2495,-0.21156,-0.076768,0.56538,-0.46521,0.30602,-0.21521,-0.46862,-0.56721,-0.24681,0.33734,-0.11849,-0.0041679,0.013903,0.2876,-0.075862,0.11108,0.71302,-0.060412,0.22519,-0.34054,0.65675,0.32324,-0.16741,-0.15857,0.084533,0.14617,-0.18443,0.34479,-0.10718,-0.10164,1.1494,-0.4217,0.12301,0.19919,-0.061497,0.04394,-1.2063,-1.299,0.35025,-0.2969,0.17684,0.081995,-0.1262,1.5285,-0.34805,-0.63121,0.46914,-0.25163,2.1882,-0.39907,-0.47381,-0.16516,-0.08611,0.11581,0.88941,-0.062249,1.0803,1.8223,0.18652,-0.17681,0.54638,-0.35445,-0.52851,-0.33841,0.011567,1.5667,-0.18038,0.39536,-0.19493,0.3194,0.00015991,0.3382,0.49105,0.89189,-0.20677,-0.041983,-0.0081837,0.036692,0.18424,-0.2068,0.21044,0.1263,-0.21705,1.4373,0.22263,0.54516,0.2093,-0.38303,-0.47536,-0.46047,0.048587,0.0053865,0.44908,-0.0087536,-0.062191,0.22307,0.5174,-0.24928,-0.10874,-0.046766,-0.57916,1.0958,0.95169,0.16667,0.14225,-0.41982,-0.10277,-0.3959,0.26838,0.42902,0.46957,-0.13713,0.05866,0.44667,0.2936,-0.0063154,-0.27547,0.12417,0.21568,-0.0024738,0.19298,-0.20526,0.07466,-0.068933,0.037767,-0.43543,0.1883,-0.17448,-0.13827,-0.088064,-0.50101,-0.34352,-0.082102,-1.1584,0.072018,-0.20304,-0.22442,-1.8946,0.049511,-0.18784,3.6554,0.14461,-0.1048,0.69135,0.37079,0.046175,-0.26567,0.58257,-0.2345,-0.16977,-0.30615,-0.20776,-0.56107,0.20125,-0.96129,0.034787,-0.43337,1.2571,0.53109,0.22881,-0.031905,0.02885,-0.09752,-0.3008,0.94813,-0.24876,0.5433,0.07723,0.25336,1.0909,0.06746,0.033482,-0.47784,-0.01758,0.034778,-0.063761,-0.27341,-0.6833,-0.55165,-0.31175,-0.22895,0.11674,0.133,-0.074727,-0.41221,-0.64347,0.0092594,0.066257,0.042115,-0.11439,0.089575,0.089448,0.097885,-0.81605,0.49147,0.36927,-0.28754,-0.13577,-0.38011,0.046567,-0.19895,-0.18284,-0.12231,-0.029329,-0.065414,-0.65021,-0.42058,0.11692,0.0022614,-0.40266,0.77183,0.37685,-0.13651,-0.33858
TCGA-25-2408-01A-21-1562-20,OV,Primary,35,0.16151,0.079665,-0.24251,-0.37777,-0.044838,-0.5792,-0.51872,0.23306,-0.45505,-0.90904,-0.00017564,0.41357,0.3787,-0.59258,0.6293,-0.1726,0.22131,-0.37303,0.020567,-0.096781,0.16056,-0.0064863,-0.31858,-0.15734,-0.089764,-0.11027,0.1667,0.0325,-0.15341,0.093424,0.72779,0.032927,0.10486,-0.1809,0.085132,-0.22144,-0.26819,-0.092238,-0.039513,0.97494,0.69081,-0.47431,-0.012739,-0.4321,-0.070377,0.4162,0.029061,-0.28387,0.2416,-0.16267,-0.11949,-0.03592,-0.1259,0.73232,-0.45424,-0.14257,2.1027,0.020326,0.40311,-0.22373,-0.1973,-0.61715,-0.3227,-0.066174,0.23811,-0.028872,-0.078236,0.76732,-0.12048,-0.0012584,-0.078637,0.32302,-0.61372,0.4874,0.026094,0.80069,0.54375,-0.51422,0.019089,0.10273,-0.28397,0.11001,0.73268,0.76364,-1.583,-0.080053,0.086637,0.31336,-0.087979,0.27064,0.315,-0.1204,-0.045754,0.2959,-0.12535,0.82453,0.10691,-0.025983,-0.029373,0.60524,0.18413,-0.54803,0.12642,-0.14332,-0.084161,-0.11881,0.89159,0.21363,-0.098978,-0.37991,-0.96744,-0.24205,-0.51063,-0.053609,-0.030796,-0.26011,-0.015581,-0.0058231,0.19993,0.60825,0.54773,-0.31099,-0.2435,0.77249,-0.29614,0.53799,-0.023927,0.43242,1.2605,-0.33692,-0.0825,-0.25244,0.07262,0.13493,-0.42703,-0.71523,0.16013,0.049095,0.085993,-0.022841,-0.44049,0.075091,-0.13159,-0.8916,0.21495,-0.39434,-0.052955,0.66649,-0.34854,0.012429,1.6939,0.067205,0.099972,0.38527,0.42831,0.0056763,-0.42091,0.23813,0.17717,-0.021126,0.28056,-0.55292,-0.069611,0.15393,0.46947,0.030243,-0.58447,-0.18824,0.20119,-0.11657,0.0045674,0.20618,0.11283,0.1789,0.10271,0.26131,-0.25827,0.081663,-0.12189,0.69676,-0.074282,0.11636,0.1473,0.069841,0.16729,0.88151,0.14618,-0.28205,-0.2736,-0.2763,0.017555,-0.074857,0.10164,-0.2342,-0.18016,-0.28141,-0.28838,-0.028484,0.069161,-0.026123,0.079251,0.67228,-0.013155,0.27864,0.43848,-1.1967,-0.10696,0.2206,-0.091492,0.16058,-0.0047293,-0.29664,0.16831,0.022012,-0.14279,-0.46913,0.049609,0.22261,0.064376,-0.29364,0.031787,0.21455,0.1329,-1.7706
TCGA-24-1430-01A-21-1562-20,OV,Primary,35,0.05413,0.26048,-0.0018631,0.76521,-0.055025,-0.56657,-0.8524,0.07411,-0.19725,-1.0176,-0.31759,-0.33792,2.1085,0.85202,1.0508,-0.32274,-0.50508,0.053814,0.042185,-0.085517,1.2415,-0.2599,0.2321,0.047938,-0.30036,0.01815,1.1287,-0.23932,-0.17315,-1.4433,-0.097142,0.10301,-0.016839,-0.27763,-0.13715,-0.12047,0.93987,0.37046,0.2603,-0.16648,0.21685,0.089874,-0.084966,-0.53436,0.1594,0.3458,-1.1877,-0.82211,0.59365,-0.33205,0.074932,-0.10252,-0.20629,1.8097,0.20144,0.25359,-0.19107,-0.090364,1.1825,-0.81197,-0.013296,0.095716,-0.16311,-0.15701,-0.24606,0.065994,-0.31435,1.7855,-0.93917,0.026559,0.029664,-0.54973,0.22425,-1.1521,-0.17076,1.8529,-0.54595,0.25526,-0.2618,0.10665,0.46423,0.29808,2.1332,-1.1246,0.19799,-0.55439,-0.16619,0.33278,0.16605,-0.29771,0.49026,0.59281,-0.3525,0.022523,0.25146,-0.3237,0.1987,0.15033,-0.20261,0.23964,-0.063704,-0.50278,0.28164,0.1612,-0.031652,0.16379,0.69769,-0.12257,-0.10804,0.46824,0.025396,-0.048525,0.072456,0.15398,0.021336,-0.56086,0.23598,-0.97491,0.14175,-0.15471,0.42797,-0.45947,0.086071,2.7229,-0.047679,-0.22497,0.33783,0.68728,1.8088,-0.040744,0.17014,-0.04775,0.11378,-0.26227,0.47978,0.093133,0.73484,0.33217,-0.056253,-0.22511,-0.29165,-0.77655,0.14526,-0.68441,0.17274,1.1533,-0.24055,1.0227,0.17578,0.032711,0.62871,0.083442,-0.15357,-0.081008,-0.075991,-0.026945,-0.21444,2.005,0.10846,-0.078316,-0.45432,0.78052,-0.063878,-0.16897,-1.2342,0.48661,0.061137,0.25647,0.01231,0.058923,0.13419,-0.11595,0.18194,-0.68002,-0.71045,0.24677,0.0021595,3.2064,-0.21503,-0.33557,-0.34992,0.087508,0.24728,-0.053145,0.0041168,0.070574,-1.0773,0.41194,0.41132,-0.16759,0.0040778,-0.074009,0.10336,0.039932,0.432,0.72109,-0.25326,-0.15766,-0.12001,1.2066,-0.32174,-0.11163,-0.11923,-0.073954,1.0235,1.07,-0.010023,-0.065597,0.20237,-0.13336,-0.4411,-0.089653,-0.13123,0.063867,0.074061,-0.37198,0.49212,-0.011275,-0.19387,-0.44626,0.77457,0.083838,-0.28338,0.54894
TCGA-24-1470-01A-21-1562-20,OV,Primary,35,0.090774,-0.40097,-0.32658,-0.032002,0.016986,-0.61028,-0.75643,-0.1548,-0.35143,-0.68966,-0.07868,0.33872,-0.48474,-0.26472,0.47003,-0.25115,-0.41806,-0.28179,-0.02848,-0.10585,0.23146,-0.29243,-0.092128,0.39718,-0.47088,-0.070393,-0.3521,0.021872,-0.042319,-0.065506,-0.5113,0.16697,-0.53621,-0.14598,-0.010653,-0.064943,0.12124,0.29603,0.32299,0.49536,0.013864,0.23385,-0.18855,0.43707,-0.1706,0.22368,0.59991,-0.82198,0.31413,-0.17063,0.095907,-0.12769,-0.14419,1.7527,0.059709,0.14325,0.15861,0.05432,0.3125,-0.67512,-0.22407,-0.22619,-0.32714,-0.079634,-0.014569,-0.19962,-0.1339,0.0036349,-0.74484,-0.70393,0.080614,0.13565,-0.58632,0.78603,0.036048,1.6614,0.25331,0.62538,-0.3002,0.06532,0.017125,0.31078,-0.27797,0.57839,0.75229,-0.17605,0.20453,0.20287,0.17431,0.04377,0.58714,-0.14778,-0.31729,0.1829,0.49674,0.54328,-0.33569,0.061338,-0.18448,0.11393,0.30649,-0.37607,0.46761,0.2632,-0.27162,-0.026312,0.59347,-0.043676,-0.055386,-0.49497,0.11699,1.1844,1.1715,0.3889,0.57097,-0.3512,-0.15863,-0.3177,0.47458,0.038241,0.59454,0.25048,-0.25752,0.87589,0.1328,0.13223,-0.48644,-0.26696,0.46259,-0.3102,0.3514,-0.24733,0.3704,-0.1716,0.018846,-0.53638,0.39774,0.20298,-0.23635,-0.10261,-0.14794,-0.28753,-0.001331,-1.7007,0.040284,0.53835,-0.094978,-1.2425,0.23105,0.2177,0.38116,0.39229,-0.17757,0.51685,0.080463,0.15205,0.045953,1.26,0.097093,-0.038385,0.11327,0.87471,-0.0038157,-0.077839,0.21301,-0.073077,0.10634,0.17366,0.0019489,0.052409,0.15201,-0.097197,0.10563,-0.47315,0.031897,0.085614,0.079118,2.7631,-0.23869,-0.98311,0.60261,-0.076772,0.035019,0.074348,0.017286,0.63835,0.5924,0.22225,0.21846,-0.21387,-0.14468,-0.10145,0.21133,-0.10801,0.32512,0.68738,-0.22433,-0.40297,0.0028952,-0.48681,-0.16882,0.2887,0.19468,0.019743,0.59417,0.44108,-0.28474,-0.28378,-0.065494,0.029038,-0.30823,-0.27491,-0.25745,0.0095133,-0.040552,-0.48649,0.22647,-0.0022851,0.2467,-0.076986,1.3881,0.064153,-0.020816,0.32656
TCGA-13-1487-01A-21-1562-20,OV,Primary,35,0.18115,0.49279,-0.14919,-0.026815,0.47354,-0.96856,-1.0446,0.047003,-1.1882,-1.0944,-0.2718,0.48809,0.3236,1.0123,0.78115,-0.11805,-0.43568,-0.54741,-0.1303,-0.079333,0.040894,-0.080941,0.61916,-0.068191,-0.4474,-0.0401,0.85116,-0.21631,-0.27457,-0.79949,-1.2522,0.15139,-0.08423,0.081968,-0.04059,-0.12543,0.35031,0.44655,0.33649,1.3747,0.31615,0.85018,-0.12788,0.9414,-0.31118,0.28132,0.23099,-0.6744,-0.71429,-0.31935,-0.42768,-0.061741,-0.13053,2.5392,-0.6029,-0.13899,1.1362,0.25776,0.26025,-0.45617,0.073216,-1.6212,-0.14322,-0.24423,0.70055,-0.20338,-0.27947,3.2997,0.023324,-0.33645,-0.051669,0.23132,0.14506,-0.56768,-0.069449,-0.49835,-0.556,-0.73158,-0.13929,0.17872,-0.382,-0.26981,-0.22398,-1.454,-0.15167,-0.37927,0.21555,0.039309,0.24352,0.251,-1.3874,0.60441,0.27127,-0.080335,-0.32313,0.74658,0.21602,0.24876,0.49922,0.45002,0.49597,-0.22726,0.23285,0.052962,-0.13426,-0.50895,0.88453,0.35899,-0.042921,-1.0537,0.36514,-0.33004,-0.026771,0.077015,0.21283,-0.40205,-0.14295,-0.38567,-0.17671,-0.69444,-0.017681,-1.0218,0.075159,1.1615,-0.11314,-0.68965,-0.10395,0.40384,0.0542,-0.21063,-0.3288,-0.1213,-0.061502,0.030545,-0.19399,-0.62702,0.042581,0.064125,0.1964,-0.13147,-0.34313,-0.19275,-0.47588,-0.48158,-0.078782,0.38962,-0.12157,0.91161,-1.5529,-0.082473,0.079439,0.14457,-0.13818,-0.34299,0.36667,0.085338,-0.16137,0.23117,0.23169,-0.12876,-0.041863,-0.91969,0.2946,-0.025124,0.82584,0.31144,0.30744,-0.37185,-0.072375,0.12524,-0.024197,0.17963,-0.037507,-0.21577,-1.5399,0.47668,-0.36168,1.5511,0.20475,1.522,0.51642,0.21401,0.3336,0.17962,0.13737,0.21734,-0.49534,0.67566,-0.028588,0.020629,0.16656,-0.00044901,0.1013,0.051937,0.56288,0.3778,0.16223,-0.17312,0.02417,0.44058,-0.080101,0.053301,0.087203,0.062206,0.3468,0.84685,-0.21639,-0.16126,0.10507,0.25404,-0.19332,0.12706,0.028619,0.025302,-0.086864,-0.25753,-0.11511,0.15629,0.098573,-0.23349,1.9805,-0.30896,-0.097597,0.81489
TCGA-13-1498-01A-21-1562-20,OV,Primary,35,0.078935,0.15886,-0.37058,0.025493,0.33428,-0.90792,-0.78679,-0.054706,0.58305,-0.88686,-0.34247,0.41612,0.67415,0.46693,0.37142,0.16712,-0.29214,-0.13486,-0.074145,0.013599,0.35432,0.10346,-0.21397,-0.12518,-0.16074,-0.1099,0.32392,0.030158,-0.21656,0.61046,0.19627,0.031513,-0.14637,-0.11744,-0.010885,-0.27212,0.050849,0.028483,0.033807,0.039757,1.1992,1.0492,0.065855,0.1608,0.46751,-0.15781,0.18487,-0.95775,-0.60584,-0.037174,-0.16203,-0.068066,0.053088,3.1016,-0.3886,0.025371,0.90636,0.15343,0.27989,-0.36233,-0.12027,-0.84463,-0.32456,-0.18896,0.71903,-0.15762,0.44558,2.29,-0.15189,-0.23326,-0.22813,0.19207,-0.33912,0.40871,-0.045314,0.59929,0.44182,-0.27227,0.064235,0.24902,0.15936,0.075652,0.43963,-0.77236,-0.27889,-0.22546,0.29951,0.25557,0.06286,0.15724,-0.49485,0.094988,-0.19334,0.87408,-0.29672,0.24413,-0.0066426,-0.24043,-0.38641,0.44036,0.62779,0.13522,0.60398,-0.15186,-0.2269,-0.071567,0.087206,0.22532,-0.058969,-0.75812,-0.13816,0.93244,0.92633,0.36366,0.42228,-0.15885,-0.13583,-0.41485,-0.16103,-0.23089,0.047735,-0.12606,0.060462,0.84163,-0.37962,-0.054351,-0.08584,0.20048,0.095417,0.096578,-0.15273,-0.21445,0.080805,-0.068865,0.053105,-0.7385,0.21113,-0.060616,-0.099892,-0.12559,-0.56968,-0.74349,-0.11828,-0.41554,0.074194,0.045273,-0.16323,0.056974,-0.79392,0.23822,-0.057357,0.2729,-0.077033,0.90286,0.17434,0.075404,-0.27663,-0.11382,0.057737,-0.025729,0.51248,-0.36532,0.89261,0.15936,1.2315,0.57967,-0.33364,-0.26502,-0.0364,-0.28051,-0.016048,0.1735,-0.12185,-0.28295,-0.59684,0.45318,-0.2832,0.64224,0.14564,-0.32188,1.9558,-0.0044215,0.42623,0.23492,0.22143,0.44546,-0.12909,0.0032984,-0.15788,0.12963,0.017703,0.12012,0.18135,0.00012347,0.12219,0.3299,-0.057361,-0.09717,-0.11068,0.41147,-0.18795,0.24392,0.10373,0.035901,0.14024,0.8243,-0.46657,0.22313,0.14015,0.19441,-0.13761,-0.10879,0.066782,-0.068579,0.32174,-0.64348,0.30816,0.22875,0.16073,0.078297,0.66399,-0.013157,0.024825,-1.8942
TCGA-13-1509-01A-21-1562-20,OV,Primary,35,0.021195,-0.17201,-0.10573,0.44138,-0.6909,-0.20603,-0.4963,0.23212,0.22856,-0.0389,-0.4403,0.086359,0.66492,1.2894,-0.83524,-0.35614,0.0062846,-0.59049,-0.14407,0.022122,0.29524,-0.082106,0.64691,-0.044669,-0.13284,-0.078273,0.39698,-0.04793,-0.15583,-0.47714,-1.3208,0.070774,-0.23223,0.09651,-0.059586,-0.050992,0.14874,0.18689,-0.013724,0.19753,0.30186,0.69613,-0.19952,-0.055275,-0.20143,0.58396,-0.40296,-0.39309,0.20051,0.11822,-0.035457,-0.12309,-0.090928,1.2809,-0.43011,0.13212,1.1606,0.31293,1.9427,-0.41639,0.16658,-0.49716,0.16315,0.074798,0.069865,-0.19008,-0.65185,1.9708,-0.47044,-0.18817,0.15409,0.088972,-0.17122,0.011421,0.075737,0.38213,0.23996,0.086007,-0.1231,0.14061,-0.014417,0.0046081,0.27643,0.10638,-0.56482,-0.059675,0.22689,-0.0027151,0.1192,0.2348,0.31752,-0.028096,0.11535,-0.038937,0.2164,0.34294,-0.11006,0.047894,-0.29178,0.16532,0.31724,-0.47757,-0.02158,0.11211,-0.17101,0.12746,-0.16594,-0.43637,-0.32688,-0.11057,-0.034154,0.80084,1.1602,-0.41208,0.21433,-0.20768,-0.12686,-0.1329,0.28014,0.18814,0.16967,0.39828,-0.0035148,0.3495,-0.35747,0.059541,-0.1048,0.35759,1.1639,0.00087983,0.088459,-0.076145,0.048746,0.074467,-0.21828,0.87523,0.44653,0.2893,0.04048,-0.17989,-0.039162,-1.0025,0.59576,0.74097,0.15108,0.68727,0.039475,-0.51971,-0.28102,0.025553,-0.46938,0.24798,-0.071735,0.89061,0.21964,0.15212,-0.2943,0.17586,0.042712,0.0064383,0.46859,0.34284,-0.0040175,-0.062063,0.018421,0.53633,0.57673,-0.05383,0.2576,0.13695,0.1616,0.21989,0.29222,0.5807,-0.99969,0.98259,-0.073799,2.8536,-0.077001,0.30898,0.45012,-0.076137,0.20238,-0.045343,-0.01787,0.1397,-0.13023,0.37365,0.056567,-0.16681,-0.17211,-0.095304,0.018094,-0.023874,0.27735,0.68804,-0.10024,-0.34106,-0.073665,-0.36185,-0.17505,0.105,0.027985,1.3663,0.30811,0.98271,-0.28765,-0.24954,0.29247,-0.078212,-0.33082,-0.14293,-0.16488,-0.0073823,-0.31054,-0.66567,-0.73181,-0.030017,-0.14135,-0.53341,1.4229,0.069095,-0.23173,0.55037
TCGA-13-1405-01A-21-1562-20,OV,Primary,35,-0.044181,0.02842,0.084476,0.24277,-0.16256,-0.058467,-0.41717,-0.027456,0.46912,-0.74662,-0.62678,-0.57073,0.40518,0.34718,0.68302,-0.48657,-0.27286,-0.46864,-0.28778,-0.17322,0.20434,-0.32337,-0.12604,0.27967,-0.58799,-0.15229,-0.20881,0.076582,-0.17179,-0.20608,-0.11644,0.0285,-0.53361,0.00098543,-0.10764,-0.19237,0.34367,0.10342,0.36794,-0.26023,0.22191,0.17527,-0.18605,0.29529,-0.22125,0.6048,-0.39358,-0.65471,0.51894,-0.19466,-0.047565,-0.22349,0.05853,0.69799,-0.49605,0.16598,0.96397,0.018281,0.33966,-0.58188,-0.11486,0.26274,-0.52076,-0.28915,-0.35124,-0.19534,0.18206,1.6193,1.1273,-0.15384,0.25672,-0.28383,-0.45882,0.08894,-0.20926,1.0987,-0.19794,0.085143,-0.10655,-0.028209,0.1731,0.30394,-0.45795,-0.97698,0.46869,-0.24834,0.07488,-0.31258,-0.022131,-0.1668,0.42953,-0.2971,-0.20994,0.058402,0.19831,0.35934,0.2736,-0.25422,-0.33927,0.38523,0.298,-0.44204,0.31328,0.014246,-0.21916,0.053779,-0.040823,-0.41102,-0.22801,0.60323,0.17076,1.0709,0.76075,0.20973,0.33957,-0.40603,-0.28946,-0.48274,0.0048362,0.12081,0.24383,0.28752,-0.29098,1.2392,0.1066,-0.018443,-0.28597,0.046154,0.78302,-0.073167,0.057763,-0.23145,-0.11848,0.085812,0.39287,0.27701,0.41124,0.22479,-0.12452,-0.098434,-0.28197,-0.8093,0.36428,-0.40945,0.24065,0.32176,-0.085727,-1.6828,0.58334,-0.07196,1.6561,0.28108,0.041591,1.4102,0.1671,0.059667,0.3688,0.53425,0.11129,-0.20542,0.35876,1.4139,-0.032316,0.013427,-0.00060049,0.17035,0.44975,0.55959,0.2681,-0.11884,-0.052765,0.32362,-0.052125,-0.10713,0.13586,0.38457,0.0022519,1.3187,-0.27814,0.16784,-0.016181,-0.14674,-0.044576,0.1455,0.041911,0.29725,-0.068679,-0.3326,-0.21728,-0.51474,-0.094996,-0.22029,-0.055617,-0.30022,-0.056654,-0.055102,-0.3154,-0.19926,-0.092972,-0.78101,0.16489,0.4507,0.16703,0.71088,0.5041,0.21739,-0.12245,-0.0073997,0.23207,-0.008082,-0.10789,-0.16094,-0.0026253,0.043105,0.048058,-0.41065,0.060982,0.065376,0.1487,-0.0093497,1.5007,0.15351,-0.22026,-0.27511
TCGA-24-1103-01A-11-1562-20,OV,Primary,35,-0.0054364,-0.1449,0.32342,-0.042588,-0.25,0.62895,0.63574,1.1665,0.86374,0.20517,0.095829,1.2697,1.0459,0.54536,0.92954,-0.26921,-0.3928,-0.69009,0.057556,-0.063376,0.17771,0.025594,-0.23364,0.18983,-0.38035,0.11392,0.61274,-0.16529,0.052947,0.40489,-0.60742,0.23053,-0.11414,-0.051359,0.11572,0.077851,0.62075,0.24536,0.26771,1.5113,0.35335,-0.089584,-0.086021,0.8123,-0.39288,0.22956,0.47175,-0.38518,0.57172,-0.31143,-0.26372,-0.0014748,-0.090968,1.8488,0.10274,0.14848,-0.029561,0.079166,0.83434,-0.52715,0.044119,-0.60099,-0.25673,-0.24006,-0.079305,-0.15907,1.0484,1.3407,-0.62834,-0.17343,0.40699,0.32277,-0.12455,-0.23955,-0.072873,1.3202,0.54202,0.53397,-0.1301,0.25961,0.20911,0.2272,0.94161,-1.0463,0.46533,-0.23747,0.080051,-0.061919,0.20361,-0.079748,0.45429,-0.043401,-0.067208,0.58599,0.55068,0.55796,-0.36024,-0.064491,0.10989,0.076965,0.23203,0.21368,0.72462,0.012872,0.021404,0.052523,-0.68048,0.70543,-0.05008,-0.11128,0.48702,1.2833,1.4937,0.26087,-0.13803,-0.20037,-0.13359,-0.11763,-0.099295,-0.47625,0.38792,-0.3936,-0.092003,1.5924,0.075706,-0.17744,-0.01988,0.23951,0.79491,-0.14414,0.21436,-0.12783,0.17806,-0.092545,-0.23916,-0.5825,0.32523,-0.040915,-0.054662,-0.25288,-0.53917,-0.51267,-0.4067,0.0094411,0.089878,0.32018,-0.35262,1.6048,-1.098,0.012829,-1.306,-0.13311,-0.30663,0.39898,0.16796,0.12693,-0.15339,1.1601,-0.10762,-0.34201,-0.28805,0.10046,-0.2898,-0.14567,0.3147,0.23885,0.43258,-0.62129,-0.061306,0.070122,-0.0066309,-0.15958,0.068565,-0.43123,-0.94481,0.82118,-0.53009,1.1672,-0.17088,1.6682,0.088518,-0.13087,0.27486,-0.2412,-0.061794,0.26019,-0.85487,0.65057,0.28853,-0.061966,-0.33058,-0.037735,-0.049478,0.11868,0.54109,1.1232,-0.40989,-0.11914,0.00040214,-0.16284,-0.092909,-0.44919,-0.21322,0.76952,0.066232,0.18104,-0.25514,-0.10502,0.39406,-0.011227,-0.25489,-0.20395,-0.19655,0.0019473,-0.10168,-0.089465,-0.63784,0.0043403,-0.22949,-0.41794,-0.081695,-0.33998,-0.27958,-0.68806
TCGA-23-1124-01A-11-1562-20,OV,Primary,35,0.074208,-0.77502,0.32827,0.17951,-0.50217,0.30559,0.22911,0.032299,-0.64256,-0.40729,-0.41413,-0.51748,-0.56027,0.29874,0.38506,-0.41944,-0.52159,-0.75337,0.14662,-0.007918,-0.44653,-0.14925,-0.010203,0.32706,-0.39923,0.044207,0.73932,-0.1607,0.0064463,0.91754,-1.5051,0.19062,-0.043723,-0.15504,0.065832,-0.060073,0.43834,0.25479,0.29157,0.37211,-0.085847,-0.72184,-0.13917,0.63431,-0.42076,0.28619,0.58709,-0.46907,0.60675,-0.29493,0.0089575,-0.13119,-0.1081,1.6955,-0.12696,-0.32651,0.021198,-0.45127,0.68445,-0.17447,-0.31728,-0.11489,-0.23175,-0.12749,-0.31627,-0.05791,-0.82947,2.2237,-0.58341,-0.5045,0.35842,-0.40821,0.24989,-0.24196,-0.073213,1.578,-0.13201,0.21131,-0.30351,0.23014,0.099569,0.51982,0.14328,0.20146,0.67352,-0.33413,-0.12743,0.23839,0.19887,-0.49165,0.36537,0.58717,0.044812,0.54167,0.73277,-0.21964,-0.60718,-0.52744,-0.073551,-0.016402,0.26953,-0.72529,-0.054017,0.015558,-0.21676,0.099154,0.13365,0.28563,-0.058741,0.075059,0.41506,1.6504,1.6609,0.37502,0.18339,-0.35394,-0.17544,-0.61443,0.067191,-0.083582,0.21732,-0.30539,-0.12711,0.72437,-0.059788,-0.591,-0.15037,0.2477,0.79904,-0.032679,0.51343,-0.089523,0.26114,-0.014622,0.044467,-0.72133,0.71737,-0.02989,0.024379,-0.16199,-0.54947,-0.65826,-0.29356,-0.41622,-0.06327,0.23179,-0.11791,0.36083,-0.25232,0.032518,-1.7137,0.20215,0.13791,0.6926,-0.26601,0.03428,0.3335,1.2757,0.034999,-0.10914,-0.076124,0.515,0.018836,0.029689,-0.68113,0.095156,0.18662,-0.74186,0.042486,0.070348,0.0050173,-0.012701,0.20582,0.020617,-2.4897,-0.067173,-0.087039,2.7631,-0.20965,-0.79275,-0.47966,0.076903,-0.010783,0.083755,0.13749,0.57035,0.011676,0.25956,0.31913,-0.19766,0.11206,-0.024374,0.1002,-0.18331,0.55514,0.6042,-0.056565,-0.17395,-0.010287,-0.52584,-0.026157,-0.081482,0.22146,-0.13706,0.32952,0.022221,0.12555,-0.042564,0.10305,-0.091892,-0.26818,0.0067388,0.071202,0.13294,0.10652,-0.031787,0.089907,0.19805,-0.098921,0.040495,1.2374,0.10801,0.13561,0.29175
TCGA-25-1321-01A-21-1562-20,OV,Primary,35,-0.017076,-0.78536,-0.14269,0.24229,0.69289,-0.49372,-0.84383,-0.52458,-0.2317,-0.473,-0.29624,-0.20178,1.7082,0.2692,1.0448,-0.41078,-0.78168,-0.52648,0.050595,0.10148,0.80285,-0.11359,1.336,0.16677,-0.093525,0.011448,0.82823,-0.18136,0.055673,-0.89844,-0.32155,0.23334,-0.58565,-0.1625,-0.022676,-0.12796,0.046521,0.24045,-0.094687,2.1185,0.35327,-0.70594,-0.018094,1.1877,0.2134,-0.040745,0.61391,-0.54396,0.82119,-0.38576,0.19199,-0.10284,-0.26061,2.0968,-0.14615,-0.20724,-0.62065,-0.29619,1.8997,-0.29365,-0.31097,-0.2066,0.077129,0.021273,0.64586,-0.063003,0.22138,2.8216,-0.19944,-0.18165,0.0090566,-0.35662,0.31524,-0.82217,-0.019244,1.0015,0.14456,-0.017767,-0.36075,0.19253,0.2475,0.11952,0.012868,1.6906,-0.46135,-0.13087,0.06106,0.50109,0.12874,-0.34595,-0.71292,0.94321,-0.3717,0.18866,0.38926,-0.28593,0.0083291,-0.43296,-0.27938,0.25272,0.79073,-0.35684,0.0078534,-0.15658,0.21787,0.06905,0.55876,0.18798,-0.32507,0.67669,0.42601,-0.043654,0.022962,0.048044,0.32512,-0.39717,-0.1708,-0.30047,0.36535,0.77592,0.39669,0.4103,-0.16887,1.1305,0.036138,-0.62679,-0.016937,0.048965,0.70534,-0.012275,-0.00928,-0.19084,0.0054055,-0.034509,0.55592,0.34406,0.29775,0.051593,0.046136,-0.13625,-0.81057,-0.89055,0.18723,-1.1358,-0.15823,0.25863,-0.31511,1.6632,-0.14684,0.03747,-0.052969,0.096724,0.024155,0.60648,0.15659,0.034128,-0.30974,0.95421,-0.24055,-0.33548,-0.26095,-0.27399,-0.013072,0.26062,-0.51136,0.042943,0.43872,0.26784,0.2566,0.16212,-0.12855,-0.17019,-0.12399,-0.75193,-0.64045,0.00013854,0.48557,2.5932,0.19694,0.52575,0.24183,-0.011054,0.09794,0.24814,0.18937,0.41157,-0.27342,0.14302,0.05977,-0.16095,0.052589,-0.026539,-0.050378,-0.084013,0.11903,0.11622,0.16739,-0.11752,-0.061017,-0.1669,-0.14479,0.044759,-0.023385,0.35953,0.37484,0.35161,0.29359,-0.32521,0.062831,-0.19071,-0.34022,-0.011242,0.042733,0.1958,-0.046072,0.21201,-0.22272,0.1419,-0.11079,-0.12335,-0.027764,0.35087,0.12075,0.42525
TCGA-25-1323-01A-21-1562-20,OV,Primary,35,0.0012831,-0.64112,-0.16828,-0.16058,0.29317,-0.6363,-0.99708,-0.2091,-0.069853,-0.15988,-0.58461,-0.16018,0.80929,-0.21039,0.50095,-0.20518,-0.55069,-0.61793,-0.022421,0.28673,0.045037,0.24914,0.80063,0.3663,-0.005917,0.17092,1.3268,-0.14185,0.11748,-0.51402,-0.11735,0.27616,-0.32122,-0.082396,0.089135,0.082322,0.51171,0.44669,0.048194,-0.077703,1.165,-0.84464,0.16862,0.22007,-0.33863,0.094568,-0.7059,-0.88493,0.36231,-0.13686,0.31044,0.15475,-0.19389,1.3956,-0.34098,-0.71364,0.27364,-0.14817,0.096597,-0.46963,-0.29296,-0.46046,0.11686,0.18688,1.4563,0.020263,0.34543,2.596,0.76699,0.1419,0.33084,-0.36273,-0.072087,-0.81951,-0.01679,1.0928,-0.049619,0.11286,-0.11268,0.33713,-0.11987,0.060898,0.23145,0.6973,-0.23619,-0.035559,0.19528,-0.13144,0.22065,-0.21948,-0.18505,0.44239,-0.13541,0.3346,0.18043,0.17283,0.33494,-0.28668,-0.54988,-0.36531,0.1192,-0.026291,0.22243,0.024471,-0.077709,0.11465,0.5963,-0.23541,0.28166,-0.043233,-0.18349,-0.084785,0.3024,0.16016,-0.11248,-0.15193,-0.030922,-0.097352,0.25845,0.54068,0.26455,0.1665,0.037096,-0.52983,0.00047964,-0.39758,0.13449,0.31065,1.1178,0.37988,-0.061249,-0.12555,0.093107,-0.046933,0.29461,-0.57189,0.020506,-0.14646,0.036634,0.0331,-0.58983,-0.42617,0.22003,-1.9339,0.16868,-0.11503,-0.27072,-2.1313,-0.15874,-0.051885,1.5796,-0.013291,-0.10573,0.64158,0.70206,0.082314,-0.40403,0.3522,-0.25924,-0.088301,-0.46183,-0.75357,-0.43039,0.25514,-0.65654,-0.0063292,0.07236,0.16759,0.24736,0.1256,-0.17259,0.25017,-0.076982,-0.63802,-1.0877,0.14133,0.21708,0.86765,0.53024,0.068923,0.065946,0.062663,-0.33643,-0.01543,0.16271,-0.42806,-0.4624,-0.26785,-0.18945,-0.12052,-0.20573,0.30701,0.018689,0.24118,0.089648,0.21693,0.47981,0.21651,0.069443,-0.35925,0.21721,0.22392,-0.012696,-0.34646,0.56336,0.60117,-0.15226,-0.19666,-0.43359,0.062742,-0.08857,-0.13607,-0.21869,0.030729,-0.048003,-0.47026,0.095623,0.2105,-0.010763,-0.436,0.77803,0.39959,-0.16621,-0.96555
TCGA-24-1431-01A-21-1562-20,OV,Primary,35,0.08786,-0.29296,-0.12464,-0.18454,-0.24613,-0.016085,0.020869,0.24886,-0.6732,-0.72871,-0.1906,-0.13441,0.90589,0.12833,1.0111,-0.31154,-0.22499,-0.74876,0.13294,-0.077462,-0.070112,-0.0037232,0.45115,0.015661,-0.39412,-0.0074842,0.96708,0.15744,-0.093295,-0.44787,-0.81378,0.12344,-0.38178,-0.12695,-0.079649,-0.087166,0.59082,0.19713,0.092948,0.81279,0.43001,0.13629,-0.16436,1.2634,-0.10462,0.33105,-0.36689,0.13616,0.76761,-0.36898,0.024361,0.065388,-0.22107,1.5826,-0.44951,-0.54764,0.030356,0.08873,0.51398,-0.18633,-0.28842,-0.86999,1.2106,0.91567,0.085991,-0.18743,-0.59173,0.88207,-0.24322,-0.51999,0.070811,-0.4962,-0.10721,-0.54809,-0.12995,-0.45917,-0.11566,-0.57843,-0.12042,0.17413,0.17925,0.19175,0.073106,0.50042,-0.10718,-0.28152,0.25722,0.39879,0.28435,-0.14063,0.28876,-0.12066,-0.10015,-0.12064,0.17583,-0.57816,0.17647,0.20362,-0.12666,-0.1212,0.4074,-0.94461,-0.25768,0.28074,0.32095,-0.0512,0.24649,0.2054,0.055722,-0.11576,0.52288,0.21181,0.17733,0.11506,0.067697,-0.15881,0.002204,-0.57389,0.027854,-0.98742,0.37627,0.25136,-0.1514,0.71553,-0.072146,-0.68164,0.46623,-0.16429,-0.030493,-0.25793,-0.19109,-0.2864,-0.022048,-0.054801,0.46251,-0.18065,-0.1873,0.39805,-0.092385,-0.084317,0.10403,-0.13951,-0.15743,0.82561,-0.10796,0.52133,-0.031321,0.9086,-0.46318,-0.020687,-0.51194,0.059353,0.00051776,-0.20902,0.23524,0.062582,0.39633,0.65649,0.53752,-0.049577,-0.21123,0.062892,0.56857,-0.13565,1.0528,0.17726,0.13896,0.44529,0.069234,0.11155,0.10543,0.018508,-0.13693,-0.64463,-1.1554,0.75456,0.08795,1.0874,0.037662,-0.33248,-0.37511,0.087749,-0.15551,0.059752,0.064862,-0.058999,-0.67389,0.081971,0.4126,-0.017882,0.11526,-0.087469,0.33672,-0.15291,0.26734,-0.13326,0.26454,-0.084679,-0.0067043,-0.42378,-0.15917,0.12606,0.058679,1.2354,0.61877,0.76809,0.051526,-0.038672,0.13663,0.1455,-0.28117,0.146,0.29737,0.070418,0.39141,-0.25384,-0.034149,0.18202,0.24534,0.035548,1.3589,-0.22376,-0.072702,0.99279
TCGA-24-1471-01A-21-1562-20,OV,Primary,35,0.2236,-0.4218,-0.33012,-0.47168,-0.69692,-0.42399,-0.65327,-0.085727,-0.40228,-0.92825,-0.41476,0.20405,1.0419,-0.18769,0.70362,-0.40773,-0.58863,-0.005061,-0.17707,-0.099371,-0.036102,-0.36906,0.077594,0.12212,-0.28537,-0.05921,0.94121,-0.019425,-0.26,-1.0748,0.33715,0.37327,0.33368,-0.39731,-0.11252,-0.37583,0.22224,0.1158,0.16233,0.82091,0.29135,-0.34624,-0.2821,0.90798,0.11914,-0.0048581,0.45122,-0.57009,0.39783,-0.16863,0.27614,-0.15486,-0.66567,2.2385,-0.39644,-0.33292,-0.16508,-0.29073,1.2226,0.12785,-0.65671,-0.68242,-0.49017,-0.25077,0.15318,-0.023284,-1.0862,0.1816,-0.84551,-0.051072,-0.12118,0.056496,0.16235,-0.33248,-0.18829,-0.68575,-0.66465,-0.61491,-0.23706,0.031925,0.28755,0.38652,-0.073373,-0.16837,-0.40553,-0.10269,0.038789,0.18564,0.13268,-0.43991,-0.37127,0.12878,-0.36248,0.03126,-0.046938,-0.10086,0.02608,-0.50779,-0.55419,-0.23566,0.1909,-1.0206,-0.25013,-0.052815,-0.043664,-0.033833,-0.11408,0.037944,-0.29484,-0.034424,-0.13182,-0.45108,-0.48586,0.10981,0.066395,-0.50808,-0.11107,-1.2559,0.39883,-0.17811,0.010412,0.31702,-0.39595,1.1851,-0.20423,-0.29536,-0.049629,0.18264,0.4939,0.087712,-0.16453,-0.27459,0.042058,0.2501,0.28456,0.013582,0.19295,0.29794,0.29277,0.23337,-0.043689,0.35748,-0.047171,-0.96967,0.15118,0.27505,0.034514,-0.53994,-0.27167,0.59095,-0.33153,0.17231,0.85809,0.58515,-0.51295,-0.0033632,0.51325,0.63651,0.13334,0.42463,-0.11467,-0.37971,0.59835,0.27554,1.364,0.12981,0.25867,0.98537,0.1482,0.32201,0.34151,0.11721,-0.40956,-0.90648,-0.44728,0.39515,0.37283,3.158,-0.064813,1.3548,0.60453,0.44638,-0.0015464,1.0511,0.70299,0.46513,0.38933,0.19047,0.097391,-0.093403,0.9416,-0.24389,0.014686,-0.14881,0.33745,0.21542,0.54477,-0.27728,-0.0041118,0.22372,0.017664,0.38063,0.12847,0.27697,1.0544,0.72921,0.74256,-0.04706,-0.046311,-0.0096083,-0.31793,0.11104,0.49544,0.34937,0.17031,0.87348,0.053709,0.38498,0.15903,0.31989,1.6658,0.42753,0.50236,1.0172
TCGA-13-1488-01A-21-1562-20,OV,Primary,35,0.35892,0.14533,-0.019583,0.033103,-0.45593,0.13507,0.61253,-0.32559,-1.0625,-0.063799,-0.11617,0.76447,-0.020948,0.81943,0.93481,0.20687,0.63098,0.39231,0.33862,-0.42851,-0.34099,0.27205,1.655,-0.10011,0.12864,-0.28116,0.62118,-0.017881,-0.23529,0.072353,0.85047,-0.90829,-0.53534,-0.38581,0.075452,-0.32956,1.0614,-0.25873,-0.36282,-0.80765,1.2227,-0.2861,0.08934,0.93139,0.57688,0.37952,0.0023212,0.24568,0.40365,0.15171,-0.69181,0.098593,-0.064937,1.688,0.085954,-0.34134,0.13621,0.12782,0.91606,-0.13466,-0.42723,-0.47445,-0.21167,-0.12823,0.34682,-0.00026413,1.144,1.3047,-1.4005,0.010437,-0.0038734,-0.066909,0.24874,0.61201,-0.092146,-0.21073,0.049097,-0.16012,0.31658,-0.030165,-0.18754,-0.10242,0.48698,-0.16716,0.89386,0.306,0.37434,0.66185,-0.22717,0.45618,0.35924,-1.6675,0.10263,-0.54922,-0.26291,0.33454,0.72648,0.41634,-0.26327,1.0775,0.70082,-0.30236,0.41683,0.23298,-0.12636,-0.3891,0.66561,0.48027,-0.19898,-0.23845,0.00064718,0.68329,0.75299,0.14388,0.27446,-0.050407,0.25179,-0.06267,-1.129,-0.57233,0.50136,0.66853,-0.057002,0.47684,-0.01163,-0.65205,0.64556,-0.015049,-0.0028761,-0.07624,-0.035295,-0.11983,0.093704,0.42866,0.045933,-0.89004,-0.078612,0.61121,-0.072615,0.11821,0.60113,1.9012,-0.47513,0.096914,0.43498,-0.26114,0.067924,-0.17146,-0.44696,0.15376,0.57998,0.079613,-0.20284,0.58246,0.11235,0.53756,-0.65441,-1.2048,0.19448,0.84293,0.34218,0.074218,0.92813,0.51237,-1.1682,-0.08018,-0.01362,0.27632,-0.5389,-1.1119,0.16848,0.85431,-0.31338,-0.60243,-1.2399,0.063672,-0.23648,2.7612,-0.50204,-0.78574,0.089652,-0.15917,0.3981,-0.12661,0.32035,0.05098,-0.056359,-0.23929,-0.039472,-0.33588,0.18072,0.15274,0.47879,-0.96711,-0.17034,-0.067723,-1.1004,-0.14362,-0.04806,-0.11371,-0.22028,-0.26865,0.17431,1.0501,-0.63601,-0.031614,-0.62978,-0.0019828,-0.24349,0.66175,-0.21325,-1.2342,-0.042239,-0.10369,-0.45892,-1.1243,0.3713,-0.090842,1.1791,-0.29964,1.3792,-0.92516,-0.043154,-0.19715
TCGA-13-1499-01A-21-1562-20,OV,Primary,35,0.098789,-0.11798,-0.33294,-0.55588,-0.3266,-1.2776,-0.9153,-0.67304,-1.4257,-1.309,-0.24806,0.40119,-0.33181,0.33533,0.7683,-0.29055,-0.23311,0.18811,-0.011333,-0.036656,0.11596,-0.012257,1.0468,-0.44645,-0.09527,-0.031987,-0.11442,-0.11174,-0.3642,0.091416,-0.63822,0.21678,-0.2534,-0.35691,0.0066468,-0.19763,0.41763,0.06683,-0.030309,-0.78131,0.46734,0.051124,-0.091679,-0.056418,-0.031545,0.11609,-0.034396,-0.17121,-0.62858,-0.050889,-0.441,-0.16233,-0.2772,-0.4523,-0.48734,-0.21834,0.87852,0.26914,0.32348,-0.39806,-0.096185,-1.7041,-0.28211,-0.23403,-0.13879,-0.1725,0.16154,0.68359,-0.60474,-0.1748,-0.30207,-0.36489,-0.060085,0.80141,-0.10075,-1.8232,-1.5466,-0.96553,-0.0031795,0.193,-0.15237,-0.22299,0.19696,-1.5528,-0.049103,0.1093,0.11617,0.078614,0.082934,0.27163,-0.81322,0.84461,-0.26461,-0.23691,-0.3319,0.47747,0.36992,-0.076496,-0.16271,0.68868,0.22915,-0.33505,0.26794,0.020196,-0.22035,-0.36079,0.10161,0.17293,-0.26411,-1.284,0.22749,-0.071575,0.090065,0.08526,-0.26748,-0.13241,-0.16889,-0.23471,-0.26186,-1.6388,0.11614,0.19212,0.08985,0.97929,-0.13972,-0.40215,0.13322,0.20452,0.21371,0.094757,-0.38554,-0.0091385,0.001034,-0.0040843,0.25236,-0.55488,-0.0063384,-0.075252,0.063878,-0.0009791,-0.089733,0.18371,-0.016291,-0.58148,-0.11789,0.23673,0.013226,0.050819,-1.0833,0.067005,-0.29233,0.41138,0.053051,-0.092968,0.31242,0.25276,-0.17564,0.3277,0.10483,6.1337e-06,0.32906,-0.31954,0.14562,0.14402,-0.38167,0.034003,0.42177,-0.35651,-0.11687,0.095467,-0.046159,0.42905,0.007257,0.16933,0.29537,0.15989,-0.29646,3.5156,-0.037278,0.68545,-0.45204,0.13183,0.35044,0.10874,0.16463,0.88463,0.64194,0.43454,0.25537,0.1815,0.25795,-0.24936,-0.014612,-0.16773,0.28683,0.31014,-0.065911,-0.24367,0.12038,0.10765,-0.024419,0.67495,0.44312,0.05592,0.69293,0.29405,-0.20516,-0.072171,-0.39234,0.11793,-0.21963,0.076533,0.17662,0.036258,0.084632,-0.03356,0.037362,0.1723,0.080856,0.16017,1.0117,-0.25766,0.24036,-0.47934
TCGA-13-1511-01A-21-1562-20,OV,Primary,35,0.03774,-0.3883,-0.087345,-0.59272,-0.11208,1.301,0.94835,0.22344,-0.88493,-1.0467,0.28196,0.56297,0.57307,0.36567,-0.39488,-0.27796,-0.63842,-0.78954,-0.068153,0.041028,-0.29254,0.12998,-0.54904,0.033048,-0.45688,0.012447,0.7086,-0.14379,-0.11934,-0.34104,-1.3859,0.16998,-0.40796,-0.0098203,-0.13435,0.024289,0.8438,0.45538,0.2772,1.7069,0.053186,0.5874,-0.17844,1.205,0.44949,0.10452,0.23692,-0.34121,0.92937,-0.35956,-0.19167,-0.0084832,-0.21815,0.94258,-0.40452,-0.10668,0.50853,-8.887e-05,0.32369,-0.25371,-0.3882,-0.96351,0.32523,0.13944,0.15625,-0.10495,-0.29698,1.056,-0.65429,-0.18077,0.14667,0.036241,-0.36222,-0.38581,-0.24302,0.19832,0.31165,-0.26705,-0.017515,0.26046,-0.23548,-0.031186,0.04615,-0.16975,2.3272,-0.28274,0.32427,0.5288,0.27497,-0.076695,0.18305,0.84024,-0.50492,0.04369,0.19592,0.012403,0.4279,-0.19837,-0.32929,0.068176,0.53362,-0.16796,0.54332,0.099498,-0.2395,-0.11151,0.76607,-0.39929,-0.19666,-0.41048,0.020871,-0.35142,-0.16682,-0.29193,0.076885,-0.26919,-0.14986,-1.1055,0.15789,-0.67366,0.44195,-0.2526,0.048619,0.7606,-0.037646,-0.19949,-0.15411,0.03642,0.46459,-0.1255,-0.11909,-0.26512,0.1429,0.035923,0.41939,-0.59089,-0.0088386,0.14636,-0.059132,-0.091217,0.087217,-0.13742,-0.23767,-0.37301,0.033162,0.85843,0.3299,2.8447,-0.1665,-0.069296,-1.2947,0.32381,0.065023,0.69154,0.14379,-0.026761,0.1927,0.37532,0.1576,-0.01984,-0.024674,0.042578,0.2088,0.016722,1.8679,-0.0074565,0.19415,0.16189,0.36938,0.086795,0.041494,0.1412,0.066804,-0.67691,-2.4169,0.53963,-0.16995,3.9048,0.013818,1.6008,0.42682,-0.091641,0.097309,0.076574,0.057675,-0.15324,-0.29888,-0.57604,-0.19929,-0.13927,-0.040526,-0.072677,0.041882,-0.064144,-0.29961,-0.37239,-0.21759,-0.16482,-0.043913,-0.41795,-0.050042,-0.23807,0.31324,-0.47157,0.56016,-0.18499,-0.18491,0.111,-0.026401,0.0011147,-0.35994,-0.053758,0.048644,0.016797,-0.012449,-0.37739,0.1483,0.08977,0.11889,-0.10597,1.4559,-0.26355,-0.058457,-0.45206
TCGA-24-1428-01A-21-1562-20,OV,Primary,35,0.22145,0.24172,-0.045038,0.53473,-0.59525,-0.63498,-1.0562,0.051489,-0.86471,-1.1525,-0.4987,0.18711,-0.32068,0.8723,0.85799,-0.35852,-0.71531,-0.4396,-0.11188,0.047435,-0.56742,-0.1735,0.80923,0.31953,-0.3412,0.031632,1.2545,0.1904,-0.097741,-0.50554,-0.93909,0.21008,-0.58594,-0.0062156,0.031653,-0.026804,0.2103,0.23673,0.17161,1.8557,0.16691,0.88863,-0.24358,0.35144,0.27241,0.41797,-0.5648,-0.76164,0.66617,-0.40661,0.37744,-0.10526,-0.21136,2.0458,-0.58332,-0.69123,-0.15248,-0.4203,2.1516,-0.75822,-0.22623,-0.3127,-0.045921,-0.090965,0.10228,-0.1077,-0.16001,0.48441,-0.39169,-0.24869,-0.053728,-0.11207,-0.40468,-0.23529,-0.15501,0.47151,0.17362,0.52645,0.05807,0.18013,0.3546,0.22061,-0.16115,1.2361,-0.010938,-0.38184,-0.019448,-0.051388,0.1882,-0.48327,-0.55869,0.82026,-0.4357,-0.044137,0.12401,-0.26164,0.019811,0.052809,-0.94433,-0.40185,0.39975,-0.41024,0.08249,-0.091264,-0.13992,0.054856,0.59116,0.40569,-0.0084863,-0.51275,0.24277,-0.0051479,-0.17918,0.16101,0.32003,-0.45965,-0.27511,-1.0442,0.43123,0.22017,0.18545,0.25228,-0.062144,2.1216,-0.37461,-0.63106,0.060759,0.29785,1.089,0.075163,-0.032643,0.083067,-0.018257,-0.049462,0.39477,0.10285,0.2079,0.64665,-0.024097,-0.11176,-0.1639,-0.61653,0.39851,-0.80359,4.5486e-06,1.1705,-0.10907,-0.52143,-0.10506,-0.031809,-1.3889,0.26883,-0.10855,0.086664,0.039647,0.11854,-0.066593,0.71119,-0.15042,-0.1988,-0.2189,0.18252,-0.093009,-0.17737,-0.97971,0.42894,0.2509,-0.30817,0.090351,0.10024,-0.2063,0.0059128,-0.059078,-0.81155,-1.675,0.26114,-0.34301,2.959,-0.085655,-0.70318,0.40152,-0.14246,-0.0021199,-0.0027264,0.12418,0.080997,-0.21515,0.19849,0.1373,-0.0092747,0.036011,-0.071013,-0.16679,-0.015444,0.73491,1.251,0.18433,-0.36795,-0.042714,-0.33376,-0.050303,-0.15945,0.30994,0.97692,0.32443,0.97635,0.13441,-0.1238,0.05684,-0.22576,-0.36693,-0.0065013,0.10991,0.12636,-0.11657,-0.19587,-0.069197,0.10481,0.65146,-0.11295,1.277,0.19714,0.087416,0.61587
TCGA-24-1104-01A-21-1562-20,OV,Primary,35,0.1838,-0.56806,-0.23949,0.16896,0.22757,-0.57849,-1.0782,-0.31487,-0.42872,-0.39364,-0.51223,-0.82956,0.7633,0.26348,-0.29461,0.041328,-0.5584,-0.49672,-0.043331,0.24051,-0.50261,0.49484,0.55047,0.22774,0.14493,0.23762,1.062,-0.16435,0.34523,-0.48407,-0.90433,0.35404,-0.014728,-0.12865,0.17304,0.32641,-0.89868,0.39283,0.0074497,0.57682,0.4463,-1.5787,0.33088,1.1485,-0.12853,-0.031736,0.066937,-1.6097,0.53315,-0.18406,0.18714,0.4498,-0.36197,1.2816,-0.29088,-0.7085,-0.31213,-0.13066,0.98846,-0.014221,-0.74801,-0.62749,-0.2517,0.25218,0.67039,0.090282,1.4069,1.5442,-0.1599,0.13375,0.086134,0.15153,-0.92085,0.028385,-0.10295,0.5345,0.57309,-0.12777,0.41244,0.5093,-0.30071,0.1823,0.40537,0.00064425,-0.23024,0.15878,-0.17952,0.48191,0.29836,-0.52451,-0.33195,0.39431,-0.32042,0.50687,0.25988,0.78797,0.030892,-0.16205,-0.40589,0.1114,0.12667,-0.44032,0.18008,0.06822,-0.1767,0.15401,-0.058078,-0.078219,0.54588,-0.93602,-0.8363,0.26114,0.23731,0.48732,0.3185,-0.32741,-0.023561,-0.56546,0.26593,-0.30231,0.53924,-0.40857,0.38885,0.18343,-0.21092,-0.52756,-0.14987,0.11349,0.1727,-0.10886,-0.1577,-0.075223,-0.017577,-0.026003,0.54458,-0.18865,0.0080449,-0.44557,-0.13381,0.031914,-0.39111,0.36103,-0.40209,-1.6108,-0.141,-0.38966,-0.13318,-0.66667,-0.48182,0.26036,-0.97132,-0.45998,0.19544,0.66635,0.55296,0.10508,0.10182,-0.018196,-0.091591,0.17322,-0.59097,-0.28162,0.082638,0.69163,0.61649,-0.22572,-0.73496,-0.24769,0.33135,-0.03564,0.12707,0.25931,-0.11141,-1.1286,-2.3426,-0.21718,0.049287,1.6698,0.26734,-1.3044,-0.32644,0.22455,-0.2089,0.12434,0.29342,0.081369,-0.20211,-1.0422,-0.87838,-0.4743,0.07179,0.86373,0.87504,0.42238,-0.068641,-0.28148,3.5922,0.56992,0.57887,0.49154,2.2579,-0.29687,-0.44379,-0.44079,0.5144,-0.36925,-0.4427,-0.434,0.081511,0.31993,-0.13797,-0.17851,-0.14386,-0.0097283,-0.15128,-0.63688,-0.077708,0.2156,0.48276,-0.50139,0.42815,-0.015176,-0.053301,-1.1323
TCGA-13-0799-01A-03-1562-20,OV,Primary,35,-0.054795,0.44637,0.38866,0.38489,0.38887,-0.20543,-0.13568,-0.50831,-1.0823,-0.62197,-0.069555,0.28406,1.7283,-0.15148,0.58874,0.27694,-0.053033,0.29836,0.23868,-1.3435,1.1869,0.061697,1.4362,0.51324,-0.26516,-0.027988,1.3336,0.29208,0.36764,-0.12404,-1.633,-1.4007,-0.34549,0.49008,0.4835,0.32108,0.087321,0.1946,-0.024841,1.5949,-0.023806,1.165,-0.10118,0.99199,0.42271,-0.21294,0.94564,-1.4758,0.43117,-0.66762,0.20821,0.16089,0.17899,1.3567,-0.20146,0.46237,-1.0595,0.19127,0.52349,-0.2485,0.26891,-0.16437,-0.74071,-0.34665,-0.56318,-0.12791,1.3424,-0.72322,-2.6941,-0.34186,-0.28976,0.15199,-1.4074,-0.098227,-0.35002,1.6075,1.4249,0.87102,0.053908,0.34273,0.10591,-0.92672,0.55324,-0.40503,-0.30151,-0.21726,0.5216,0.95616,0.11227,0.55902,0.28395,0.25598,0.755,0.87388,0.089871,-1.1097,-0.58199,0.58968,-0.71042,0.23344,0.16224,-0.65059,-0.0040524,-0.42794,0.052395,-0.059604,1.3514,-0.1369,-0.019125,-0.096239,-0.56985,-0.33203,-0.51452,0.2775,0.73145,0.52781,-0.18531,-0.20187,0.42178,0.82585,0.19714,-0.42128,0.2972,2.5341,-0.76411,0.098797,-0.87838,0.70163,1.3,-0.43175,0.2931,0.78904,0.04446,-0.077854,0.47309,-0.14745,0.41067,0.74565,-0.60661,-0.22835,0.27373,-1.9184,0.40275,-1.0825,0.20592,1.2475,-0.34827,0.17387,-0.07675,-0.16111,-2.5173,-0.90846,-0.32251,0.22194,-0.28764,-0.023406,-0.94325,-1.731,-0.328,0.47488,-0.46987,0.70801,0.31537,-0.23257,0.11279,0.042384,1.3142,-0.88309,0.11343,-1.3224,0.021642,-0.17577,0.093185,-0.94678,-3.2771,0.28231,-0.31028,0.731,-0.59723,1.4711,-1.086,-0.55019,0.5086,-0.14273,-0.10144,-0.63876,-2.1507,0.44587,0.19688,-0.47247,-0.58055,-0.11533,0.22539,0.027447,0.82981,1.9522,-0.63328,-0.32,-0.23505,0.77397,-0.68747,-1.6216,-1.5609,0.14721,-0.12372,1.1188,0.21275,-0.65881,-0.042464,0.19729,-0.75289,-1.8702,-0.81469,0.14427,-0.65489,-1.8804,-1.8078,-0.28866,0.29954,-0.06266,2.5227,-0.1212,-0.091585,-1.0886
TCGA-25-1326-01A-21-1562-20,OV,Primary,35,0.11198,-0.41274,-0.30969,-0.45687,-0.30418,-0.05559,-0.27501,-0.0094187,-0.52697,-0.72937,0.13796,0.44838,-0.25647,0.098932,0.24863,-0.066444,-0.20252,-0.69194,-0.124,0.099137,-0.92437,0.19065,0.55931,0.077879,-0.18794,0.064899,0.70265,0.13522,0.13376,-0.19094,-0.72977,0.23005,-0.22855,0.0027007,0.16864,0.20854,0.70498,0.43735,0.0058433,0.63954,0.47569,-0.18401,0.028011,-0.032222,-0.39738,0.51089,-0.8709,-0.30658,0.025455,-0.18505,-0.10089,0.0052945,-0.23583,-0.11808,-0.69751,-0.59675,1.0286,-0.2729,0.77832,-0.3626,-0.52227,-0.756,0.1089,0.26278,0.64805,-0.099791,0.19575,1.7862,-0.023213,0.0116,0.25166,-0.36317,-0.4656,-0.23139,0.00086817,0.21841,0.21956,-0.39912,-0.098811,0.38436,-0.30395,0.207,0.23512,0.79966,0.08838,0.21979,0.089504,-0.18199,0.2627,-0.13796,0.13308,0.4437,-0.17523,0.068891,0.23082,0.51068,0.32001,0.049406,-0.040758,-0.053981,0.19987,-0.21804,0.43936,0.16661,-0.17485,0.089366,0.34443,-0.0036329,0.032959,-0.17203,0.13424,0.64816,0.50923,0.131,-0.022368,-0.34671,-0.12911,-0.046952,0.10897,-0.49032,0.26002,-0.10171,0.10991,-0.14576,0.045568,0.022948,-0.027808,-0.12044,-0.4089,-0.25911,0.071562,-0.094906,0.099105,-0.032448,-0.13706,-0.4957,0.083693,-0.10592,0.0017595,-0.047317,-0.46605,-0.20405,-0.15972,-1.0916,0.048517,0.21998,-0.21571,-1.1496,-0.78813,0.07058,-0.84797,0.19959,-0.034258,0.64896,0.36548,-0.0068486,-0.24351,0.16835,0.088398,-0.15713,-0.47889,-0.48992,0.18342,0.18302,-0.81439,-0.33366,-0.53495,0.29678,0.2273,0.18372,0.31096,0.0064555,-0.10466,-0.78268,-1.5294,0.57918,-0.028063,-0.15723,0.11911,-0.1549,0.22487,0.074916,-0.1985,0.021267,0.11901,-0.2388,0.30762,-0.5627,0.079252,-0.16925,-0.083055,0.56228,0.49615,0.13692,0.26511,-0.036558,2.1694,0.20605,0.30234,0.0001108,1.6878,0.21997,0.21136,0.052857,0.36765,-0.65078,-0.11409,-0.0073859,-0.14512,0.11365,-0.18997,-0.072302,-0.075574,0.0482,0.062902,-0.33096,-0.16437,0.13731,0.18775,-0.42084,-0.71268,-0.047577,-0.12165,-0.33235
TCGA-25-1328-01A-21-1562-20,OV,Primary,35,0.031144,-0.20468,-0.34992,-0.30479,0.27389,-0.65665,-0.83286,0.28257,-0.24552,-0.16931,0.12343,-0.017835,0.97502,-0.65017,1.0405,-0.474,-0.15453,-0.43876,-0.15526,0.21775,0.50868,-0.24124,-0.67167,0.31988,-0.41419,-0.0090854,1.0395,0.12665,-0.11073,-0.3002,0.61133,0.16779,-0.22242,-0.050358,-0.026239,-0.055668,-0.29758,0.12503,0.10582,0.68187,0.69038,-1.9304,-0.12683,-0.62193,0.19809,0.36802,-0.35268,-0.43532,0.60293,-0.14692,0.54341,-0.1247,-0.014872,1.2244,0.29023,-0.23192,0.98258,-0.14067,0.59963,-0.49777,-0.30297,-0.11328,0.52168,0.065767,0.80063,-0.14642,-0.73719,0.74465,1.2185,0.15824,0.27325,0.11181,0.24013,-0.38184,0.16336,1.0704,0.29976,0.13245,-0.16895,0.18515,0.14994,0.25185,0.6782,0.3054,-0.3162,-0.38675,-0.015121,0.47428,0.057447,0.023247,0.60771,0.12555,0.05237,0.44459,0.30886,0.10595,0.61465,-0.56043,-0.016932,-0.0062281,0.21416,0.20968,0.69134,0.11772,0.10694,-0.044309,0.77394,0.054465,-0.3939,-0.26418,-0.3962,-0.52391,-0.5039,0.1377,0.2949,-0.182,-0.1493,-0.49607,0.40936,0.50875,0.53216,0.50223,-0.28048,0.47996,0.063767,0.36508,-0.25423,0.33452,0.6873,0.010786,-0.011128,-0.26893,-0.0036742,-0.073131,0.053629,-0.48573,0.38051,0.031818,-0.18623,-0.15861,-0.67924,-0.41628,-0.1415,-1.0776,0.42835,-0.69738,-0.32831,-0.0558,-0.04396,-0.16841,1.4125,0.18641,-0.29977,0.71716,0.49781,-0.018791,0.19234,1.0146,0.0098391,-0.41307,0.030515,0.28174,-0.17117,-0.27606,-0.68111,0.18145,-0.034139,0.52758,0.17711,0.1969,-0.04276,-0.06676,-0.20461,-0.14182,0.23316,0.15438,-0.0034849,0.35033,0.31639,-0.43705,-0.38744,-0.10283,0.006748,0.015251,0.11884,1.1117,-0.27856,-0.025477,-0.033225,-0.40508,-0.034042,0.12971,0.085611,0.039837,-0.068979,-0.036741,-0.26489,-0.11652,-0.055212,-0.51921,-0.014799,0.42794,0.24883,0.15622,0.43677,-0.35713,-0.20709,0.027899,-0.01881,0.27044,-0.13736,-0.24307,0.75119,-0.004463,-0.067196,-0.0056436,0.15162,0.081075,0.17725,-0.51885,0.54466,0.23306,-0.12425,-2.0347
TCGA-24-1435-01A-21-1562-20,OV,Primary,35,0.004486,-0.29852,-0.12944,-0.014221,-0.29602,-0.25306,-0.21762,-0.35316,-0.992,-1.0587,-0.21984,0.15336,-0.74883,0.49085,-0.033873,-0.24992,-0.42341,-0.44918,-0.055274,0.061848,-0.1495,-0.21319,0.45309,0.22244,-0.51568,-0.096546,-0.18429,0.34535,0.034648,-0.32465,-0.9901,0.13024,-0.52222,-0.015752,0.058456,-0.077861,-0.22926,0.10595,0.32612,-0.68343,0.23163,0.26376,-0.15668,0.44589,-0.55135,0.4058,0.013125,-0.50553,0.47724,-0.19436,-0.036302,-0.14984,-0.35899,1.1806,-0.62589,0.075361,0.73562,-0.19645,0.42246,-0.51899,-0.049615,0.02441,-0.4485,-0.23051,-0.048912,-0.17825,-0.53033,0.066937,0.050876,-0.56822,0.00096187,-0.29247,-1.0076,0.13094,0.026209,-0.11899,-0.42666,-0.015004,-0.026218,0.13546,-0.11369,0.22663,0.050161,0.57389,0.52048,-0.22986,0.29924,-0.38378,0.097008,-0.053078,0.39996,0.4103,0.22805,0.1048,-0.09692,0.79353,0.11437,-0.13398,-0.39574,0.33431,0.84932,-0.41226,0.33308,0.10118,-0.26343,-0.10285,0.52132,-0.17267,-0.082477,0.028565,0.62355,1.256,1.0654,0.34428,0.65323,-0.44315,-0.060217,-0.71798,0.39576,-0.2541,0.36676,0.066511,-0.19504,1.3751,-0.095281,0.049936,-0.33923,0.12703,0.64969,-0.22805,0.2935,-0.1685,0.38756,-0.098157,-0.14885,-0.055276,0.57249,0.16134,-0.18787,-0.21742,-0.24554,-0.3626,0.2611,0.52619,0.16573,0.33401,0.15841,-1.3062,0.68875,-0.090407,-0.73338,0.49141,-0.10422,0.13702,0.41554,0.031093,-0.32066,0.57871,-0.042892,-0.047571,0.18074,0.84781,0.33864,-0.14084,-0.81955,0.25531,-0.049948,0.18234,0.046113,0.31645,0.12708,-0.11328,-0.15684,-0.079621,0.49572,0.34114,-0.075053,2.2269,-0.1299,-1.8709,1.8575,-0.090457,0.71634,0.055698,-0.00078306,0.01243,-0.051483,0.26062,-0.017105,0.24425,-0.067506,-0.088627,-0.015017,-0.033046,0.43922,0.27378,-0.31938,-0.23834,-0.0075776,-0.013965,-0.045743,0.18503,0.35505,0.19554,0.41619,0.16229,0.17235,0.23207,0.20581,0.056074,-0.06665,-0.0564,-0.11751,0.11145,-0.23757,-0.20427,0.0088446,0.068317,0.27293,-0.092065,1.3965,0.25149,0.019854,-0.42894
TCGA-24-1474-01A-21-1562-20,OV,Primary,35,0.079023,0.29971,0.54981,0.49104,0.84982,-0.20209,-0.33385,-0.098948,-1.3334,-1.2388,-0.30572,0.40961,-0.36414,0.50325,0.38878,-0.28877,-0.45852,-0.4894,-0.17686,0.026281,0.039981,-0.12706,0.48653,0.7198,-0.13964,-0.018292,1.5898,0.24032,-0.095475,-1.1296,-1.0228,0.16707,-0.38922,0.032289,0.21591,-0.08462,0.22447,0.27559,0.10954,1.669,-0.10121,1.3355,-0.19355,-0.082807,-0.58545,-0.088077,0.30652,-0.82644,-0.23907,0.043208,-0.19933,-0.13054,0.054879,1.1185,-0.1312,-0.86708,-0.83643,0.17386,0.49075,-0.28159,-0.32561,-1.2385,-0.07762,0.0056473,0.16211,-0.20771,0.33187,0.060518,-0.6238,-0.37527,-0.41998,-0.29868,0.089699,-0.16736,-0.069058,-0.75853,0.1307,-0.43191,-0.15319,0.13789,0.078267,0.22539,-0.068038,1.3083,-0.83546,-0.088646,0.21086,1.2415,0.28944,-0.1725,0.26681,-0.065622,0.13438,-0.11114,0.4721,-0.88107,0.39799,0.49446,-0.27357,-0.86595,0.095522,-0.63575,-0.040913,0.38885,-0.2143,-0.090899,0.30633,-0.18674,0.077045,1.0186,-0.15782,0.50101,0.31789,0.079823,0.38439,-0.47733,-0.01764,-0.34484,-0.01162,-0.78923,0.47861,0.67698,0.083499,0.72789,0.099542,0.41211,-0.11039,0.10974,-0.74186,0.0032129,-0.15295,0.017633,-0.14281,-0.046825,0.81553,0.38289,0.068761,0.7497,-0.18484,-0.16284,0.97992,-0.50315,0.2546,-0.98272,-0.12088,0.78799,-0.22161,-1.0664,-0.96946,-0.038538,-1.4195,-0.099386,-0.14272,1.169,0.11164,0.084526,0.26738,1.167,0.024112,0.0027314,-0.25306,0.2558,0.054613,-0.28963,0.35692,-0.12066,0.611,0.50313,-0.15613,0.020555,-0.072444,0.35526,-0.036894,-0.4109,-0.87677,0.57765,-0.34786,1.0863,-0.12799,1.9391,-0.10778,0.010836,-0.17596,0.04426,0.024601,0.13484,0.10418,0.50297,0.57479,0.062852,-0.031251,-0.10598,-0.094197,-0.07231,1.1343,1.7407,0.024587,-0.33656,-0.051149,-0.033201,0.050645,0.40497,-0.1552,0.41607,0.44373,1.4738,-0.017933,-0.32215,0.19873,0.07602,-0.2511,-0.0083056,-0.26034,0.077043,-0.42835,-0.47713,0.66101,0.064589,0.24012,-0.11385,1.4184,-0.39359,-0.21968,0.63649
TCGA-13-1489-01A-21-1562-20,OV,Primary,35,0.17935,0.42422,-0.49161,-0.73844,0.27433,-0.73209,-0.5547,-0.52198,-1.563,-0.91772,-0.19929,0.39742,-0.44815,0.76583,2.217,-0.24317,-0.35758,-0.66808,-0.04403,0.24248,-0.091793,0.063476,0.98752,-0.42044,-0.33233,0.07654,0.099511,-0.093611,-0.10022,-0.71737,-0.78447,0.23541,-0.18536,-0.28657,0.0081738,-0.041439,0.20852,0.24963,0.24784,1.158,0.31383,0.17247,-0.06582,0.10229,0.13485,0.37736,-0.2297,-0.32913,0.032104,-0.25629,-0.47786,-0.0029802,-0.41758,0.66097,-0.3774,-0.34413,0.2239,0.25309,1.8474,-0.3306,-0.40027,-1.9661,-0.28,-0.30669,0.11923,-0.088074,0.13402,2.5224,-0.26637,-0.24056,-0.49929,0.14145,0.82214,-0.0059741,0.071886,-1.3264,-0.73104,-1.2204,-0.028372,0.39702,-0.19345,-0.30724,0.48055,-1.44,-0.39099,-0.14349,0.26613,-0.24024,0.26142,0.083159,-1.5789,0.29987,0.28687,-0.22388,-0.45394,0.20338,0.017024,0.22307,-0.2602,0.44889,0.40146,0.021218,0.56764,0.11511,-0.18702,-0.56464,0.18852,0.77845,0.11144,-1.7561,0.22493,-0.86766,-0.91052,0.22401,0.092911,0.23965,0.035251,-0.045107,-0.11566,-1.769,-0.027915,-0.33807,-0.026827,1.4566,-0.18726,-0.6257,0.2615,0.45965,0.72628,-0.12099,-0.35702,-0.063949,0.12276,-0.079879,0.24366,-0.46543,-0.097085,0.1831,0.088125,-0.10673,-0.13751,-0.48696,-0.15366,-0.54066,0.006071,0.53132,-0.032302,-0.6421,-2.1103,0.14792,1.6181,0.13828,0.07234,-1.0027,0.17481,0.11316,-0.092317,0.10766,-0.14273,0.21607,-0.30671,-0.86123,-0.096055,-0.051212,-0.79728,0.027156,0.22786,0.15367,-0.063572,0.088736,0.021133,0.19703,0.0092657,0.21918,-1.1099,0.64419,-0.40812,2.0446,0.09375,-0.44698,0.90729,0.079477,-0.01914,0.15638,0.16426,1.0832,-0.23813,0.22463,0.38292,0.14147,0.21332,-0.042924,0.29379,-0.0079172,0.36974,0.46319,0.24386,-0.17191,0.1418,-0.14886,0.074396,-0.30146,0.0056034,0.15543,0.25744,0.27266,-0.054586,0.20523,-0.016498,0.1825,-0.24143,0.019856,0.10496,0.064504,-0.1766,-0.23933,0.058897,0.14485,-0.27369,-0.29564,1.7269,-0.42186,-0.1348,0.81437
TCGA-13-1500-01A-21-1562-20,OV,Primary,35,0.043196,-0.54117,-0.31671,0.015133,0.30746,-0.33186,-0.52177,-0.064724,-0.18328,-0.98205,-0.11604,0.4753,1.0639,-0.034597,0.26743,-0.32308,-0.49216,-0.29388,-0.11329,0.11409,0.61987,-0.15221,0.25547,0.13404,-0.11904,0.026851,0.95424,0.059999,-0.12254,-0.67177,-0.031385,0.09938,-0.19145,-0.2345,-0.029955,-0.080587,0.070217,0.14731,0.1861,0.035577,0.33425,0.12292,-0.1941,0.69364,0.083934,0.44478,0.41282,-0.56645,0.14103,-0.35503,-0.17722,-0.15681,-0.18222,2.4711,-0.43987,0.082453,1.1881,-0.011544,0.47972,-0.51445,-0.18445,-0.34191,-0.098529,-0.2075,1.0645,-0.096118,-0.67126,1.6375,0.055746,-0.26191,0.62855,-0.22272,-0.073091,0.0071105,-0.05582,1.0546,0.0062011,0.1048,-0.26181,0.20185,0.31107,0.20358,-0.046472,-0.15168,0.0057193,-0.343,0.16305,0.089742,0.22495,0.097524,0.68405,0.65226,0.035298,-0.06203,0.21287,-0.24779,0.40428,-0.33296,-0.3233,0.42947,0.22555,0.26427,0.64402,0.14239,-0.20949,-0.026237,0.78535,0.14282,-0.088017,-0.41557,0.30223,0.58011,0.69016,0.10403,0.11563,-0.12829,-0.1891,-0.24529,0.0050776,0.15326,-0.0099085,0.50417,-0.091465,0.41217,-0.14389,0.015999,-0.041332,0.39694,1.5208,0.0058716,0.0047697,-0.20782,0.26361,-0.16609,0.26957,-0.44269,0.49846,0.11892,-0.19699,-0.15874,-0.41799,-0.06667,-0.23767,0.24797,0.27956,0.23561,-0.10643,1.0088,-0.42892,-0.065478,-0.48713,0.38566,-0.19506,-0.20583,0.34483,-0.026512,0.1847,0.902,-0.15605,-0.15457,0.31427,0.21954,0.24052,-0.093019,0.38244,0.34949,0.14606,0.044321,-0.02297,0.089896,-0.20672,0.2452,-0.21508,-0.068245,-0.44067,0.7128,-0.32515,1.9526,0.32773,0.085923,1.1854,0.0064302,0.49393,0.0069583,0.13552,0.06494,0.18548,0.29105,-0.10019,-0.075535,0.047437,0.076303,-0.042635,-0.064833,0.027336,0.18366,-0.062945,-0.17958,-0.14753,0.21773,-0.15863,0.22125,0.35865,0.11242,0.42307,0.56764,-0.20468,-0.057893,-0.0051781,-0.086094,-0.24019,-0.12426,0.075992,0.027933,0.12545,-0.43028,0.13603,0.099165,0.055433,-0.12052,1.5679,-0.039978,-0.052115,0.41522
TCGA-25-1312-01A-11-1562-20,OV,Primary,35,-0.082725,-0.31081,-0.06211,0.38109,0.37087,-0.25238,-0.68731,-0.30539,-0.45825,-0.55203,-0.22795,0.3981,-0.023901,1.1714,1.5123,-0.46684,-0.78993,-0.57151,-0.15025,-0.078754,0.6088,-0.23435,0.11475,0.4249,-0.39961,0.033314,0.78293,-0.079448,-0.166,-1.0405,-0.58359,0.11704,-0.61522,-0.12108,-0.069008,-0.03553,0.44222,0.48645,0.046778,1.3919,0.54443,0.56554,-0.15526,1.4306,-0.071654,0.19034,0.62303,-0.37292,1.0633,-0.56362,-0.14974,-0.11951,-0.24074,1.2683,-0.30789,-0.59921,-0.76881,-0.052462,0.60396,-0.4051,0.016554,-0.12802,-0.22837,-0.26055,0.24977,-0.058708,0.22056,1.4583,-0.57345,-0.28995,-0.072714,-0.12193,0.28374,-1.0056,-0.041211,0.098534,0.16797,-0.26662,-0.23432,0.24204,0.025959,0.14335,-0.071115,1.1364,-0.51353,-0.39076,0.21246,0.43102,0.24182,-0.3105,-0.21377,-0.13394,-0.37416,0.18725,0.30807,-0.78425,0.066169,-0.1043,-0.54319,-0.42308,0.21067,-0.7396,-0.2782,0.056253,0.57068,0.020056,0.39381,0.44426,-0.05107,0.68646,0.28824,0.016402,0.17729,-0.27076,-0.32718,-0.48842,-0.17325,-0.77404,0.29345,0.16229,0.25499,0.6273,-0.10784,-0.31849,0.10577,-0.73549,1.1083,0.18476,0.86934,0.041541,-0.0057046,-0.098067,-0.13834,-0.051367,0.95088,0.54179,0.19761,0.59173,0.17941,-0.078139,-0.15191,-0.89389,0.57853,-0.98483,-0.13952,0.83747,-0.20889,0.099571,0.04646,0.020109,-1.4267,0.057739,-0.022938,-0.0066972,-0.14019,0.092695,0.10753,0.64662,-0.11006,-0.060528,-0.099751,0.11465,-0.046166,-0.20868,-0.10063,0.024016,1.0309,0.42836,0.3424,0.056638,-0.020395,-0.01685,-0.0020627,-0.73266,-0.88618,0.16852,0.18275,2.2787,0.095411,1.1855,0.32926,0.037804,-0.38752,0.053052,0.053085,-0.14576,-0.20556,0.34292,0.45809,-0.059904,0.085045,0.050815,-0.067963,0.07787,0.2389,0.68184,0.45565,-0.028578,-0.11264,0.29187,0.24833,-0.16645,-0.20879,1.523,0.41829,1.8243,-0.022201,-0.36555,0.15872,-0.12745,-0.30965,-0.079292,-0.23506,0.076747,0.10752,-0.35255,0.13433,0.1702,-0.19766,-0.27243,1.2589,0.18928,-0.12455,0.62582
TCGA-04-1644-01A-11-1562-20,OV,Primary,35,0.012321,-0.218,0.080579,0.90655,0.67112,-0.55171,-1.0472,-0.22506,-0.42395,-1.0024,-0.27838,-0.41157,-0.15223,0.093616,0.61086,-0.32794,-0.48221,-0.44876,-0.19816,0.099231,0.51952,-0.15384,-0.30155,0.37153,-0.4448,-0.0011947,0.71242,-0.28348,-0.12385,-0.55782,-0.76652,0.13366,-0.098988,-0.010566,0.016636,0.16816,-0.016373,0.32865,0.16662,-0.34375,0.46282,0.52689,-0.14758,0.099167,-0.67609,0.3376,-0.94699,-0.65051,-0.10388,-0.28799,-0.28857,-0.10155,-0.44026,0.12496,-0.45151,-0.22966,0.8234,-0.25275,-0.064425,-0.47377,-0.26724,-0.031055,-0.34949,-0.33108,0.24252,-0.13825,0.0012108,1.1116,-0.24624,-0.14227,0.31744,-0.66591,0.067663,-0.435,-0.034202,0.80009,-0.67324,0.59199,0.03154,0.16283,-0.18872,0.22639,1.1619,0.16412,-0.12768,-0.29105,0.25555,-0.0070911,0.20631,0.020733,0.53518,0.28593,-0.30056,0.3033,0.33222,1.1723,0.53399,-0.035037,-0.62853,0.22078,-0.06462,-0.54549,0.085645,0.092001,0.080204,0.11541,0.54373,-0.11956,-0.045976,-0.49742,-0.041011,0.69842,0.56261,-0.021735,-0.22166,-0.13048,-0.24239,-0.29481,0.046933,0.19873,0.56514,-0.14689,-0.070302,0.60373,0.10597,0.31539,-0.040994,0.14156,0.91817,-0.014698,0.2615,-0.11973,0.049986,-0.020539,-0.18305,-0.56581,0.37119,0.11515,0.008759,-0.090646,-0.39142,-0.67418,-0.18688,-1.4518,0.3409,0.95432,-0.03361,-0.49876,0.50713,0.1235,-0.39484,0.3764,-0.10826,0.12482,0.63862,0.032466,-0.20176,0.75316,-0.014382,0.17845,-0.14797,0.40594,-0.089796,-0.28168,-0.542,-0.025176,0.41962,0.11879,0.24881,-0.036132,0.082835,0.35325,0.011871,-0.20205,-0.81938,0.15704,-0.26096,1.8225,0.02049,0.4689,-0.30303,-0.10375,-0.33823,-0.077032,0.081562,0.14193,-0.078386,0.16726,0.09519,0.001746,-0.15127,0.041447,-0.12114,-0.075376,0.5113,0.53382,-0.068032,-0.15693,0.06066,-0.081297,0.025657,0.16569,0.36941,-0.11974,0.2402,0.57004,-0.2721,-0.35676,-0.15604,-0.13617,-0.25956,-0.17047,-0.22996,0.012513,-0.10032,-0.49159,-0.025516,0.01884,-0.093178,-0.37882,1.5494,-0.24933,-0.13373,0.092263
TCGA-24-1105-01A-21-1562-20,OV,Primary,35,0.012886,0.022797,-0.40557,-1.2776,0.82186,-0.43401,0.32413,-0.37958,-1.2838,-1.0138,-0.21422,0.19742,0.092187,0.47721,1.0324,0.032701,-0.3227,-0.69846,0.08114,0.22383,0.056295,0.11233,1.1251,-0.32842,-0.21009,0.1255,1.3997,-0.03924,-0.041997,0.32455,-0.30746,0.21816,-0.20144,-0.057695,0.073731,-0.0060406,0.29304,0.26908,0.10116,1.368,1.0818,1.1828,0.10704,0.44088,0.11579,-0.23771,-0.0027718,-0.40831,0.66318,-0.23274,0.06586,0.08995,-0.12208,-0.26022,-0.50018,-0.58629,1.0177,-0.1923,1.8914,-0.33571,-0.11057,-1.5524,0.51562,0.26416,1.2357,-0.12097,0.051852,1.6695,0.49433,-0.046345,-0.3454,-0.64321,0.19443,-0.49201,0.0029642,-1.2035,0.022067,-0.60755,0.42269,0.36056,0.034173,-0.21457,1.0549,-0.8813,-0.48819,-0.032971,0.14972,-0.269,0.20965,0.0018533,-1.0887,0.65804,-0.22808,-0.019197,-0.33942,0.63635,0.29928,-0.1907,0.23044,0.062368,0.18705,-0.10956,0.27181,0.049984,-0.0040573,-0.20374,0.46933,0.36705,0.023598,-1.7823,-0.11818,-0.44615,-0.9736,0.11448,-0.12235,-0.40084,-0.14019,-0.11982,-0.033177,-1.0684,0.24735,0.3955,0.090944,-0.37925,0.2707,-0.17455,0.45326,0.28798,-0.59716,0.070714,-0.52553,-0.23717,-0.1402,-0.15506,0.30694,0.22463,-0.29453,0.15715,0.091815,-0.08515,-0.37165,-0.28007,-0.16818,-0.22359,-0.12151,0.1482,-0.075167,-0.87536,-1.4028,0.074339,-1.4073,-0.13076,-0.06935,0.0078716,0.73822,0.15117,-0.26902,-0.091376,0.0026363,-0.16225,-0.42829,-0.29064,0.4322,0.13863,-0.34478,-0.024459,0.19836,0.29676,-0.013284,0.094253,0.0081436,0.072157,-0.14788,0.09374,-0.45559,0.56509,-0.32194,3.3227,0.33022,1.1213,-0.081553,0.11365,0.52448,0.053798,0.14954,0.57117,-0.53436,0.16752,0.27586,-0.097526,-0.12562,0.13582,0.088908,0.24029,0.54604,0.51812,0.33717,0.051011,0.13976,0.093094,-0.0061294,0.29687,-0.068513,0.32699,0.55657,0.5454,-0.35245,-0.15292,-0.38019,-0.32533,-0.36021,-0.07392,-0.16714,-0.030583,-0.10672,-0.29777,-0.2716,0.13238,0.0061204,-0.4661,0.405,-0.31802,-0.0034778,0.81763
TCGA-13-0800-01A-03-1562-20,OV,Primary,35,0.23621,-0.10264,0.22293,0.40383,0.46203,0.45828,-0.092614,-0.34163,-0.0016868,-0.039553,-0.27131,0.40456,0.075266,0.30576,0.11646,-0.025553,-0.19833,-0.39148,0.059544,0.052949,0.11756,0.0071079,0.19918,0.84371,-0.05827,0.18545,0.26755,-0.11587,0.3018,-0.55382,-0.42123,0.12734,-0.33824,0.10152,0.24943,0.49377,0.35262,0.81981,-0.11305,0.53014,0.56564,-0.14082,0.011514,0.46665,-0.32255,0.055655,0.04734,-0.66523,-0.12789,-0.51556,0.21679,0.10617,-0.055932,1.115,-0.18702,-0.67125,-0.3632,0.0076293,0.048986,-0.47866,0.087491,0.79077,0.00092406,0.29743,0.66543,0.12195,-0.14318,2.4411,-0.1695,-0.098583,-0.063484,-0.29883,0.33331,-0.50824,-0.11477,0.00031665,-0.72531,-0.44248,-0.1044,0.26012,0.0046104,0.053599,0.72794,-0.99007,-0.35331,-0.10674,0.47766,0.035317,1.7866,0.46075,0.28942,0.60302,-0.019992,0.70587,0.2397,-0.20391,0.23742,-0.25694,-0.26718,0.063034,-0.13136,-0.70433,0.29907,0.234,0.12963,0.64138,0.19065,-0.20004,-0.04343,0.98692,-1.8265,0.97426,2.0492,0.22524,0.0063963,-0.04571,-0.013285,-0.55836,0.96071,0.38785,0.30711,0.59554,0.028931,1.2026,-0.048627,-0.39525,0.33083,0.15516,0.88781,-0.31365,-0.054509,0.21733,0.016474,-0.30216,0.13253,-0.25389,-0.039067,0.073223,-0.16133,-0.18089,-0.82617,-0.7912,-0.05347,-1.3737,0.065567,-0.096172,0.041995,-1.1763,0.23973,-0.071917,-1.6916,-0.40904,-0.24029,0.01408,0.63026,0.32869,-0.29972,0.3314,-0.13006,0.022711,-0.40768,-0.1481,-0.26915,0.05974,-0.22521,-0.10236,-0.40571,-0.37712,0.024187,0.30103,-0.092156,-0.047894,-0.10172,-0.53311,-1.6523,-0.26094,0.012576,1.1414,0.27017,-0.37688,-0.6881,0.017413,0.10162,-0.068091,0.21163,-0.32266,-0.51859,0.27619,0.11682,0.26074,-0.028262,0.18565,-0.023213,0.52013,0.52883,0.7907,0.35492,0.0374,-0.046148,0.34465,0.0018072,-0.46563,-0.17639,-1.1152,-0.019573,0.58638,-0.091318,-0.55748,-0.16506,0.43293,-0.34624,0.66726,-0.36492,0.06427,-0.22403,-0.54085,-0.2746,0.16648,-0.18626,-0.45967,1.4117,-0.095998,-0.28396,0.64034
TCGA-04-1370-01A-21-1562-20,OV,Primary,35,0.092837,-0.11104,0.10328,-0.014082,0.36265,-0.42958,-0.63156,0.0087566,-0.31702,-0.32795,-0.40236,-0.15075,-0.58711,-0.056471,0.08646,-0.34634,-0.5051,-0.912,0.17373,-0.10863,0.56402,-0.21286,-0.010293,0.36202,-0.43896,0.075807,-0.065306,0.21306,0.1626,0.16503,-1.3631,0.19167,-0.44622,0.060119,0.099746,0.016979,1.0696,0.46066,0.10878,2.3157,-0.16234,0.29292,-0.2199,0.24194,0.62302,0.46634,0.99553,-1.0192,0.60054,-0.42219,0.065261,-0.13007,0.15991,1.4622,-0.30779,0.17329,0.15068,-0.26068,0.84765,-0.50274,-0.047089,0.20677,-0.22175,-0.18619,-0.22121,-0.17494,-0.24084,1.7772,-0.30006,-0.51888,0.17651,0.082805,-0.35899,-0.20196,-0.022203,1.4049,0.46121,0.37026,-0.24812,0.22091,0.24992,0.38211,0.2589,0.4242,1.0645,-0.36025,0.10086,-0.29653,0.069607,-0.11019,0.50984,0.67594,-0.24921,0.21789,0.31735,-0.5129,0.056726,-0.20144,-0.038174,-0.0017507,0.25677,-0.54166,0.17345,-0.010232,-0.22606,0.076879,0.48986,0.33158,-0.10105,0.12137,0.15703,0.76516,0.73856,0.3099,0.73759,-0.31182,-0.18502,-0.27553,0.3197,0.34593,0.42492,-0.32884,-0.27214,1.4078,-0.14386,0.23523,-0.16184,0.35815,1.39,-0.26411,0.1735,-0.02839,-0.0070058,-0.20751,0.19968,0.10704,0.51126,-0.05628,-0.14536,-0.27859,-0.59779,-0.78713,-0.015391,-0.80328,0.26801,0.49881,-0.14867,-0.17635,-0.36474,0.10933,-1.5992,0.46991,-0.21055,0.24678,0.046975,-0.012152,-0.36657,0.88025,-0.097946,-0.37922,-0.59156,-0.17501,-0.017935,-0.013884,-0.23287,0.04152,0.26398,-0.17031,0.012944,0.12229,-0.28672,-0.054356,-0.17847,0.33449,-1.0084,0.0092016,0.0063458,-0.27204,-0.16728,-0.39862,0.53406,-0.00049888,0.25479,-0.051822,0.075922,-0.89981,-0.13381,0.023295,0.081324,0.069191,-0.11074,-0.039984,0.022041,-0.20932,0.2038,0.20616,-0.087185,-0.25218,0.050968,-1.0362,-0.11822,0.039216,0.34858,-0.56764,0.26371,0.40111,0.063391,-0.075562,0.31581,0.069788,-0.3852,-0.089471,-0.18566,0.1114,-0.26213,0.081921,-0.43747,0.16975,0.58328,-0.19779,0.49589,0.1793,0.032158,0.16425
TCGA-25-1329-01A-21-1562-20,OV,Primary,35,-0.0709,-0.32509,-0.17419,-0.23345,-0.091515,-0.68178,-1.06,-0.2312,-0.42979,-0.71702,-0.17857,0.27158,-0.5592,-0.16571,0.17017,-0.39296,0.12091,-0.69018,0.072168,0.03732,-0.2962,-0.26652,0.76675,0.12894,-0.21522,0.0060481,0.45817,0.042506,-0.14839,-1.1251,-0.75268,0.21074,-0.36248,0.033965,0.00076358,-0.034885,0.81469,0.33759,0.16896,0.91077,0.54405,0.73642,-0.18931,1.5426,-0.20192,0.42822,-0.68672,-0.96785,0.75804,-0.5187,-0.19083,-0.14234,-0.16499,0.5277,-0.43318,0.090544,0.17967,-0.20485,0.87697,-0.57965,0.02402,-0.11414,0.32392,0.10042,0.25061,-0.11368,-0.34215,0.23837,0.12158,0.18577,0.14073,0.064874,0.11245,-0.55081,0.02734,0.84243,0.041899,0.3251,-0.16229,0.15342,0.20909,0.28328,0.38158,1.1247,0.57958,-0.095471,-0.15239,0.35722,0.16269,-0.37399,0.014777,0.033332,-0.24164,-0.036892,0.28205,-0.52171,0.34455,-0.17722,-0.34508,0.085264,0.19332,-0.3046,0.2144,0.24492,-0.21245,0.15021,0.3515,-0.20469,-0.11057,0.55455,-0.41153,-0.67076,-0.67561,-0.050705,-0.0017762,-0.19002,-0.10306,-0.28621,0.081453,0.030076,0.35677,0.68877,-0.20644,-0.25985,0.50755,0.21585,0.6867,-0.004175,0.039782,-0.015686,-0.059649,-0.31604,0.11424,-0.28242,0.85144,0.028885,0.24311,0.62389,0.025743,-0.1279,-0.50188,-0.74245,0.16468,-1.0409,0.18792,0.3072,-0.27247,-1.2008,-0.526,-0.2063,0.22769,0.020989,-0.23475,0.14603,0.14436,0.10757,-0.13169,0.28208,-0.19507,-0.31551,-0.16369,0.14312,-0.11296,-0.11791,-0.55664,0.11372,-0.0093367,0.67369,0.28986,0.083946,-0.029851,-0.12539,-0.15976,0.87401,-0.20686,0.10927,0.30819,2.7399,0.047728,1.2744,0.50942,0.048998,0.41242,-0.046468,0.12985,-0.18692,0.62737,0.041732,0.22637,0.081464,-0.0481,0.019364,-0.053039,-0.086797,0.21984,0.24933,0.12899,-0.063773,-0.0096043,-0.31597,-0.10622,0.16064,0.004665,0.98473,1.0396,0.60706,0.14936,0.12673,-0.21482,-0.061548,-0.066463,-0.074487,-0.16336,0.13557,-0.14297,-0.016621,0.1394,0.17132,0.27442,-0.23673,1.5849,0.021329,-0.15946,0.57668
TCGA-24-1463-01A-21-1562-20,OV,Primary,35,-0.047224,-0.084344,-0.025934,0.090229,-0.28461,-0.23352,-0.48998,-0.061157,-0.25203,-0.76583,-0.59178,-0.03248,-0.32416,-0.14805,-0.20763,-0.22078,-0.57711,-0.66441,-0.14515,0.04687,-0.1225,-0.17171,-0.347,0.1849,-0.45909,-0.18897,0.15793,-0.1492,-0.27264,-0.36746,-1.0992,0.03631,-0.22288,-0.30638,-0.051762,-0.31051,0.06751,0.028236,0.19324,0.53424,0.29251,0.13951,-0.18316,-0.6136,-0.84959,0.6164,-0.53112,-0.83463,-0.090277,-0.071177,0.26137,-0.19356,-0.49399,1.4,-0.22381,-0.056597,1.03,-0.24388,1.0309,-0.36728,-0.24267,-0.34069,-0.13549,0.03839,0.059043,-0.23205,0.23289,1.3092,-0.19829,-0.17085,0.23226,0.1678,0.15564,-0.69128,0.0015025,1.319,0.10308,0.85805,-0.047591,0.043029,-0.11389,0.086659,0.044287,-0.055308,0.32618,-0.11576,0.050651,-0.23661,0.075363,-0.0047204,0.58589,0.23372,-0.1078,0.32006,0.62125,0.25245,0.69725,-0.23133,-0.64663,-0.10786,0.13379,0.65149,0.99533,0.15894,-0.25387,-0.058327,0.41589,-0.25568,-0.27083,0.39899,-0.28027,0.81033,0.34898,0.20205,0.39432,-0.16008,-0.22439,-0.30717,0.58422,0.018203,0.21286,0.041867,-0.23034,0.58484,-0.077738,0.31834,-0.19372,0.2812,0.82289,0.22362,0.28184,-0.22909,0.055159,-0.17707,0.13564,-0.12674,0.46646,0.46507,-0.20511,-0.17133,0.076514,-0.41486,0.42794,0.37254,0.072313,0.58464,-0.28524,-1.1812,0.30699,-0.068549,-0.73001,0.57806,-0.062397,-0.038888,0.52402,-0.043796,-0.15611,0.59034,0.12213,0.10778,0.013871,0.76988,0.075388,-0.1018,-0.82344,0.28238,0.38652,0.52818,0.23191,0.13519,-0.12783,0.10716,-0.090053,0.25951,0.22305,0.59172,-0.23796,3.5131,0.0070798,0.62395,0.48422,0.16058,0.51992,0.08759,0.054173,0.45696,0.22216,0.15538,-0.096329,-0.014489,-0.1841,-0.053342,-0.11508,-0.1179,0.22394,0.66504,-0.049402,-0.28398,-0.14279,-0.28391,-0.017184,0.49291,0.49819,0.44197,0.37411,0.38078,-0.10745,0.077772,-0.054307,0.24932,-0.24004,-0.044048,0.014614,0.035106,0.097028,-0.29707,0.10904,0.10852,0.47265,-0.21447,1.3169,0.44751,-0.12473,0.67349
TCGA-13-1477-01A-21-1562-20,OV,Primary,35,0.11342,-0.45581,0.14638,-0.32214,-0.11391,-0.48598,-0.73478,-0.47025,-0.41451,-0.85783,-0.11292,0.031491,-0.26728,-0.60055,0.66167,-0.035438,-0.22741,-0.40637,-0.025752,0.10329,0.12498,0.22077,-0.42472,0.058075,-0.32851,0.067057,1.2628,-0.10463,-0.01805,0.02646,0.0071683,0.019454,0.033962,-0.29944,0.066659,-0.017761,-0.11186,0.24168,0.19128,-1.0004,0.82504,-1.2095,0.1707,0.24608,-0.41977,0.14689,-0.81489,-0.66292,-0.59349,-0.035847,0.074164,0.078296,-0.50308,0.68252,-0.43162,-0.09435,1.5411,0.20845,0.10214,-0.37928,-0.21373,-0.67205,-0.1916,-0.020913,1.336,-0.091573,1.2931,1.7146,0.11648,-0.26833,0.44266,-0.50559,-0.14032,0.077812,-0.038355,1.253,-1.1106,0.62653,0.074763,0.26539,-0.20202,0.12916,0.81659,-1.4345,0.36983,-0.23321,0.06678,0.079694,0.18335,-0.041756,0.6643,0.052534,0.12645,0.094529,-0.13487,0.4586,-0.033529,-0.31536,-0.22562,0.33739,-0.046886,0.45285,0.94076,0.20768,-0.19211,-0.10369,0.38542,-0.094769,0.11992,-0.65213,-0.3049,-0.18847,0.084514,0.34886,0.14322,-0.32395,-0.13892,-0.13189,0.063637,0.18748,0.15626,-0.77938,0.064862,0.65012,-0.32685,-0.14524,-0.016941,0.13497,1.1838,0.1418,0.0926,-0.14104,0.19517,-0.039482,-0.34035,-1.4474,0.47163,-0.32037,-0.042643,-0.024982,-0.19905,-0.02588,-0.70661,-0.74148,0.46553,-0.52469,-0.16664,-0.60623,-0.17779,0.044115,3.3049,0.43547,0.0023204,0.5668,0.65501,0.035796,-0.44887,0.5309,0.19113,0.31445,-0.012458,0.40141,0.12252,0.047556,-0.63803,0.39964,-0.22368,0.56431,0.077547,0.1543,0.30041,0.61986,-0.019136,-0.39762,-1.4104,0.13108,-0.15271,2.7132,0.29647,-0.05703,-0.79453,0.026772,-0.05065,0.081243,0.098652,0.17318,-0.53726,0.27087,-0.51943,-0.40612,-0.0048697,0.17562,0.2363,0.13367,-0.37319,-0.73087,-0.29899,0.078264,0.07248,-0.21275,-0.029946,0.18838,0.08724,-0.49144,0.11177,-0.29892,-0.14232,-0.14918,-0.21392,0.14848,-0.1197,-0.28728,0.021295,0.031295,0.21314,-0.24931,-0.17064,0.12419,-0.1197,-0.43994,0.64752,-0.013163,-0.13906,-0.61569
TCGA-13-1491-01A-21-1562-20,OV,Primary,35,0.15057,0.030972,-0.17159,0.40677,0.23684,-0.24617,-0.64525,-0.70341,-1.0151,-0.783,-0.33706,-0.91531,0.10092,0.59421,0.41038,-0.16201,-0.48947,-0.62051,-0.0026775,0.17551,0.52135,0.10542,0.59663,0.13852,-0.17932,0.14268,0.7682,-0.079399,-0.0085606,-0.8132,-0.31077,0.18692,-0.15754,-0.17342,0.11344,0.15378,0.41185,0.37696,0.19252,0.58116,1.0353,-0.12514,0.066075,1.6354,-0.30834,0.32542,0.78964,-0.85147,0.25167,-0.22144,-0.58741,0.035357,-0.20224,0.62622,-0.0061942,-0.62593,-0.067021,0.049584,0.56,-0.49406,-0.51974,-0.86855,-0.26186,-0.085865,0.57189,-0.035545,0.91254,2.1153,0.22082,-0.23674,0.32853,-1.4175,-0.0077076,-0.31801,-0.18115,0.48451,-0.79801,-0.48002,0.12568,0.34717,-0.33351,0.036657,0.75496,0.38546,-0.5485,-0.15622,0.19115,0.47678,0.28761,-0.11271,-0.28767,0.47833,-0.4663,0.58473,0.1265,-0.29112,-0.013845,-0.15108,-0.55252,0.38339,0.10376,-0.71027,-0.24114,0.28372,-0.17839,-0.12646,-0.19512,-0.27436,0.012889,0.15702,-0.14915,-0.87823,-1.018,0.22063,-0.16103,-0.37462,0.054105,-0.47456,-0.059985,-0.064191,0.26311,-0.16197,0.12273,-0.64112,-0.20159,0.038829,0.017135,0.51679,1.3154,0.18465,-0.30422,-0.011482,0.039834,0.05884,-0.2028,-0.94177,0.21992,0.075434,-0.15815,-0.13707,-0.39901,-0.34174,0.21235,-1.3037,-0.012795,-0.04912,-0.18338,-1.3908,-0.29502,-0.0027231,-0.91104,0.14505,0.053606,0.2076,0.22179,0.1267,-0.20032,0.94693,-0.1494,-0.02424,0.099002,-0.245,-0.23282,0.14107,0.41376,-0.25191,0.27605,-0.25528,0.17871,0.076401,0.093882,0.225,0.055685,-0.69247,-2.2366,0.13391,-0.10326,1.4986,0.25341,1.3579,0.011789,0.093947,-0.088614,0.061257,0.112,-1.0146,-0.70234,0.48937,0.3003,-0.21682,0.078518,0.14204,0.13531,0.0051409,0.13483,0.068243,0.15304,0.011337,0.065186,-0.56471,0.066382,-0.052268,-0.017335,-1.0837,0.66024,1.2002,-0.054689,-0.19096,-0.40428,0.26853,-0.25234,0.018651,-0.1968,0.042887,0.095748,-0.61657,0.33884,0.16086,0.28582,-0.39406,1.8068,-0.079264,-0.1898,0.23403
TCGA-13-1501-01A-21-1562-20,OV,Primary,35,0.12229,-0.40966,0.083734,0.55635,-0.18182,-0.59583,-0.72998,0.21294,0.33074,-0.88029,-0.34394,-0.42168,-0.15923,0.11766,-0.13622,-0.13979,-0.34691,-0.48763,-0.17651,0.12039,-0.20948,-0.0002473,0.0057779,0.085443,-0.27612,0.047973,0.6837,0.028138,-0.096856,-0.73993,0.34833,0.20383,-0.067994,-0.26691,0.051205,-0.078556,-0.3074,0.12653,0.29154,-0.18488,0.52549,0.028047,0.068813,0.020036,-0.21267,0.6639,-1.4995,-0.6771,0.10774,-0.13157,-0.36682,-0.076111,-0.20061,-0.081547,-0.52308,0.029591,1.5851,0.41262,1.0622,-0.30916,-0.26986,-0.50725,-0.25428,-0.11052,0.7265,-0.094106,0.58469,2.3596,0.36753,0.0094456,0.36365,-0.0074555,-0.55313,-0.28856,-0.03167,1.0582,-0.26749,-0.023229,0.14261,0.28793,-0.20252,0.25066,0.18659,-1.2588,-0.16462,-0.0096262,0.016376,0.017191,0.16399,-0.064413,0.50874,0.07769,-0.29639,0.081078,0.043998,0.81389,0.51041,-0.34133,-0.3172,0.65843,0.25385,-0.41458,0.0044832,0.068371,-0.17456,0.0035442,0.25793,0.37957,-0.014303,-0.55022,-0.026358,0.72483,0.78873,-0.076271,0.08124,-0.35945,-0.15321,-0.18609,-0.14039,0.12122,0.22123,-0.51003,0.10792,0.37025,-0.064815,0.24115,-0.0007146,0.44071,1.8065,0.21161,0.063372,-0.10133,0.14931,0.090225,-0.010451,-0.59395,0.35013,-0.19497,-0.25112,-0.082333,-0.31317,-0.091588,-0.046425,-0.91395,0.43395,0.1062,-0.16953,-0.19989,-0.37779,-0.040275,-0.58488,0.7039,-0.079218,0.087442,0.44662,0.12593,-0.42798,0.12909,-0.14183,0.27426,0.057914,-0.12054,0.20188,0.00086203,-0.91243,0.14935,-0.093546,-0.14025,0.046272,-0.049913,-0.21016,0.73982,0.056465,0.11618,-0.5568,0.31254,-0.17541,1.9685,0.28264,-0.4185,-0.1468,0.075715,0.024161,0.06161,0.10925,0.67665,-0.14383,0.062804,-0.5837,-0.42652,0.096242,0.11787,-0.069001,-0.050296,-0.57706,-0.5927,-0.11466,-0.087577,0.020532,-0.79735,0.08807,0.44276,0.63222,0.38277,0.44664,-0.039838,-0.16541,-0.27627,0.17701,0.25333,-0.082841,-0.17825,0.057129,0.01056,0.041541,-0.61238,-0.55335,0.094635,0.15396,-0.3369,0.87638,-0.068281,-0.24219,-0.96554
TCGA-25-1314-01A-21-1562-20,OV,Primary,35,-0.019411,-0.4679,-0.1177,0.0035528,0.28993,-0.11507,-0.51393,-0.022005,-0.55896,-0.82723,-0.053595,0.61389,1.2939,0.5191,0.44045,-0.49881,-0.64575,-0.55913,-0.28641,-0.077956,0.19698,-0.29697,0.52492,0.047803,-0.53015,-0.048601,0.637,0.11272,-0.25103,-1.0958,0.21731,0.14564,-0.36958,-0.21511,-0.064098,-0.16914,0.65945,0.30567,0.092966,0.258,0.30727,-0.21092,0.040313,0.2819,-0.35113,0.38529,-0.36179,-0.50435,0.41321,-0.15159,0.095357,-0.1774,-0.15157,1.4924,-0.33545,-0.45964,-0.03374,-0.42198,1.0272,-0.43941,-0.20854,-0.39988,0.23883,0.11357,-0.22319,-0.0076819,-0.88964,0.61641,-0.22475,-0.49892,-0.016894,0.40535,0.072775,-0.6491,-0.11552,0.23931,0.054879,-0.14832,-0.16575,0.12835,0.25418,0.1505,0.37791,0.47449,-0.037503,-0.45229,0.16058,-0.24742,0.18674,-0.25135,-0.63763,-0.17806,0.25677,-0.086012,0.21383,-0.10661,0.88567,-0.14564,-0.14137,-0.28325,-0.0027332,-0.49502,0.20946,0.010747,0.060622,-0.061638,1.0705,0.32462,-0.2137,-0.021877,0.15842,-0.24174,0.25343,-0.18394,-0.19401,-0.42076,-0.11393,-1.0938,0.36688,0.69048,0.06602,-0.28407,-0.13304,0.77585,0.0011431,-0.19727,-0.020232,0.35556,1.1125,-0.051204,-0.099061,-0.2764,-0.08608,0.022449,0.47803,0.1068,0.18202,0.48471,0.058275,-0.053824,0.046803,-0.86307,0.18115,-0.28602,0.021167,0.31266,-0.003387,0.49057,0.36089,0.053871,0.42111,0.30321,0.040412,2.0637,-0.073475,-0.056387,0.23866,0.3898,0.28671,0.066322,0.19147,0.2238,0.29195,-0.10677,0.885,0.45841,0.9087,0.54194,0.53708,0.13962,0.22996,0.065483,-0.057431,0.16861,-0.57886,0.25709,0.3822,1.2876,-0.1063,-0.077691,-0.39379,-0.01872,0.18807,-0.024987,0.054896,0.69168,-0.32314,-0.01356,0.030379,0.48998,0.13599,-0.039581,-0.043667,-0.2148,-0.17734,-0.19123,0.32718,-0.18428,-0.13745,0.11351,-0.13291,0.083067,0.088593,-0.73657,0.88299,0.70281,-0.13397,-0.16109,0.13863,-0.025795,-0.16305,-0.01322,0.4485,0.045462,0.23381,-0.34403,0.29073,0.29905,0.28307,-0.1995,1.3276,0.50248,-0.11808,1.2156
TCGA-24-1849-01A-21-1562-20,OV,Primary,35,0.14214,0.01768,-0.15086,0.47811,-0.38478,0.013271,-0.15713,-0.083922,0.97773,0.021786,-0.13972,0.23363,-0.51595,-0.72064,0.38617,-0.18911,0.13352,0.14463,-0.052541,-0.74601,-0.50949,-0.31119,0.16452,0.63581,0.12855,-0.61218,-1.1413,0.055627,-0.30881,-0.42299,1.3555,-0.77732,-0.72742,-0.60774,-0.32393,-0.55627,-0.54194,-0.53496,-0.58152,-1.087,0.6435,-0.77337,-0.13043,-0.099471,0.065624,0.36651,-1.0225,-0.54638,0.33718,-0.12305,0.39083,-0.29999,0.085462,0.36855,-0.65223,-0.16743,0.90408,0.098068,0.35775,0.042845,-0.43652,-0.053349,-0.72134,-0.1138,-0.3432,0.20536,0.097601,0.48462,-2.0385,-0.38102,0.52649,0.34235,-0.50633,0.42082,-0.30391,1.2776,0.48521,0.26022,0.25773,-0.44977,-0.3896,0.043404,-0.34445,1.1039,0.11233,0.00053484,0.11539,0.29357,0.50664,0.35463,0.99213,-2.0048,0.047487,0.65781,0.1126,1.2509,0.34746,0.057521,-0.0011324,0.3285,0.20929,-0.54678,0.27936,-0.1588,-0.22199,-0.0084345,0.94662,-0.47272,-0.35101,-0.77536,-0.54626,0.97079,0.8663,-0.28195,-0.15668,-0.1975,0.074356,-0.22948,0.034328,0.88717,0.90725,0.23965,-0.31053,0.29702,0.12618,0.1133,-0.11647,-0.29713,0.37381,-0.52654,0.26023,-0.35986,0.01284,0.26205,0.091744,-0.94891,0.014689,-0.010168,-0.66657,0.010557,0.28865,0.34879,0.013523,-0.18694,0.058083,-0.051553,-0.20131,-0.62571,0.37052,0.18616,2.3577,0.36941,-0.21019,0.67418,0.41168,0.30915,-0.47777,-1.0902,0.23396,0.0091382,0.51535,0.051806,-0.043513,0.48163,-0.20291,-0.43385,-0.10132,0.32921,-0.32424,-1.3632,-0.39639,0.35374,-0.36975,-0.42339,-1.6156,0.17181,0.29932,0.35646,-1.076,-0.28337,0.0025057,-0.22192,-0.30074,0.15852,0.39393,0.65497,0.19779,-0.87877,-0.71832,-1.0278,0.0085063,-0.13717,0.10287,-0.8461,-0.66866,-0.64904,-1.4084,-0.19741,-0.32215,-0.67487,-0.45149,0.44018,0.30279,0.019045,0.45141,0.010282,-0.6061,0.14679,-0.091077,0.18242,0.078586,-0.85099,0.32726,-0.15364,-0.45397,-2.0267,0.38585,0.37149,0.49946,0.14051,0.24796,0.53688,-0.23118,-1.4197
TCGA-23-1109-01A-21-1562-20,OV,Primary,35,-0.057627,-0.095858,-0.18829,0.49953,-0.21884,-0.91686,-1.2891,0.2302,-0.17469,-0.50462,-0.5811,0.15135,0.43219,0.27504,1.1722,-0.36534,-0.6907,-0.46317,0.5316,-0.11882,0.47542,-0.26347,1.7292,0.57407,-0.34812,0.032612,1.21,0.19761,0.14692,-1.0094,-1.1349,0.12392,-0.43171,0.38042,0.094968,0.1488,0.030742,0.50241,0.30344,0.18948,0.078294,1.2751,-0.21967,2.9694,-0.29393,0.30476,0.53871,-0.73298,0.41414,-0.59097,0.095729,-0.17389,-0.11122,2.0685,-0.34507,-0.68423,-0.19764,-0.20699,1.6571,-0.61383,-0.1622,-0.010708,-0.34012,-0.24758,0.057846,-0.11566,-0.39977,0.11825,-0.27742,-0.60546,-0.099808,-1.0214,0.11908,-0.69761,0.14707,0.87857,-0.35313,0.54774,-0.24377,0.18227,0.023738,0.19684,0.16074,0.86067,-0.23438,-0.48494,-0.18885,0.95689,0.25987,-0.16269,0.11509,0.72841,0.033059,0.1592,0.38642,-0.45051,0.18986,-0.023455,-1.0779,-0.27482,0.47927,-0.6934,0.060393,0.090075,-0.24747,0.24587,0.043017,0.38651,0.16147,1.1267,-0.1567,0.095787,0.11828,0.16237,0.29705,0.013478,-0.064339,-0.76068,-0.010867,0.29152,0.48454,-0.037326,-0.0094016,1.5134,0.063851,-0.29789,0.16528,0.20881,0.23912,-0.03922,0.0055866,0.13968,0.068924,-0.26807,0.73858,-0.53931,0.51063,1.5633,0.042335,-0.17977,-0.48479,-0.55657,0.0074262,-0.67127,0.17949,1.3546,-0.33315,-1.2076,-0.038044,-0.027719,-0.083124,0.099747,-0.1562,1.0287,0.26445,0.14648,0.040349,0.78769,0.037933,-0.30403,-0.12888,0.326,-0.20876,-0.11134,-1.1362,0.20331,0.71302,0.090481,0.082131,0.11773,-0.071912,-0.063582,-0.44929,-0.62551,-0.8587,0.25024,-0.0019612,3.1976,-0.084029,0.75148,-0.11591,-0.12751,0.068212,-0.043118,0.14475,0.10588,-0.25166,0.16113,0.62775,-0.1605,-0.0072638,-0.017215,-0.21704,0.036105,0.47073,0.84397,0.0047353,-0.031922,-0.08237,-0.1338,-0.11484,0.26233,0.13853,-0.04385,0.76865,0.70812,0.2594,-0.27752,-0.20557,-0.25453,-0.17356,0.047772,-0.22338,0.17198,-0.28818,-0.17284,0.44371,0.087881,-0.056417,-0.21578,1.8357,0.052921,-0.11041,0.17872
TCGA-13-0802-01A-03-1562-20,OV,Primary,35,0.13139,0.92646,0.10377,0.15576,0.50238,-0.48175,-0.081656,-0.3117,-1.1886,-0.82078,-0.50976,0.44508,0.31837,0.31492,0.75297,0.023826,-0.11867,0.10482,0.13044,-0.036227,0.13324,-0.0006197,1.3889,-0.13043,0.89243,0.16356,0.37187,-0.038966,-0.11033,-0.50401,-0.51175,0.21148,-0.24112,0.082857,0.17651,-0.067522,0.27397,0.27457,0.017306,0.74503,0.16657,0.44676,-0.098112,0.48864,-0.19061,0.018479,-0.32776,-0.31152,-0.88541,-0.31916,-0.086181,-0.042102,0.16724,0.61629,-0.32698,-0.069767,-0.48608,0.045534,0.83713,-0.47942,0.17817,-1.9451,-0.22925,-0.31724,-0.15121,-0.080561,0.5153,2.0872,-0.76391,-0.0358,-0.24838,-0.47141,-0.38854,-0.27797,0.050367,-1.4744,0.14243,-1.0606,-0.23562,0.31204,0.022484,-0.34484,0.72033,-1.151,-0.52924,0.087018,0.29257,-0.14045,0.13146,0.0061277,-1.8124,0.38065,0.040119,-0.014258,-0.36608,-0.38865,-0.3279,-0.12836,-0.41483,0.17383,0.40675,-0.33113,0.24195,-0.025581,-0.1139,-0.37334,0.8683,0.041918,-0.19644,-1.5787,0.4835,-1.4833,-1.2307,-0.01056,-0.027857,-0.13896,-0.092962,0.16296,-0.079693,-0.81566,-0.28149,-0.43221,0.14441,2.291,0.014764,-0.63768,0.13159,0.28147,-0.03587,-0.15889,-0.35714,0.1197,-0.1617,0.060462,0.085973,-0.51088,-0.26887,0.44106,0.2133,-0.063558,-0.45866,-0.75831,0.011101,-0.19828,-0.22502,0.41647,-0.0048308,0.051519,-1.5689,0.25439,-1.4588,-0.24785,0.35327,-0.65993,0.27573,0.12676,-0.21735,-0.38515,0.14916,-0.29262,0.036407,-0.44111,0.24627,0.22423,-0.38974,0.30199,0.43552,-0.25694,-0.04074,0.069,0.15961,-0.20759,0.0512,-0.35265,-1.2052,0.6615,-0.34563,-0.25713,-0.063259,1.4276,-0.44594,0.12102,0.2863,0.50811,0.44166,-0.90677,-0.12781,0.55175,0.49823,0.24809,0.49398,-0.030513,0.061628,0.1503,0.58793,0.73437,0.28931,-0.10864,0.091255,0.30213,0.085836,0.039819,-0.12532,0.34383,0.47063,0.061516,0.22738,-0.19475,-0.12528,0.14539,-0.20348,0.023565,0.080929,0.16566,-0.29314,0.28213,0.11288,0.27049,-0.38955,-0.11828,1.9958,-0.061781,0.21574,0.29645
TCGA-13-1408-01A-21-1562-20,OV,Primary,35,0.042415,-0.35362,0.12185,0.49125,-0.20774,0.034174,0.057192,0.037005,0.43899,-0.70684,-0.096698,0.060017,-0.12009,0.18716,0.29391,-0.16172,-0.27719,-0.6499,-0.20658,0.082388,-0.16269,0.0017026,-0.013025,0.38847,-0.28542,0.10597,0.67585,-0.12521,0.025232,-0.53414,-0.9142,0.20881,-0.23368,-0.13356,0.020056,0.075728,-0.095024,0.3059,0.068988,-1.1198,0.27453,-0.55769,-0.078185,0.038532,-0.1367,0.53693,-1.5424,-0.35143,-0.055164,-0.25452,-0.1426,-0.06741,-0.089421,0.26896,-0.37782,-0.2827,0.80527,0.067603,-0.0091417,-0.29623,-0.16422,-0.25484,-0.30171,-0.045056,0.68855,-0.058207,0.56365,1.8115,0.057536,0.0048322,0.58772,-0.29973,-0.36091,-0.020757,0.054533,1.7519,-0.16637,0.72829,0.013277,0.2376,-0.027108,0.26137,0.33166,-0.61839,-0.09321,-0.14953,0.063039,0.13252,0.1895,0.080227,0.65203,0.12178,-0.07123,0.64031,0.23026,0.8453,0.33338,-0.22374,-0.24372,0.21365,0.086229,-0.27917,0.1745,-0.032156,-0.23385,0.13069,0.57178,-0.18856,-0.2064,0.097317,-0.089132,1.1867,1.0978,0.064314,-0.087402,-0.2869,-0.16233,-0.30225,0.073682,0.40402,0.18505,-0.1806,0.059097,-0.11063,-0.081405,0.28059,-0.32066,0.10232,0.69184,0.11235,0.24319,0.010157,0.23012,-0.13153,-0.032811,-0.64089,0.31634,-0.11293,-0.0025061,-0.12762,-0.65339,-0.20006,-0.00051265,-1.0466,0.36809,-0.25123,-0.29416,-1.5865,-0.29511,-0.12481,-0.12785,0.4928,-0.20514,0.60531,0.67867,0.24864,-0.11529,0.42881,-0.13443,-0.038078,-0.20859,0.17535,-0.21133,-0.054144,-0.49269,0.069386,-0.25348,-0.10818,0.089969,0.065421,-0.1328,0.25747,-0.047982,-0.21356,-0.38212,0.23312,-0.3403,1.5952,0.17009,-0.40196,0.11278,-0.0051876,-0.0044476,-0.069452,0.088944,0.38316,0.10125,-0.33676,-0.19568,-0.090333,-0.20577,0.081358,-0.10571,-0.0087168,-0.18252,-0.27683,-0.14708,-0.065934,0.03307,-0.30471,-0.0079053,0.29714,0.32411,-0.031754,0.41241,-0.12995,-0.14364,0.074096,-0.28186,0.0089265,-0.25992,-0.20719,-0.29618,0.04161,0.31385,-0.28234,-0.057005,0.11683,-0.042117,-0.36819,1.2394,-0.051569,-0.11458,-0.27162
TCGA-13-1404-01A-21-1562-20,OV,Primary,35,-0.016936,0.51827,-0.37962,-0.059144,0.50628,-0.96419,-0.66505,0.46116,-1.0136,-0.98421,0.046407,1.0011,-0.09818,0.18534,1.0951,-0.32567,-0.37473,-0.28913,-0.17432,0.18841,0.4868,-0.20958,0.39592,-0.13096,-0.31671,0.0037618,0.6577,0.19131,-0.24912,-0.87831,-0.32391,0.17049,-0.26168,0.071167,0.25699,-0.28032,-0.39805,0.010205,0.50292,1.229,0.37034,1.0035,-0.23656,0.19983,-0.10206,0.74361,0.14707,-0.4963,0.19334,-0.097659,-0.47491,-0.17895,-0.17362,0.44256,-0.62889,0.032759,1.5253,0.17026,1.8817,-0.42506,0.13882,-1.5144,0.013687,-0.26203,0.72729,-0.21078,0.2186,0.43334,0.10063,0.014871,-0.19154,0.0029721,-0.17252,0.32243,0.30766,-0.80266,0.14805,-0.57494,-0.085841,0.22464,0.145,-0.1712,-0.077276,-0.74907,-0.15076,-0.13999,0.14607,0.55291,0.029996,0.17209,-1.4089,0.53881,0.4421,-0.35245,-0.24903,-0.020928,0.41034,-0.036333,-0.013129,0.30521,0.40461,0.44087,0.79128,0.12781,-0.20494,-0.34008,0.93523,0.283,-0.28692,-1.7534,0.67388,0.79558,0.90838,-0.086402,0.1419,-0.21862,-0.093095,-0.43009,-0.36719,-1.6851,-0.036102,-0.20893,-0.050782,1.9883,0.018186,0.42698,-0.27344,0.91331,0.9258,0.56832,-0.19563,-0.090882,-0.12236,-0.14943,0.63298,0.37794,-0.15586,0.63445,-0.080189,-0.19515,-0.24457,-0.37568,0.44124,-0.33884,0.36132,1.0717,-0.30986,-0.29605,-1.6249,-0.18049,-0.87022,0.37749,-0.32544,-0.56189,0.67928,0.29532,0.026938,0.50861,-0.0055503,-0.26331,0.085038,-0.10819,0.00090152,-0.13465,-0.29736,0.37052,0.59666,0.29203,-0.067787,0.12081,-0.3934,0.069656,0.07184,0.15482,0.75503,0.85428,-0.3784,2.8066,0.20199,-0.059245,0.63755,-0.12644,0.31597,-0.071656,0.0068542,-0.18311,0.17552,0.5158,0.36182,0.19268,-0.2244,-0.044802,0.037227,-0.016684,0.79169,1.3318,0.078186,-0.31396,0.011989,-0.23531,-0.15403,0.3411,0.34408,0.94654,0.77013,0.67232,-0.16403,0.055987,-0.12569,0.050815,-0.24804,-0.15791,-0.31399,0.011275,-0.14156,-0.31647,0.060307,0.0064559,0.21718,-0.37642,1.6795,-0.39278,-0.12897,0.95663
TCGA-24-1464-01A-21-1562-20,OV,Primary,35,-0.014901,0.26304,-0.18049,0.32501,0.15377,-0.68781,-0.70689,-0.38577,-0.95004,-1.1355,-0.55019,-0.048714,1.0594,0.20572,0.36153,-0.22215,-0.37903,-0.40117,-0.021762,0.094578,0.31352,-0.022807,0.59415,0.163,-0.39724,-0.0078298,1.9774,-0.13529,-0.18966,-0.43784,-1.0581,0.17363,-0.53565,-0.27681,0.0093231,-0.052235,0.10253,0.22878,0.050882,0.76074,0.39607,0.23448,0.025523,0.24307,-0.27649,0.033704,0.49237,-0.73297,0.69856,-0.11305,-0.012434,-0.074267,-0.037433,1.7799,-0.098944,-0.68938,-0.017233,0.24806,1.4129,-0.17849,-0.33344,-1.2516,-0.27081,-0.097368,0.37073,-0.13469,0.52475,0.99023,-0.39549,-0.31613,-0.092318,-0.2316,-0.13396,0.32412,0.10775,0.44052,-0.20108,0.066262,-0.25296,0.25974,0.1462,0.13187,0.045911,-1.3992,-1.4728,-0.15642,-0.13558,0.31552,0.25194,-0.12094,0.031372,1.0473,0.17081,-0.048382,0.39434,-0.88097,0.39811,-0.32697,-0.10931,-0.47503,0.36975,-0.21252,0.44728,-0.0095837,-0.17766,-0.057078,0.25726,0.30766,-0.29651,-0.37745,-0.17427,-0.14793,0.16073,0.16727,0.55248,0.046542,-0.10367,-0.065125,-0.11858,-0.26186,0.33662,0.45829,-0.08954,-0.40973,-0.16474,-0.81478,0.10418,0.18649,0.067158,0.021518,-0.12434,-0.022128,0.0093514,-0.073959,0.1402,0.11933,0.25175,0.21954,-0.090945,-0.13552,-0.22852,-0.37158,-0.0534,-0.32759,-0.072269,0.044148,-0.24083,-2.075,-0.92532,0.04611,0.53795,0.13411,0.16052,-0.029316,-0.19827,0.02385,-0.31607,1.0678,0.15309,0.33134,0.14795,-0.34381,0.30936,0.041217,0.22325,0.3843,0.72068,0.31424,-0.0697,0.16446,-0.0042022,0.22709,-0.094997,-0.97677,-1.3012,0.25403,-0.3717,-0.2398,0.099735,0.73323,0.39761,0.19541,0.45804,0.17836,0.14241,-0.10904,0.13361,0.55873,0.48524,0.28475,0.13579,-0.046464,-0.042425,-0.1209,0.10857,0.11862,0.020129,-0.18545,-0.033109,0.27331,0.006594,0.35473,-0.017954,0.90314,0.36447,0.80976,-0.021478,-0.077516,0.1139,0.14273,-0.25823,-0.0045205,-0.053239,0.064401,-0.11817,-0.11771,-0.27353,0.12431,0.72123,-0.1507,0.55888,-0.060566,0.11286,0.70719
TCGA-13-1481-01A-21-1562-20,OV,Primary,35,0.39369,-0.30216,-0.33727,0.08293,-0.97028,0.052245,0.29479,0.038158,-1.0806,-0.0043652,-0.12742,0.077397,-0.38299,0.25397,-0.7189,0.48643,-0.1497,0.18706,0.82061,0.079994,-0.99519,0.15427,0.19155,-0.013331,0.18946,-0.054733,0.65371,-0.48215,-0.21257,0.16701,1.5579,-0.083357,0.13601,0.15645,0.26045,-0.19923,-0.42636,0.013341,0.28337,-1.2158,1.6252,-1.0173,0.13675,-0.021118,0.42917,0.17842,-1.6558,-1.0531,-0.2308,0.47494,-0.20133,0.15183,-0.16472,-0.63196,-0.32029,-0.5693,2.0561,0.5907,0.13167,-0.1615,-0.35365,-1.5474,-0.42301,0.086777,0.99396,0.07223,1.1307,0.43437,-0.076568,0.091047,0.054921,-0.14378,-1.0032,0.85171,-0.11702,-0.56852,-0.2692,-0.91889,0.27347,0.1419,-0.53949,-0.0037775,0.72954,-1.3038,-0.74803,0.31651,0.20455,-0.053036,-0.74196,0.15889,-0.40984,-0.34133,-0.29313,0.094286,-0.49018,0.88908,-0.13829,-0.22744,-0.63036,1.1982,-0.023043,-0.3328,0.10427,-0.30279,-0.23532,-0.43528,0.22863,-0.21629,-0.22621,-1.3473,-0.53578,1.1656,1.318,0.17413,0.055103,0.064106,0.29232,0.037337,-0.64912,-0.86859,-0.21506,-0.69077,0.14296,0.15865,-0.92158,0.14312,-0.13578,0.574,0.09433,0.6196,-0.10265,0.025375,0.17601,0.30891,-0.27827,-0.91556,-0.40296,-0.35492,0.29918,0.24604,0.47409,0.88949,-0.46738,0.26086,0.51965,-0.48798,0.67127,-1.6976,-1.1945,1.4673,4.2895,0.23708,0.73459,-0.15831,0.70727,0.17958,-0.39887,-0.3893,0.22171,1.4007,0.094682,-0.61845,1.1016,0.89147,-0.20261,0.097212,-0.61064,1.5231,0.087702,-0.30589,0.15937,0.91384,0.32148,1.5453,-0.99693,0.2395,-0.22231,-0.52868,0.085136,-2.8456,-0.60157,0.438,0.47278,0.43546,0.48931,0.73205,-0.027933,0.30248,-0.29468,-0.42521,0.29837,0.098573,0.16212,-0.082434,-0.57344,-0.82736,-0.24923,-0.039444,0.26526,-0.56494,0.38164,0.26069,0.18271,-0.55767,0.052361,-0.82297,-0.20935,0.039145,-0.39715,0.81493,-0.20472,-0.51253,0.15872,-0.0061223,-0.57774,0.29781,-0.84227,0.33068,0.057784,-0.38436,0.79623,-0.23516,-0.020832,-1.032
TCGA-13-1492-01A-21-1562-20,OV,Primary,35,0.048287,0.15633,-0.15693,0.21327,0.45343,-0.098149,-0.079012,-0.12334,0.47614,0.54609,0.4345,1.118,-0.68483,-0.42196,0.47684,-0.28724,0.18342,0.64647,-0.19087,-0.10188,0.87749,-0.039828,1.0124,0.058826,-0.47601,0.051856,-0.65198,-0.001839,-0.20921,-0.39363,-1.4548,0.14142,-0.4839,0.35744,0.14831,-0.056883,0.50894,0.18099,0.12424,0.22391,0.25156,1.7368,-0.21178,0.031014,0.013708,0.70639,0.077349,-0.62562,0.62754,-0.47255,-0.26172,-0.10718,-0.20861,-0.28268,-0.27894,-0.41132,-0.58341,0.20279,0.085282,-0.44987,0.11535,-0.44804,-0.042717,-0.13675,-0.034351,-0.14769,-0.46512,1.6124,-1.1099,0.40552,0.11668,-0.60018,0.25928,-0.20355,0.041659,-1.0094,-0.35594,-0.62058,-0.16471,0.093787,0.20988,0.2823,0.58854,-1.2266,-0.38577,0.60786,0.19511,-0.49905,0.20804,0.12791,0.19633,-0.13477,-0.52826,1.2768,-0.034392,-0.09353,-0.017207,0.58014,0.11988,0.1778,0.24883,-0.68269,-0.34749,0.091888,-0.25544,-0.079469,-1.4267,-0.60521,0.34589,-0.76207,0.32578,0.4256,0.36835,0.1633,0.12971,-0.20075,0.044139,-0.04683,0.065106,-0.84261,0.22157,-0.10887,0.064695,1.5234,0.24479,-0.10542,0.75859,-0.24924,-1.2159,-0.3955,-0.1587,-0.16414,-0.2114,-0.19815,0.55087,0.42534,-0.018487,0.66416,-0.0064997,-0.24669,0.29802,-0.49406,0.33396,-0.68724,-0.22081,2.0151,0.43274,-0.15486,-0.79518,-0.051031,-1.4257,0.10819,-0.12929,-0.51763,-0.10534,0.049802,0.012858,0.23491,0.1852,-0.18443,0.06915,-0.14222,0.25252,-0.097161,0.3031,-0.23916,0.57584,0.46521,-0.025628,0.071793,0.18874,-0.039257,-0.042806,-0.23103,0.90393,1.101,-0.13839,0.74033,-0.09348,0.49851,0.35243,0.072239,0.12059,0.039961,-0.0047171,0.10805,0.53649,0.52778,0.42636,0.26267,-0.026934,-0.061348,-0.010214,-0.04115,1.3018,1.6963,-0.024509,-0.30683,0.0025593,0.057294,-0.13155,-0.060004,-0.019265,2.1768,0.29877,0.30515,0.29872,-0.2039,0.3156,0.1857,-0.14228,0.091228,0.092815,0.19012,-0.12258,-0.31947,-0.3082,0.073095,-0.020108,-0.27417,2.356,-0.18629,-0.051036,0.081488
TCGA-13-1504-01A-21-1562-20,OV,Primary,35,0.081033,-0.24259,-0.28605,-0.92631,0.039498,-1.0053,-0.97038,0.16299,-1.4027,-1.5294,-0.05736,0.94824,0.63326,-0.25834,0.82184,-0.18723,-0.12823,-0.15588,-0.056921,0.075669,0.16665,-0.024395,0.53944,-0.40756,-0.22014,0.024854,0.18462,0.00068513,-0.18232,-0.89103,-0.71561,0.11885,-0.35402,-0.17277,-0.05708,-0.13201,0.087812,0.22288,0.21233,1.7621,0.38546,0.40942,-0.16961,0.81359,-0.14016,0.42015,0.33622,-0.0052771,0.15371,-0.2495,-0.46151,-0.083827,-0.36851,2.0115,-0.11636,1.0755,1.3912,-0.25931,-0.055112,-0.27333,0.031147,-2.1117,-0.24928,-0.16588,0.42765,-0.11273,-0.67305,1.9038,-0.29313,-0.43181,-0.52089,-0.31514,0.02183,-0.062001,0.055985,-0.41765,-0.12247,-0.69445,-0.11117,0.21113,0.33846,0.22762,0.40669,-1.4957,0.54261,-0.23717,0.21303,0.50253,0.28779,0.069201,-1.4993,0.68155,0.62557,-0.21472,-0.17419,0.025798,0.19826,0.051109,0.11614,0.53881,0.52794,-0.19864,0.16317,0.0103,-0.26118,-0.49025,0.71947,0.49007,0.052483,-0.83618,0.42958,-0.53835,0.059813,-0.53034,0.61621,-0.14552,-0.1173,-0.24842,-0.18021,-1.1635,0.28698,0.092203,-0.040514,0.96044,0.044601,-0.012526,0.13167,-0.0095904,-0.068884,-0.043145,-0.43133,-0.086119,0.016912,-0.082891,0.097202,-1.1455,-0.28639,0.014337,-0.37395,-0.19442,-0.26849,-0.25209,-0.37473,-1.0894,0.11069,0.73401,-0.16533,1.1949,-1.8887,-0.049415,-0.16133,0.46429,-0.13351,-0.50965,0.52325,-0.05916,-0.066384,-0.094043,0.044777,-0.20358,0.22906,-0.66162,0.21595,-0.1495,-0.90242,0.030943,0.33012,-0.079973,-0.18416,-0.11862,-0.13429,0.17438,0.018596,0.49405,-0.1699,-0.35311,-0.40525,0.38171,0.15129,0.092729,0.43494,-0.0091807,0.30795,0.1031,0.10778,0.077473,0.55445,0.17152,-0.073691,-0.18049,0.067932,0.05255,0.12972,0.03356,-0.17439,-0.096175,0.025472,-0.085155,-0.045044,-0.15219,-0.091607,0.74352,0.3743,0.737,-0.012429,0.33019,-0.33827,0.11051,-0.043558,0.059347,-0.083973,-0.01005,0.074921,-0.038229,0.11755,-0.65712,-0.26062,0.10574,0.088382,0.079712,0.87678,-0.38246,-0.17831,0.30079
TCGA-25-1318-01A-21-1562-20,OV,Primary,35,-0.014927,-0.50337,-0.3589,-0.066894,0.10113,0.030304,-0.13094,-0.28867,-0.95035,-1.1965,-0.28516,0.70177,0.67482,-0.08689,0.2647,-0.38058,-0.83814,-0.62132,0.17543,0.098554,0.4567,-0.22453,1.9357,-0.015104,-0.42464,0.038189,0.77141,0.013684,-0.15455,-1.4136,-0.6779,0.20806,-0.57432,-0.43493,-0.22554,-0.20918,-0.44102,0.10691,0.10244,1.3244,0.29435,-0.96769,-0.040394,1.5604,0.0011605,0.20846,0.054608,-0.42702,0.39294,-0.54123,-0.033383,-0.19718,-0.27235,1.6166,-0.27003,0.10897,0.13455,-0.0026371,1.7652,-0.59582,-0.2291,-0.21691,-0.0012371,-0.15109,0.53373,-0.12239,0.42453,0.89551,0.28032,-0.49322,-0.19199,-0.14309,-0.23943,-0.85373,0.16175,0.49695,0.010158,-0.2163,0.12344,0.16018,0.25431,0.37809,-0.31153,-0.20519,0.07529,-0.36619,-0.0032411,0.39853,0.067376,-0.32465,-0.37723,0.39743,-0.3009,0.21294,0.022762,0.059292,0.27892,-0.41453,-0.13449,0.75737,0.007712,0.084792,0.4385,0.17261,-0.10902,-0.23633,0.64079,-0.2291,-0.26649,-0.36607,-0.14882,0.37736,0.43581,-0.025216,-0.15984,-0.58611,-0.22394,-0.43585,0.16676,0.0077205,0.13011,-0.42648,0.038644,0.49752,0.22514,0.15931,-0.0053702,0.013565,0.30649,-0.049277,-0.19146,-0.32358,0.033771,0.10588,0.49919,0.19237,0.38697,0.27395,0.074867,-0.044895,-0.27807,-0.64503,0.066086,-0.41238,0.042555,0.07953,-0.16574,0.39542,-0.41972,0.068757,0.37528,0.13651,0.18713,2.1697,0.10984,-0.013762,0.17434,0.44332,0.065721,0.18978,-0.15407,0.66397,0.060361,0.017184,1.7205,0.32551,0.42066,0.76136,0.23665,0.12795,0.27127,0.39809,-0.066814,-0.49414,-0.77116,0.48904,-0.034282,1.0868,0.15477,-0.18616,0.27562,0.05929,0.65381,0.27828,0.27487,-0.1546,-0.22304,0.12172,-0.28081,0.15715,0.2361,0.16974,0.088478,0.16205,-0.34982,-0.19944,0.89282,-0.087298,-0.023417,0.36848,0.53285,-0.11774,-0.060722,0.53021,0.44839,0.33359,-0.035046,0.10271,0.32107,-0.15746,-0.24588,-0.063696,-0.0312,0.068078,-0.081412,-0.14394,0.098679,0.10066,-0.074015,-0.30216,1.0859,-0.081801,-0.034716,-0.27687
TCGA-13-2066-01A-03-1562-20,OV,Primary,35,0.12248,-0.098814,0.065057,-0.24057,1.0786,0.22951,0.086953,-0.14581,-1.32,-1.4993,-0.083457,0.86652,-0.14395,1.0021,0.80144,-0.2929,-0.064153,-0.7364,0.030788,-0.052006,0.32117,-0.13758,1.0619,0.042709,-0.46882,0.066419,0.20012,0.077375,-0.16089,-0.99031,-1.8519,0.10275,-0.3878,0.67677,0.18182,-0.019682,1.8242,0.51814,0.41044,0.90564,0.019066,3.023,-0.22176,1.9588,0.05181,0.4647,-0.98607,-0.67624,0.321,-0.43104,-0.23386,-0.039308,-0.13977,0.23988,-0.3598,-0.40235,-0.6956,0.14264,1.0799,-0.42563,0.21572,-1.5289,0.2965,0.043532,-0.037064,-0.058954,-0.12182,0.8299,-0.79643,-0.22845,-0.39207,-0.47003,0.05456,-0.88503,0.13027,-0.30564,-0.94855,-0.33833,-0.10731,0.20707,0.36057,-0.012677,0.91264,-0.59449,1.6536,0.20542,0.10048,0.1211,0.3647,-0.66612,-1.502,1.1201,0.038582,0.03755,-0.034725,-0.93407,-0.016095,0.48634,-0.4913,0.14087,-0.084875,-0.4253,-0.041073,-0.040455,-0.15762,-0.17523,0.51226,0.036932,0.0099386,1.7626,0.62642,-1.0502,-0.76395,0.089092,0.70244,-0.066633,-0.059811,-0.6815,-0.00055428,-0.78109,0.37346,-0.2362,0.49718,3.1559,0.48672,-0.41093,0.4142,-0.03302,-0.74412,0.15499,-0.02737,-0.1196,-0.050718,-0.28251,0.93893,1.0535,-0.024426,1.2186,-0.19001,-0.18743,0.025417,-1.3762,0.39198,-0.55343,-0.22384,2.3167,-0.21435,2.3429,-1.4655,0.013758,-1.1623,-0.087229,-0.035425,-0.5681,0.26139,0.15108,-0.088887,0.30872,0.048083,-0.11906,-0.66572,-0.45342,-0.010916,-0.3662,-0.87477,0.16488,1.3732,0.18044,0.0064365,0.045915,0.20123,-0.0089573,0.1229,-0.30026,0.57837,-0.0047749,-0.31844,1.4612,-0.031478,-0.67263,-0.048884,-0.17875,0.38268,-0.26324,-0.079845,-2.2901,-1.0818,0.59971,0.88069,-0.015205,-0.074939,-0.011192,-0.04968,0.14195,1.1665,1.6674,1.1565,0.048827,0.08659,0.36131,0.14301,-0.88437,-0.28758,1.1105,0.93704,1.1208,-0.038325,-0.21288,0.11845,0.087414,-0.3398,0.14779,-0.54204,0.072103,0.10385,-0.66756,0.29803,0.0022739,0.081234,-0.4841,1.3041,-0.60772,-0.44233,1.5932
TCGA-23-1110-01A-11-1562-20,OV,Primary,35,0.023911,0.22098,-0.024581,0.51628,0.51055,-0.42423,-0.65433,-0.59944,-0.47581,-0.27021,-0.87325,-0.26475,1.1518,0.017867,0.07246,-0.1348,-0.48328,-0.80808,0.19543,0.074951,1.2939,-0.13372,1.1052,0.66248,-0.17858,0.082325,1.025,-0.16738,-0.085482,-1.0222,-0.50378,0.14414,-0.49405,0.20962,0.20875,0.11994,0.049453,0.48057,0.24473,1.1782,0.25134,0.76756,-0.1414,0.82263,-0.4574,0.44624,1.135,-0.86528,0.57261,-0.4595,0.11649,-0.020551,-0.43197,0.4687,-0.41439,-0.37074,-0.32294,0.4938,1.6819,-0.6351,0.29183,-0.017453,0.37683,0.15578,0.21086,-0.1141,0.39434,1.649,-0.47975,-0.09782,0.064325,0.13851,0.16283,-0.75359,-0.085924,1.0325,-0.22426,0.56545,0.009006,0.21394,-0.18081,-0.16336,0.35961,0.71609,-0.31732,-0.22943,0.14718,0.70076,0.25384,-0.15745,-0.58556,0.66425,-0.23691,0.21943,0.32107,-0.26503,0.40241,0.46418,-0.5602,0.32272,0.41175,-0.5658,0.12192,0.089913,-0.2102,0.01181,0.21866,0.051006,0.12075,0.77736,-0.24635,-0.76093,-0.54936,0.2181,0.085643,-0.24637,0.031581,0.25377,-0.030715,0.74864,0.12494,-0.19757,0.25293,1.9755,0.4335,-0.34028,0.30231,0.44117,0.90215,0.20713,-0.065556,-0.27711,0.10135,-0.29559,1.0025,-0.09871,0.1174,0.48688,-0.068955,-0.23173,-0.21791,-0.78537,0.12481,-0.72136,0.064675,0.73219,-0.42273,-0.94173,-0.11723,0.0070293,-0.75552,-0.11358,-0.1164,-0.3331,0.4766,0.16132,-0.37873,0.63922,-0.19883,-0.41816,-0.9963,-0.030668,-0.038657,-0.2071,-1.3107,0.36814,0.98713,-0.32934,0.020491,0.071862,0.048015,-0.15413,-0.34531,-0.43484,-1.0795,0.26978,0.21441,2.2094,-0.040323,1.5543,-0.55796,0.048143,-0.12092,-0.21801,0.030267,-1.1639,0.026167,0.63281,0.45637,-0.25548,-0.16312,0.068259,-0.29527,0.049705,1.2005,1.5019,0.15825,-0.23755,0.042245,-0.24501,-0.082936,0.19697,-0.17782,-0.19513,0.3845,1.0378,0.33053,-0.18409,-0.33726,-0.20963,-0.33232,-0.085863,-0.479,0.19854,-0.50653,-0.45362,-0.10178,-0.00029025,-0.36101,-0.44757,1.9518,-0.043993,-0.29724,0.48999
TCGA-13-0894-01B-03-1562-20,OV,Primary,35,0.23478,-0.33455,0.021607,0.0076736,0.084541,-0.16262,-0.51082,-0.47748,-0.27342,-0.8703,-0.023001,-0.12591,-0.23328,-0.22389,0.33967,0.12675,0.025454,-0.12985,0.064473,-0.094096,0.29393,0.13558,0.23467,0.099206,-0.30938,-0.051486,0.49857,-0.19333,-0.084965,0.091711,0.64271,-0.40355,-0.28653,-0.16001,-0.028322,-0.071536,0.27031,-0.096442,0.071008,-0.9156,0.55822,-0.83851,0.011833,0.64525,0.042463,0.62804,-0.59171,-0.34364,-0.040065,-0.3048,-0.15079,0.019045,-0.51643,-0.6476,-0.45325,0.15404,1.5168,0.26011,0.41256,-0.22653,0.049441,-0.38644,-0.29899,-0.21806,1.1996,-0.0055785,0.3003,0.76793,-0.282,0.065553,0.47706,-0.0037067,-0.28791,-0.06561,-0.14486,1.0147,-1.2324,0.21369,0.1104,0.082539,-0.096993,0.004909,0.34473,-0.91403,0.41063,-0.07751,0.25709,-0.087849,0.10875,0.27347,0.56489,-0.18202,0.096094,0.040739,0.0104,-0.24381,0.38294,-0.077543,-0.034959,0.87594,0.51461,-0.2745,0.15613,0.030219,-0.15731,-0.12052,0.78936,0.069989,0.092489,-0.43008,0.15631,0.5607,0.82155,-0.027731,-0.011158,-0.18767,-0.11802,0.014277,-0.48437,0.026818,0.47368,0.11511,-0.1083,-0.38448,-0.1805,0.51946,0.024299,0.19346,1.3391,0.1123,0.2391,-0.022737,0.13273,0.2409,-0.083295,-0.63574,0.1303,-0.22275,-0.17517,-0.059868,-0.21942,-0.15856,-0.31753,-1.0079,0.35914,-0.10176,-0.083019,-0.022948,-0.50869,0.070363,-0.36072,0.11331,-0.06845,0.12929,0.79331,0.050029,-0.64926,-0.39762,0.059259,0.054693,-0.022116,-0.13772,0.38621,0.37162,-0.41313,0.069545,-0.31912,-0.1307,-0.054075,-0.63454,-0.25527,0.28629,-0.14654,-0.074496,-1.0395,0.086964,-0.27737,3.2821,0.083341,0.42919,-0.38662,0.12407,0.21783,0.041088,0.20809,0.71237,-0.21413,0.43026,-0.2511,-0.48919,-0.014409,0.14434,0.19933,-0.0043109,-0.18337,-0.65659,0.80033,0.060368,0.036856,0.065214,0.55015,0.1816,0.19448,-0.03317,-0.35634,-0.28641,-0.57795,-0.12354,-0.20917,-0.0098011,-0.1497,-0.61984,-0.037641,-0.074721,0.098206,-0.97055,-0.78023,0.013632,-0.13044,-0.70238,0.36804,-0.37202,-0.2081,-0.8513
TCGA-24-1434-01A-21-1562-20,OV,Primary,35,-0.0011433,-0.042648,-0.10137,0.2501,0.28444,-0.317,-0.57122,-0.0434,0.91724,-0.23606,-0.14772,0.56873,-0.00035629,-0.32339,0.66033,-0.36162,-0.33034,-0.84871,0.033871,-0.030082,-0.046668,-0.17207,0.10752,0.68812,-0.42226,0.0069488,0.39644,-0.0075466,-0.1231,-0.79245,-0.1315,0.13415,-0.30114,-0.016633,-0.029684,-0.096903,-0.0997,0.13683,0.14469,0.048881,0.15367,0.29085,-0.16886,0.5536,-0.18028,0.61199,-1.2484,-0.36055,0.3167,-0.12875,0.3806,-0.12939,-0.055577,1.2831,-0.39172,-0.29536,0.77073,-0.08106,0.64239,-0.41056,-0.13983,-0.21812,0.18919,0.26688,-0.074518,-0.064754,-0.29068,0.29499,0.13171,0.031316,0.24905,-0.033957,0.0071007,-0.28492,-0.003459,1.0839,0.23612,0.22929,-0.015397,0.23905,0.091777,0.36654,-0.037726,0.62626,-0.015877,-0.29971,0.084135,0.26174,0.17139,-0.14212,0.27764,0.16555,-0.073982,0.61848,0.2146,1.7564,0.98962,-0.36545,-0.091639,0.13631,0.24843,-0.098414,0.31689,0.0031712,-0.26038,1.0009,0.35956,0.094237,-0.11005,-0.029268,0.13722,1.6412,1.7471,0.18285,0.14463,-0.10546,-0.11262,-0.23989,0.38259,0.23049,0.3311,0.29598,-0.033647,0.33563,0.28495,0.12148,-0.34586,0.26189,0.11247,0.3015,0.25972,-0.15632,-0.027134,-0.29793,0.38479,0.19176,0.22598,0.041519,-0.16013,-0.31947,-0.92881,-0.55963,0.2288,-1.2128,0.16625,0.3148,-0.22393,-0.34104,0.091336,0.18291,-1.5205,0.30904,-0.35109,0.58299,0.71906,0.090673,0.12795,0.57783,-0.090087,-0.34606,-0.031529,-0.096217,-0.082939,-0.13088,-1.0255,-0.048301,-0.10951,0.39153,0.08769,0.065923,-0.35972,0.033401,-0.16863,0.46463,0.1526,0.23955,0.12539,1.9153,-0.11937,-2.218,0.34533,-0.098144,-0.24365,-0.15504,-0.056099,0.84982,0.032377,-0.10808,0.010289,-0.27297,-0.30891,-0.084595,-0.085542,-0.040242,-0.017658,0.039322,-0.27042,-0.14743,-0.034889,-0.048984,0.052014,0.14636,0.27959,0.076889,0.52547,-0.14976,-0.15542,-0.068121,0.003479,-0.03142,-0.20774,-0.26494,-0.24234,0.038115,-0.017004,-0.32767,0.064553,-0.015151,-0.01909,-0.47497,1.123,0.29296,-0.21051,-0.98337
TCGA-24-1423-01A-21-1562-20,OV,Primary,35,0.02059,-0.70474,-0.084707,0.003684,-0.16784,-0.62265,-0.66898,0.24306,-0.034514,-0.84656,-0.29952,0.5957,1.2041,-0.27303,0.85111,-0.32766,-0.70454,0.17101,-0.14305,0.28302,0.70353,-0.18214,0.11131,0.44453,0.74939,0.066761,0.79058,0.054981,0.08959,-0.45647,1.5369,0.11685,-0.36092,-0.29404,0.043508,-0.11898,-0.54205,0.14217,0.073339,0.36165,0.69183,-1.5503,-0.017673,-0.26319,0.1092,0.20731,-0.10588,-0.79433,0.43042,-0.083936,0.073612,-0.083555,-0.15271,1.1816,-0.089857,-0.15094,-0.28745,0.11028,0.802,-0.62019,-0.025557,-0.24218,-0.13265,-0.16804,1.1768,-0.073684,0.53113,0.73071,0.96679,0.19163,0.1969,-0.27174,-0.41949,-0.039664,0.13854,1.5549,0.2403,0.72044,-0.25569,0.16419,0.0075305,0.29417,-0.034618,0.37994,-0.18164,-0.21436,0.097126,0.6572,0.16688,0.17369,0.13385,0.11924,-0.26901,0.42549,0.34897,-0.22292,0.24079,-0.47384,-0.55157,0.029353,0.36564,0.6239,0.83411,0.11105,0.36058,0.10451,0.55851,-0.22376,-0.20985,-0.2085,0.082201,1.6544,1.7044,0.14594,-0.11925,0.055841,-0.16737,0.22488,0.15376,0.57258,0.77225,0.32534,-0.14246,0.2658,-0.090349,0.18135,-0.43544,0.56161,1.478,0.33594,0.13686,-0.15781,0.33665,-0.028522,-0.1252,-0.44566,0.30558,-0.16874,-0.21814,-0.1865,-0.69143,-0.56775,0.011117,-1.433,0.2213,-0.42761,-0.32594,-1.6266,-0.371,-0.049383,2.5707,-0.12801,-0.15196,0.61509,0.13397,0.38298,-0.44805,1.5479,-0.14432,-0.075594,-0.33992,0.167,-0.11993,0.010078,-0.73635,-0.28144,-0.084662,0.3142,0.12415,0.055691,-0.28532,-0.29427,-0.29737,-0.27547,0.42841,0.011372,0.071236,1.6965,0.28116,0.27959,-0.23317,0.079305,-0.095591,0.081909,0.15695,0.47453,-0.68395,0.13796,-0.56183,-0.20792,-0.004433,0.11199,-0.15883,0.099519,0.069493,0.43747,-0.18552,-0.081081,0.047954,-0.3932,0.026787,-0.058553,-0.22319,-0.49217,0.58874,-0.0014391,-0.18168,0.065745,-0.072831,-0.11477,-0.15598,-0.26895,0.036754,0.01948,-0.13592,-0.32621,-0.3468,0.055897,-0.22434,-0.14513,-0.36646,0.11545,-0.10213,-0.45317
TCGA-24-1436-01A-21-1563-20,OV,Primary,35,0.027301,0.11343,-0.20253,0.25791,-0.069507,-0.85485,-0.76093,0.0092139,-1.1089,-1.3583,-0.60513,-0.16614,0.028651,0.47541,-0.3573,-0.39404,-0.1466,-0.5361,0.01834,0.112,-0.27349,-0.21689,0.92932,0.20567,-0.57759,-0.021228,0.22592,-0.17854,-0.25533,0.57695,-1.3156,0.17923,-0.3011,-0.065724,-0.039902,-0.028313,0.24941,0.27174,0.29099,0.85406,0.12444,0.51252,-0.23309,0.88379,-0.21374,0.51738,0.39565,-0.40137,0.45197,-0.048893,0.16686,-0.16351,-0.14237,0.45946,-0.54922,0.044094,0.87874,-0.11825,1.0865,-0.53056,-0.27087,-0.90226,-0.28376,-0.11958,-0.27354,-0.17688,0.15347,1.3634,-0.45894,-0.51038,-0.1928,-0.28838,-0.17558,0.11759,-0.046421,0.099895,0.19268,-0.36817,0.086548,0.16497,0.058584,0.22557,-0.14561,0.11637,-0.26388,-0.21402,0.066507,0.062965,0.099988,-0.061505,-0.82633,-0.14435,-0.40401,-0.18095,0.28799,0.80629,-0.061202,-0.001093,-0.25842,0.42123,0.22231,-0.73601,-0.23564,0.13664,-0.26246,-0.21497,0.053592,-0.3512,-0.080617,-0.12089,0.17424,0.51264,0.59143,0.12934,0.242,-0.49068,-0.2007,-0.31283,0.041658,-0.89693,0.25282,0.48249,0.012862,0.08698,0.2902,-0.09149,-0.20967,0.25345,0.12415,-0.078763,-0.097073,-0.064034,-0.1031,-0.097485,0.20842,0.015101,0.36753,0.39911,-0.14359,-0.13451,-0.16818,-0.57251,0.23123,-0.55248,-0.14674,0.50422,0.044169,-0.88537,-1.1738,0.068768,-1.3364,0.37553,0.073625,0.37974,-0.0040321,-0.039166,0.21939,0.66294,0.14985,0.17147,0.32148,-0.12433,0.29278,-0.15706,-0.67523,0.10055,0.43608,0.084019,0.26027,0.20501,-0.014815,0.39717,0.050802,0.14655,-0.44169,1.0191,-0.28556,2.0511,-0.19583,-0.56107,0.44377,0.042843,0.43477,0.13887,0.10457,-0.010544,-0.18275,0.50685,-0.048162,0.17176,0.083148,-0.11384,-0.098108,-0.20076,-0.22872,-0.36,-0.13694,-0.20785,-0.032903,-0.5419,-0.026266,0.22488,0.21815,0.52741,0.66481,0.11362,0.018001,-0.041636,0.27563,0.085031,-0.13277,0.056553,0.10606,0.075019,0.18994,-0.21434,0.12155,0.1152,0.12063,0.017043,2.4161,-0.094907,0.32698,0.22154
TCGA-24-2024-01A-03-1563-20,OV,Primary,35,0.54578,-0.20975,0.4957,0.46831,0.0066495,-0.73642,-0.62779,-0.018557,0.15634,-0.31785,-0.31913,-0.043515,1.6354,0.34099,0.47507,-0.38255,-0.51414,-0.42235,0.039176,-0.15796,0.5947,-0.087521,-0.15654,1.115,-0.53012,0.21053,0.33725,-0.19092,0.08087,-0.053698,-1.3955,-0.025093,0.06904,0.0050428,-0.0046967,0.78061,0.46515,0.82587,-0.50718,1.63,0.23962,0.043585,0.056052,0.12997,-0.25923,-0.1075,0.29262,-0.11786,0.89763,-0.23731,0.66355,0.28858,0.020063,2.7343,0.44667,0.018712,0.11727,-0.033737,0.41211,-0.30007,-0.3027,-0.14261,-0.30811,0.28395,0.8735,0.25952,-0.22451,0.88279,-1.4883,-0.55204,0.68308,-0.12543,0.098919,-0.098698,-0.17381,2.0044,0.02001,-0.26486,-0.28349,0.14255,-0.36019,0.11464,1.1914,-0.031803,-0.096828,0.16805,0.2121,0.301,0.75468,0.046483,1.0133,0.86509,-0.16736,0.39595,0.66118,-0.47822,0.20203,0.028559,0.11414,0.14265,0.14459,-1.287,1.0427,0.58786,-0.20727,0.54418,0.26491,-0.50747,-0.4717,0.6942,-0.53898,0.86321,0.81677,0.47621,0.78288,-0.3699,-0.079379,-0.076901,0.5719,0.50496,0.46445,-0.98521,-0.11403,-0.020113,-0.49504,-1.0656,0.11546,0.34095,0.4908,-0.58662,0.41071,0.19996,0.45468,0.10473,-0.051343,-0.85588,0.46008,-0.13503,-0.25071,-0.095085,-0.112,-0.79905,-0.40066,-0.81644,-0.21963,0.17063,0.1708,-1.2546,-0.3814,-0.12108,-1.5544,0.072527,-0.30104,-0.011802,0.11633,0.37874,-0.64618,1.3556,0.064747,1.4603,-0.19441,-0.18804,0.055028,-0.20597,0.50224,-0.044287,-1.0158,-0.61967,-0.060289,0.42623,0.1919,0.16681,-0.34331,-0.80474,-1.9357,0.20839,0.18666,-0.54408,-0.21561,-1.463,0.48467,-0.060901,0.1267,-0.016895,-0.212,0.74775,-0.53518,0.12616,-0.059886,-0.066552,-0.12106,-0.051559,0.28598,0.027693,-0.61961,-0.68313,-0.23368,-0.34693,-0.14314,-0.056964,-0.40831,0.017316,0.17852,0.37708,0.23033,0.1499,0.090233,-0.1531,0.048611,0.039471,-0.44189,-0.035871,-0.17728,0.1172,-0.12889,-0.21968,-0.94918,0.0074094,0.007509,-0.49334,0.20416,0.31833,-0.2951,0.56072
TCGA-24-1546-01A-21-1563-20,OV,Primary,35,0.034439,-0.55093,-0.34758,0.039653,0.021543,-0.75645,-0.76636,0.33929,0.61823,-0.52189,-0.42471,-0.57083,0.38392,0.075425,0.037814,-0.21623,-0.30552,-0.48422,-0.31872,0.13364,-0.11439,-0.046866,-0.52286,0.50899,0.18589,0.04824,0.66778,-0.087816,0.069957,-0.94372,-0.602,0.15032,-0.055299,-0.52492,0.023005,-0.17988,-0.40038,0.11532,0.079021,-0.68141,0.58851,-1.8074,-0.11752,0.026874,-0.43996,0.64946,-0.8883,-1.0428,0.02347,-0.36318,0.30998,-0.11289,-0.074235,0.67224,-0.35796,-0.18874,1.5402,-0.15596,0.48905,-0.29835,-0.47518,0.092048,-0.33495,0.075089,0.80121,-0.073252,0.90622,0.2227,0.26947,0.073948,1.1393,-0.12474,-0.69537,-0.32312,0.073126,1.9585,0.1225,0.76204,-0.11444,0.25258,-0.17438,0.35649,0.37875,0.30143,0.10262,-0.16446,-0.041268,0.03197,0.12656,-0.11257,0.63195,0.16658,-0.2718,0.49106,0.42098,0.53303,0.5314,-0.51421,-0.23088,0.24661,0.21407,-0.053101,0.29311,0.014677,-0.2223,0.11735,0.77972,-0.029126,-0.13592,0.070777,-0.1664,1.2977,0.97565,0.32038,-0.026234,-0.26723,-0.11131,-0.30308,0.45503,0.29424,0.16456,-0.068323,-0.040612,0.23497,-0.14105,0.32729,-0.16005,0.17988,0.5168,0.38207,0.30039,-0.2309,0.14899,-0.10337,-0.092081,-0.55995,0.45343,-0.25083,-0.1248,-0.10948,-0.22887,-0.088504,-0.079055,-0.69947,0.29895,-0.49537,-0.046783,-1.6692,0.29036,-0.092121,-0.19646,0.65823,-0.053686,0.54089,0.40337,0.0028206,-0.3455,0.56041,-0.0042675,0.0982,0.37616,0.21446,-0.011893,-0.049972,-0.22704,0.13415,-0.20111,0.22857,0.15398,0.14071,-0.17721,0.30633,-0.12248,-0.15943,-0.19076,-0.37617,0.23372,1.5575,0.27479,-1.5499,-0.27974,0.04912,-0.040036,0.066288,0.047396,0.55818,0.010605,-0.12184,-0.47851,-0.41749,-0.018514,0.071592,0.018715,0.049968,-0.57009,-0.65647,0.056413,-0.12318,0.02527,-0.67829,0.1208,0.47315,0.53924,-0.23185,0.44276,-0.058018,-0.16797,-0.037434,0.056971,0.16185,-0.13674,-0.12904,0.032585,0.020941,0.10871,-0.63114,-0.70005,0.11806,-0.066565,-0.30941,-0.18157,0.50689,-0.17374,-0.83205
TCGA-13-2059-01A-03-1563-20,OV,Primary,35,0.12917,-0.55058,0.022176,0.30328,0.38565,-0.31047,-0.21612,-0.27342,-1.0402,-1.1497,-0.71085,-0.81598,0.66461,1.2899,0.13681,-0.32657,-0.68095,-0.062418,0.025524,-0.023303,0.063483,-0.12992,0.16429,0.092375,0.03778,0.17263,0.017441,0.31552,0.2834,-0.99692,-0.98623,0.08685,-0.16256,-0.25127,-0.084442,0.29532,0.26572,0.45831,0.044358,0.52276,0.057319,-1.1394,0.09574,0.35484,-0.077341,-0.034973,0.51014,-0.33776,1.5371,-0.28867,0.08428,0.069235,-0.16175,0.80074,0.13131,0.50356,-1.3302,-0.051563,0.9215,0.058273,-0.41756,-0.53544,0.092824,0.06185,0.2637,-0.077782,0.92885,-0.78554,-0.61888,-0.32346,0.10624,0.14554,0.16165,0.37327,-0.1838,1.1272,0.65271,-0.35097,-0.25037,0.23731,-0.088789,0.32252,-0.091909,0.19634,-0.32939,0.056178,0.35736,0.26075,0.47191,-0.23418,-0.15998,0.69826,-0.69043,1.0177,0.26522,-0.82155,-0.39352,-0.22443,0.19154,0.20255,0.38277,-0.96088,-0.42037,0.045011,0.29292,0.15625,0.76846,0.49286,-0.10884,-0.23276,-0.26253,1.5426,1.5972,-0.12207,-0.14534,-0.32916,0.010692,0.11058,0.18739,0.81638,0.62246,0.36468,-0.11956,-0.089515,-0.21729,-0.85646,-0.20568,0.032945,0.68249,-0.19791,-0.016303,-0.2623,0.2774,-0.013072,-0.16616,0.8439,0.5728,-0.46494,-0.24695,-0.11547,-0.5621,-0.87803,0.055382,-0.37009,-0.17789,-0.044578,-0.13365,-0.18583,-0.071346,-0.097322,-1.5762,0.27623,0.40427,-0.50187,-0.46129,0.030773,0.063081,0.60881,0.073784,0.34945,-0.10247,-0.90801,0.36917,-0.00023567,0.7402,-0.20459,-0.57327,-0.45716,0.34948,0.21835,0.033791,-0.03172,0.00044041,-0.77706,-1.9429,-0.11666,-0.07602,1.9854,-0.32918,-0.97361,0.045744,0.055319,0.14243,0.1597,0.14519,2.0028,0.35759,-0.13204,-0.34676,-0.19768,0.34718,-0.038036,0.17809,0.026516,-0.051181,-0.070587,-0.00044186,-0.17892,-0.020638,-0.4386,0.086198,-0.25878,0.12841,0.27557,0.24351,0.074415,-0.018667,-0.053586,0.63686,0.035023,-0.34541,-0.080455,0.14865,0.089362,0.41739,0.14512,-0.1483,0.068907,0.12296,-0.040144,0.60594,-0.034207,-0.0085198,-0.12571
TCGA-61-1741-01A-11-1563-20,OV,Primary,35,-0.042909,-0.44626,-0.20267,0.10025,0.19959,-0.41541,-0.55695,-0.51503,0.30022,-0.37622,-0.53477,0.095507,0.77204,0.18331,0.57022,-0.38815,-0.68864,-0.31508,0.13236,0.031002,0.033109,-0.18128,1.1736,0.43355,0.40816,0.036194,0.71827,-0.095329,-0.020249,-0.76968,-0.87465,0.19482,-0.43309,-0.020469,0.14847,0.010169,0.02908,0.27709,-0.010666,0.59282,0.41727,0.48348,-0.12528,0.53104,-0.33863,0.32326,-0.40105,-0.99369,-0.096137,-0.55256,0.51642,-0.11743,-0.44425,1.3124,-0.45559,-0.88029,-0.33511,0.28607,0.79181,-0.55389,-0.076308,0.066968,-0.01661,0.17801,0.28417,-0.13927,-0.24093,1.508,-0.65717,-0.17059,0.18124,-0.47503,-0.35308,-0.12258,-0.28581,1.0833,-0.13939,0.3925,-0.18067,0.26549,-0.090649,0.24062,0.488,0.91311,-1.0692,-0.31239,0.0068526,0.47588,0.13917,-0.033547,0.050326,0.86476,-0.48734,0.70285,0.23618,-0.44934,0.040741,-0.19009,-0.61031,-0.27402,0.28928,-0.60472,-0.054405,0.038229,-0.17076,-0.096603,-0.053935,0.222,-0.22096,-0.3592,-0.12568,0.14629,0.073945,0.18578,0.095699,-0.4559,-0.19969,-0.33778,0.29206,0.18545,0.28937,0.17282,0.1316,0.77249,0.080273,-0.43868,0.71344,0.080277,-0.17102,-0.155,-0.12052,-0.19425,-0.20027,-0.14405,0.84799,-0.27857,0.23839,0.75433,-0.0059999,-0.072393,-0.12217,-0.82607,0.4556,-1.1673,-0.078804,0.70192,-0.1863,-2.1797,0.053627,0.054875,2.3556,0.1717,0.063258,0.36281,-0.051921,0.067582,-0.33762,0.57419,0.12709,-0.035711,-0.2814,-0.0017213,-0.2905,-0.15998,-0.18207,0.00062756,0.97163,0.79254,0.3373,0.19096,0.037118,0.01789,-0.05643,-0.6693,-1.4986,0.087137,0.33795,2.035,0.0252,0.89911,0.013247,0.025062,-0.18831,-0.022557,0.075057,-0.65684,-0.3865,0.36066,0.47825,0.065894,-0.05341,-0.0068644,-0.10262,-0.096995,0.77691,1.0907,0.12483,-0.25439,-0.050944,-0.093873,-0.1517,0.65592,-0.081192,0.32401,0.8151,0.90755,-0.007267,-0.35623,-0.18796,-0.026701,-0.35207,-0.054082,-0.1884,0.090032,0.045826,-0.35801,0.20568,0.10096,0.1517,-0.27775,2.0658,0.32308,0.095403,0.66687
TCGA-13-2061-01A-03-1563-20,OV,Primary,35,0.17534,-0.23373,-0.065848,-1.9222,-0.12456,-0.69099,0.014933,0.4249,-1.2474,-1.3493,-0.099765,0.73622,0.78774,0.44441,0.77557,-0.18454,0.18672,-0.5901,-0.02898,0.50839,-0.52464,-0.0075982,0.51501,-0.44651,-0.24964,0.11326,0.12237,-0.21598,-0.14208,0.078232,-1.7638,0.17467,0.018675,-0.041373,0.086321,0.096383,1.7486,0.79034,0.13399,0.74761,-0.077774,0.12883,-0.11713,1.1248,-0.24069,-0.061262,0.49681,-0.19609,-0.66426,-0.53983,-0.1569,-0.022805,0.034644,1.8091,-0.18419,0.23141,-0.34937,0.74283,-0.26034,-0.19805,0.13657,-2.0959,-0.58029,-0.3032,0.05238,-0.024737,-0.26988,1.7627,-0.04302,-0.3007,-0.30366,-0.42866,0.33604,0.18871,0.04633,-1.2681,-0.036978,-1.046,-0.16108,0.32289,-0.079392,0.027716,0.79473,-1.5757,-0.03784,-0.2555,0.55053,-0.54297,0.26293,0.49008,-1.8778,0.75293,-0.16608,-0.18362,-0.37012,-0.046421,-0.37026,0.46125,-0.37525,0.25679,0.75162,-0.86197,-0.19424,0.11543,-0.2555,-0.55774,-1.1375,0.25375,-0.040138,-1.5048,0.44665,-1.0404,-0.82267,0.24592,0.43624,-0.38246,-0.10382,0.002965,0.067907,-1.5773,0.62643,-0.77527,0.38306,2.0257,-0.023387,-0.78431,0.17776,0.016333,-0.49193,-0.29231,-0.32848,-0.12734,-0.04155,-0.0060895,-0.38671,-1.0145,-0.42972,0.12268,0.087809,-0.12264,-0.043347,-0.7501,-0.91133,-0.58112,-0.010762,0.82366,-0.027438,-1.7095,-2.2567,-0.047344,-1.7283,0.17198,0.065628,-0.50958,-0.13742,0.026214,-0.16405,-0.32938,0.14874,-0.052882,0.35234,-0.62176,0.27262,-0.20954,0.15446,0.031075,1.0576,-0.4836,0.090069,-0.071002,0.26001,-0.011681,0.16772,-0.39083,-2.2827,0.24277,-0.25596,-0.13753,0.27806,2.4978,0.25582,0.15354,0.14493,0.068642,0.089964,-1.2017,-0.47966,0.74682,0.90723,0.055438,0.072759,0.014254,0.01976,0.10246,0.42466,0.41774,0.32156,-0.074173,0.16168,-0.27095,-0.088844,0.01897,0.19787,-0.097651,0.1367,-0.439,-0.17412,0.10598,0.13001,0.17818,-0.21821,0.18691,0.02447,0.018132,0.19565,-0.47044,-0.30606,0.10106,-0.14335,-0.20479,2.0085,-0.43244,0.13215,1.1548
TCGA-09-2055-01A-11-1563-20,OV,Primary,35,0.027966,0.10522,0.16225,1.1634,0.46281,0.33187,0.1344,-0.23377,-1.351,-1.3038,0.78038,0.5901,-0.053606,1.6103,0.41052,-0.010256,-0.80123,-0.86511,-0.015666,0.14293,0.55156,-0.15415,0.3587,-0.013845,-0.46742,0.10171,-0.2919,0.11844,0.1342,0.12707,-1.9424,0.019056,-0.21903,-0.15463,0.22615,0.21065,0.61777,0.37843,0.21267,0.42359,0.059992,-0.13224,0.071867,0.022589,-0.096679,0.40816,0.23719,-0.36155,0.74339,-0.32618,0.29817,-0.0043417,0.072611,0.225,-0.040394,0.2579,-1.1312,0.12722,0.65015,-0.58559,-0.038713,0.068507,-0.26564,-0.068839,-0.26966,0.013879,-0.10695,3.2711,-0.89804,0.24534,-0.043737,-0.51066,-0.074755,0.12298,-0.12299,1.1525,0.5088,0.88901,-0.085502,0.31899,0.10809,0.38956,0.62883,0.88403,-0.10461,-0.29684,0.45539,-0.47917,0.25006,-0.12151,0.62508,0.2436,0.11734,0.67567,0.28888,-1.0673,0.45552,-0.17879,-0.58519,-0.3985,0.23259,-0.93138,-0.69257,0.027538,0.11697,-0.0079449,0.43346,0.10388,0.1286,-0.33652,0.29888,1.82,2.2965,0.32279,-0.32278,-0.44707,-0.090177,-0.051575,0.31169,1.1369,0.10975,-0.5123,0.032508,-2.2945,-1.0188,0.073138,-0.27072,0.71378,2.2637,-0.14961,0.48269,0.15762,0.35816,-0.053729,-0.064803,0.92211,0.59911,0.045958,-0.40085,-0.2127,-0.30342,-0.84959,0.13359,0.43655,0.27294,0.040471,0.06397,-1.7832,0.13501,-0.052721,-1.716,0.12282,-0.055942,-0.62341,-0.19823,0.04671,-0.25022,0.1681,-0.095081,-0.24757,-0.15156,0.68948,0.13199,-0.076804,-0.34593,-0.011055,-0.025013,0.037527,0.36442,0.062649,-0.1037,-0.0058047,-0.025576,-0.84991,-3.4686,0.81689,-0.29128,0.58636,-0.2251,1.8773,0.18408,-0.046622,0.12577,0.078696,0.065181,1.6426,-0.23734,0.27977,-0.15301,-0.071385,-0.13691,-0.018179,-0.085067,0.011018,-0.13643,0.082005,-0.34367,-0.15806,0.053293,0.68341,-0.10489,-0.36571,0.13924,0.1113,-0.11946,0.03925,-0.20959,0.12111,0.33956,0.24772,-0.20555,-0.11018,0.2642,-0.010669,0.42735,-0.4964,-0.91884,-0.042408,-0.15579,-0.51167,-0.24994,-0.058987,-0.27331,-1.503
TCGA-42-2587-01A-21-1563-20,OV,Primary,35,0.10086,-0.1194,-0.030806,0.19001,0.2084,-0.038536,-0.25311,-0.0060331,-0.1477,-0.68086,-0.30247,0.14702,-0.046131,0.32503,1.0986,-0.15787,-0.13464,-0.76362,-0.1998,0.17525,-0.37929,0.071184,-0.18828,0.28875,-0.22146,0.048664,0.72159,-0.053753,0.00056907,-0.77988,-0.40594,0.076102,-0.13222,-0.30441,0.081073,-0.048451,-0.19878,0.2167,0.091352,-0.99561,0.68688,-0.83475,0.023832,-0.49284,-0.24479,0.60188,-1.1266,-0.87389,0.36291,-0.26598,0.041921,-0.06152,-0.21392,1.2348,-0.50462,-0.12922,1.4151,-0.015799,0.71428,-0.32488,-0.25918,0.014197,-0.14481,0.0039231,0.98173,-0.040752,0.65143,2.3606,0.71281,0.27927,0.54703,-0.074645,-0.41503,-0.21777,-0.010499,1.496,0.47278,0.68831,0.095628,0.30376,-0.25754,0.13105,0.062109,0.84694,-0.076845,-0.095541,0.13534,-0.26446,0.17542,-0.013889,0.13334,0.37918,-0.044058,0.18395,0.36771,1.3168,0.75181,-0.2012,-0.1157,-0.077202,0.15142,-0.049587,0.38016,-0.040003,-0.23966,0.078976,0.54888,0.021668,0.048881,-0.41603,-0.043553,0.60748,0.56638,0.088422,0.044087,-0.1085,-0.10332,-0.26448,0.072051,0.4074,0.14438,0.0037057,0.072788,0.4636,-0.007453,0.68099,-0.31422,0.47391,1.3019,0.19597,0.10179,-0.12805,0.25632,-0.16996,-0.26631,0.14071,0.22867,-0.28378,-0.17211,-0.093769,-0.47357,-0.18768,0.024468,-1.3644,0.4652,0.23222,-0.21061,-0.7748,-0.10305,-0.0081818,0.074821,0.52031,-0.1466,1.5319,0.6395,-0.080176,-0.16368,0.040696,-0.11928,-0.080526,-0.077591,-0.24274,-0.27684,0.072665,-0.44789,-0.14511,-0.24091,0.38917,0.28437,0.009957,-0.40277,0.11538,0.11805,0.044423,-0.87028,-0.018007,0.30743,-0.43487,0.26132,0.64942,-0.082349,0.011748,0.059688,0.062941,0.16605,0.35893,-0.11599,-0.60247,-0.38185,-0.34967,-0.32671,0.062455,-0.049172,0.066231,0.036165,0.080074,-0.12122,-0.058899,-0.12597,-0.80926,-0.0018441,0.56284,0.56793,-0.52771,0.19592,0.34115,-0.33851,0.0082911,0.11652,0.22018,-0.075079,-0.079388,-0.22678,-0.032364,0.094307,-0.58598,-0.3598,0.18607,0.45766,-0.36959,1.0995,0.10082,-0.12909,-0.82619
TCGA-25-2398-01A-21-1563-20,OV,Primary,35,0.087715,-0.057411,-0.34152,-0.092368,0.14791,-0.97632,-1.2849,0.23182,-0.093359,-0.97057,-0.10346,0.29854,0.2011,-0.18214,0.27362,-0.17512,-0.25662,-0.67325,-0.20956,0.49751,-0.040801,-0.16719,-0.49626,0.54582,0.07565,0.015927,1.4817,-0.066024,0.17484,-0.71378,-0.61076,0.2092,-0.25878,-0.43781,0.04314,0.077167,0.047885,0.33331,0.19783,-0.70112,0.8784,-1.0054,-0.18945,0.24191,-0.18517,0.89126,-1.9906,-0.69225,-0.35093,-0.27695,-0.33226,-0.0037814,-0.073514,-0.59854,-0.50821,-0.18962,1.7336,-0.38988,0.32013,-0.35163,-0.10037,-0.0080742,-0.02435,-0.38495,1.6671,-0.11018,-0.054881,1.4787,1.0142,0.39352,0.43899,-0.32571,-0.41553,-0.47121,0.13231,1.9522,0.10846,1.5022,-0.081236,0.2566,-0.10113,0.21959,0.39433,0.49463,0.073083,-0.4618,0.019059,-0.0076772,0.3439,0.1323,0.92204,0.43142,-0.053136,0.18576,0.43132,-0.023207,0.94296,-0.5741,-0.20689,-0.11256,0.23629,0.20264,0.36131,0.17075,-0.24826,-0.0078861,0.574,-0.34319,-0.065894,-0.40144,-0.21589,0.68497,0.72663,0.085839,0.10761,-0.18468,-0.070169,-0.34656,0.15932,0.50171,0.034774,0.036939,0.1115,-0.175,0.24346,0.44655,-0.34039,0.43488,0.67354,0.5037,0.29223,-0.11653,0.24405,-0.2335,0.18841,-0.13042,0.26271,-0.043841,-0.20775,-0.0067902,-0.70463,0.39535,-0.078864,-1.5737,0.49562,-0.26306,-0.36294,-2.288,-0.028692,-0.20461,-1.4472,0.4965,-0.34619,-0.59454,0.72372,-0.13069,-0.28155,0.56391,-0.0498,0.030154,-0.12875,0.022772,-0.49292,0.017376,-1.1964,0.066044,-0.40688,0.49088,0.4438,0.21731,-0.30887,0.29393,-0.079573,-0.33548,-0.1576,-0.23273,0.24243,1.0778,0.65301,0.71935,-0.50845,0.065335,-0.091388,-0.11798,0.18328,0.43488,0.084382,-0.26739,-0.35305,-0.26736,-0.098669,0.25129,-0.01424,0.25083,-0.412,-0.41085,-0.020064,0.09832,0.10306,-0.63549,0.30678,0.38195,0.63297,-0.27115,0.4872,0.0098193,-0.28345,-0.054664,-0.032145,0.018488,-0.14031,-0.16627,-0.063758,-0.029555,0.12326,-0.35806,0.079515,0.22227,0.074909,-0.41094,1.2383,0.24426,-0.19698,-1.5033
TCGA-36-1581-01A-03-1563-20,OV,Primary,35,0.20501,0.056178,0.15607,-0.15989,-1.2925,-0.37969,-0.31454,-0.0069026,0.49749,0.17848,-0.83874,-0.91024,-0.23659,-0.073274,-2.149,0.08838,0.13791,-0.22669,-0.37099,-0.2007,-1.2732,0.11622,-0.44878,0.59959,0.11194,0.21258,-0.034076,-0.30001,0.12083,-0.28311,-1.977,0.31168,0.028288,0.26678,0.23504,0.34557,0.049638,0.49726,-0.36551,0.021299,0.89627,1.0435,0.076334,1.0999,0.2055,-0.15186,-1.0106,-0.55619,0.78254,0.065493,0.36009,0.19784,0.058803,-0.42865,-0.38309,-0.33244,1.4322,-0.11639,0.21208,-0.28991,-0.50333,-0.7235,0.036469,0.50216,0.16378,0.10665,0.94347,1.5497,-0.59815,-0.25007,0.59042,-0.23948,-0.95053,0.19614,0.0057087,0.82636,0.4191,-0.3076,0.3514,0.24649,-0.6711,-0.068781,0.36092,-0.065774,-1.3745,0.26076,0.4773,0.019682,1.0964,0.21857,0.21526,-0.20121,-0.32969,-0.13124,-0.037317,1.4967,-1.0363,0.55087,-0.032846,0.094139,-0.60412,-1.5839,-0.55299,0.060227,-0.21629,0.50798,-0.10315,-1.8223,0.24038,0.26297,-2.0532,0.23749,0.0064091,0.22013,-0.050293,-0.45197,-0.029764,0.0059909,1.0717,0.3059,-0.4056,-0.18098,0.47009,-0.42911,-0.58815,-1.353,-0.44688,0.18667,0.228,-0.2793,0.1494,0.038125,0.082797,0.48014,-0.46197,-0.51771,0.2029,-0.97489,-0.38494,0.034653,-0.0015118,-0.27902,-0.28128,-1.1725,0.057496,-0.24737,0.59843,-1.8879,-0.36538,-0.068766,-1.0855,-0.48768,0.56998,1.1399,0.63018,0.10331,-0.22969,-0.14424,0.043477,0.52099,-0.06073,-0.52582,0.014196,0.34159,0.28123,-0.10445,-1.956,-0.75355,0.23573,0.24573,-0.017564,0.34981,0.019972,-0.33638,-2.8455,0.39142,0.017582,-1.572,-0.0070768,-0.16674,-0.053427,0.14397,-0.034112,0.12964,0.15154,0.49974,-0.84268,-0.025423,-1.6876,-0.69446,-0.02609,0.0313,0.10341,-0.2011,-1.0305,-1.0466,-0.20831,0.07904,0.081852,-0.31337,-0.1027,0.29436,0.0024145,0.20868,-0.050229,-1.102,0.063038,-0.26333,-0.12289,0.39158,-0.40508,0.5993,-0.027667,0.067188,-0.075597,-0.59367,-0.19222,0.19393,0.01585,-0.38224,1.5864,-0.017774,0.48605,-1.1097
TCGA-57-1586-01A-03-1563-20,OV,Primary,35,0.12604,-0.40973,-0.21891,-0.60442,0.72056,-0.6084,-0.67038,-0.23889,-1.407,-1.2594,-0.68367,0.071818,0.83834,0.62422,0.15776,-0.18022,-0.61104,-0.15859,-0.29978,-0.068786,-0.15233,-0.0043514,1.4312,-0.036611,-0.16052,0.080229,0.44333,0.0042599,-0.17808,-0.90127,-1.5566,0.2368,-0.38955,-0.26638,-0.067508,-0.14611,-0.025128,0.22437,0.1176,1.7014,0.2503,-0.42491,-0.11269,0.6013,-0.47458,0.18901,0.15586,-0.44293,0.63411,-0.20337,-0.034851,-0.13856,-0.34974,1.3319,-0.36207,-0.45738,-0.75298,-0.050406,1.0877,0.035082,-0.19727,-1.6869,0.10916,0.17022,-0.030739,-0.019751,0.52377,2.0318,-0.38504,-0.25627,-0.28488,-0.71985,0.58952,-0.28932,-0.17969,-0.84646,-0.45844,-0.65869,-0.24198,0.18741,-0.079098,-0.049231,0.37896,-0.45666,-0.797,0.19629,-0.036811,-0.078833,0.1349,-0.27407,-1.4274,0.77051,-0.33502,0.029937,-0.034217,-0.71276,-0.11652,-0.42235,-0.39212,-0.30296,0.17833,-1.1303,-0.55053,0.044622,0.28293,-0.17399,-0.29914,-0.12972,-0.079736,-0.62047,-0.133,-1.067,-0.70894,0.031824,0.08935,-0.23805,-0.092685,-0.22688,0.095871,-0.45542,0.17339,-0.17693,0.0083293,0.85139,-0.32323,-0.96806,0.42452,0.048048,-0.25556,0.31884,-0.4161,-0.31221,0.010628,-0.022397,0.28711,-0.26418,0.0050336,0.55556,0.011324,0.025257,-0.11345,-0.37039,0.6921,-0.48254,-0.2866,0.26721,-0.17929,-1.6025,-1.2494,0.23155,-1.0741,0.22677,0.41255,-0.2629,-0.23589,0.039661,-0.077249,0.26893,0.080631,0.36947,-0.23681,-0.93673,-0.12124,0.16421,1.1143,-0.10554,0.556,0.12985,-0.17516,0.23121,0.17787,0.23718,-0.28962,-0.75722,-1.4314,0.29908,-0.2277,1.7639,-0.039341,1.3136,0.60934,0.39362,0.15937,0.40763,0.3563,-0.031798,-0.096358,0.54828,0.3261,0.25905,0.53864,-0.075403,0.006712,-0.13504,0.29095,0.33941,0.61031,-0.1275,0.05598,0.26857,0.036433,0.17018,0.13131,1.0828,0.63026,1.0988,0.29251,-0.012656,-0.24239,0.16594,-0.082753,0.20919,0.30563,0.18111,0.20661,0.30107,0.5061,0.31771,0.309,0.11483,1.95,0.11028,0.2575,0.9718
TCGA-29-2414-01A-31-2214-20,OV,Primary,54,-0.23305,-0.13403,0.052218,0.86869,0.072686,-0.70986,-2.1204,0.41291,1.3134,0.69285,-0.27762,-0.37092,0.96433,-0.14762,0.016634,-0.38726,-0.083676,-0.33754,0.43629,-0.11934,0.69125,0.03601,0.17014,0.45378,-0.010013,-0.27866,0.81125,-0.19392,0.075541,-0.69476,0.17257,-0.28617,-0.26173,-0.17445,0.062545,0.048841,0.16054,0.39748,-0.16624,0.40939,0.82562,-0.99499,0.57618,-0.55109,0.11883,0.72558,-0.072537,-0.5129,0.097592,-0.51354,0.5523,0.15128,-0.29092,1.9896,-0.091927,-0.05519,0.89811,0.038333,0.82654,-0.034616,-0.27385,0.20176,0.36737,0.94084,-0.066255,0.055734,0.82883,1.0208,-0.56015,0.50654,0.89807,0.20482,0.20203,-0.36024,0.054618,2.1659,-0.017264,0.42928,0.016766,0.051533,0.3078,0.35464,0.049111,0.32408,-0.25656,-0.29944,-0.20642,0.030275,-0.010369,0.09722,0.4892,0.55641,0.15443,0.85468,0.1841,0.75377,1.8113,-0.19351,-0.33606,-0.10724,0.052163,0.018748,0.14994,-0.12049,-0.088828,0.36213,0.85876,0.46065,0.0016316,-0.067035,-0.66558,0.68291,1.2854,0.20217,-0.49222,0.060625,-0.089986,-0.26643,0.22716,0.74284,0.24237,0.47522,-0.023395,0.79867,0.37023,0.23467,-0.19094,0.067875,-0.14943,1.1283,0.5345,-0.097524,-0.10597,-0.047792,-0.127,-0.17631,0.42541,-0.302,-0.18497,0.78724,-0.48466,1.3282,-0.041248,-1.2499,0.06055,-0.13842,-0.31604,0.1496,0.3291,0.31303,0.37728,0.22553,-0.23396,0.39654,1.331,-0.10595,-0.50646,0.43997,-0.033241,0.99158,-0.27279,0.13911,-0.54954,0.09909,-0.73777,0.54691,0.097991,0.44948,0.51397,-0.17197,-0.23743,0.25965,0.20086,-0.46554,-1.5379,0.15922,0.54559,0.68809,0.034097,0.87671,-0.38183,0.052282,-0.016921,0.063091,0.15353,0.34034,-0.00016979,NA,NA,-0.19184,-0.61957,0.6834,0.11408,0.35117,-0.20792,-0.23873,-0.24647,0.51793,-0.075128,-0.61563,0.12904,NA,NA,NA,NA,-1.4615,-1.0519,-0.67267,-0.47421,-0.10805,-0.31768,-0.28505,-0.42701,-0.19091,-0.33634,-0.67594,-1.0172,-0.2727,-0.31041,-0.47094,-0.018989,-0.79699,-0.20524,NA
TCGA-29-1710-01A-31-2214-20,OV,Primary,54,-0.24107,-0.38156,-0.074182,-0.48107,-0.095129,-0.61035,-1.0662,-0.001762,-0.75742,-0.70365,-0.13746,0.27668,0.0067341,0.13369,0.2645,-0.20278,0.29831,-0.23035,0.056336,0.067971,0.072466,0.49112,0.73337,0.15392,0.25833,0.036234,0.23349,0.29366,0.077998,0.32157,-0.56419,0.024199,-0.44204,0.087096,0.51175,0.058565,-0.048815,0.35955,-0.075284,1.6274,0.042682,-0.79476,0.14095,1.5169,-0.22391,0.70355,0.402,-0.36213,0.64701,0.52102,0.44616,-0.07921,0.039763,0.12518,-0.35999,-0.096054,1.7566,0.17696,0.35485,-0.14657,-0.30702,-0.58567,0.28821,0.38451,0.13718,0.3093,0.60951,0.87399,0.58808,0.020374,0.42018,-0.1754,0.13831,0.30709,0.082452,0.45763,0.35443,0.23123,-0.047231,0.40069,0.2001,0.15767,0.87002,0.27591,-0.12573,0.33779,0.028271,0.22019,-0.035565,-0.21451,-0.1451,0.51392,-0.087797,0.15731,0.12293,-0.64261,0.69773,-0.45559,-0.33483,-0.0092106,0.097483,-0.39734,-0.25826,0.025213,-0.080468,-0.13022,0.36954,0.06476,-0.022605,-0.18888,-0.33379,0.59092,0.73995,-0.18127,-0.090546,-0.29541,-0.14221,-0.35066,0.51512,-0.36177,-0.018898,1.0577,0.50741,0.22993,0.17514,-0.3448,-0.09438,-0.052896,-0.15257,0.54152,0.45373,-0.037889,-0.22325,-0.049277,0.07032,-0.058321,0.34861,-0.33072,0.2195,0.086267,-0.34846,0.26146,0.28873,-1.6347,0.3448,-0.19659,-0.33668,-0.72187,-0.29453,-0.17431,0.45173,0.30562,-0.14174,0.16149,0.12909,0.16797,0.50331,0.90325,0.06143,0.25878,-0.41843,0.13327,-0.072782,-0.0026256,0.37212,0.008953,0.12429,0.35508,0.04793,-0.45295,-0.2612,0.62072,0.12943,-0.61792,-0.22809,-0.039212,-0.21747,1.2359,-0.080345,0.21229,0.39462,0.16936,-0.18046,0.17431,-0.15368,0.37165,0.47952,NA,NA,0.040981,-0.51196,-0.0029412,-0.15244,-0.10471,-0.21348,-0.37367,-0.1801,0.087207,-0.039834,-0.41033,-0.11471,NA,NA,NA,NA,-1.1615,-0.792,-0.47394,-0.25937,-0.033477,-0.19869,-0.18356,-0.28402,0.20193,-0.085957,-0.28197,-0.82656,-0.13759,-0.18246,-0.2793,0.82306,-0.57203,-0.0070766,NA
TCGA-61-2008-01A-31-2214-20,OV,Primary,54,-0.18794,-0.7668,-0.39693,0.3762,-0.26921,-1.0504,-1.6796,0.20157,0.46846,0.33132,-0.5183,-0.53924,0.5877,-0.74677,0.34587,0.067342,-0.54122,-0.737,-0.35038,-0.13228,-0.015593,0.47047,-1.0479,0.14353,0.38457,-0.068174,-0.045682,-0.019882,0.3726,-0.81034,1.719,-0.14369,-0.42386,-0.21653,0.32336,-0.16584,-1.0873,0.10363,-0.14416,-1.2217,0.86426,-2.2027,0.38987,-0.78057,-0.41467,-0.10221,-2.9973,-0.88244,-0.49462,0.19815,0.092751,0.64499,-0.3681,-0.25199,-0.062879,-0.26358,0.61877,0.024787,0.34256,-0.024262,-0.50691,0.16452,0.12457,0.76088,-0.96225,0.1992,0.9273,0.94964,-0.4916,0.27502,1.1724,-0.15633,-0.36897,-0.61514,0.22059,2.3669,-0.095101,0.4873,0.10335,0.36263,-0.026945,0.33443,0.49359,0.50162,-0.31933,-0.010492,-0.12164,-0.20094,0.1967,-0.365,0.73458,0.2993,-0.038496,1.6252,0.13415,-0.24606,1.7754,-0.81949,-0.49618,-0.82195,-0.22174,0.92633,1.1089,0.049617,0.61642,0.2471,0.56769,-0.41982,0.51263,-1.0597,-0.67403,0.94442,1.3603,0.27487,-0.4422,-0.13784,-0.13218,0.20215,0.12946,1.4921,1.5061,0.20213,0.35958,-1.233,0.36651,-0.092768,-0.38317,0.88042,1.1197,0.74332,0.57373,-0.16073,-0.25621,1.0481,0.094217,-1.0911,0.26215,-0.61786,-0.04525,1.0757,-0.15752,0.81918,-0.40686,-2.0268,0.14061,-0.43713,-0.24975,-2.6018,0.26734,-0.15254,2.2036,0.0017815,-0.022082,0.85275,0.56148,0.0022538,-0.64599,1.217,-0.12053,0.30541,-0.52176,0.15373,-0.68997,1.2081,-1.0374,-0.26194,-0.78529,0.66849,0.53489,-0.17193,-0.36873,0.46442,-0.11908,-0.33899,-1.9608,0.21382,0.52194,-1.4371,0.79949,-1.1462,-0.56725,0.17854,-0.63435,0.50394,0.59239,-0.071783,-0.90046,NA,NA,-0.52279,-0.6782,0.50403,0.08755,0.21793,-0.373,-0.33973,-0.10356,0.90784,-0.086831,-1.1725,0.34201,NA,NA,NA,NA,-1.2426,0.17624,0.34806,-0.61967,0.43894,0.19194,0.22347,0.29997,-0.0018266,-0.41556,-0.72217,0.23008,0.44981,0.47267,0.37265,-0.73602,0.55489,0.9562,NA
